<?xml version="1.0" encoding="UTF-8"?>
<osm version="0.6" generator="openstreetmap-cgimap 2.1.0 (244683 spike-07.openstreetmap.org)" copyright="OpenStreetMap and contributors" attribution="http://www.openstreetmap.org/copyright" license="http://opendatacommons.org/licenses/odbl/1-0/">
 <bounds minlat="43.1200800" minlon="131.9036500" maxlat="43.1226600" maxlon="131.9070900"/>
 <node id="279211637" visible="true" version="7" changeset="46515090" timestamp="2017-03-02T08:08:21Z" user="Hrs_365" uid="3464009" lat="43.1216823" lon="131.9066696"/>
 <node id="393161946" visible="true" version="10" changeset="185841926" timestamp="2026-07-16T12:09:02Z" user="user_24286090" uid="24286090" lat="43.1226148" lon="131.9044680">
  <tag k="man_made" v="surveillance"/>
 </node>
 <node id="408744756" visible="true" version="10" changeset="74601947" timestamp="2019-09-18T00:23:30Z" user="Vasiljeva" uid="10050069" lat="43.1195166" lon="131.9078771"/>
 <node id="420794842" visible="true" version="6" changeset="74601947" timestamp="2019-09-18T00:23:30Z" user="Vasiljeva" uid="10050069" lat="43.1249844" lon="131.9059908"/>
 <node id="420794843" visible="true" version="5" changeset="74601947" timestamp="2019-09-18T00:23:30Z" user="Vasiljeva" uid="10050069" lat="43.1233888" lon="131.9049893"/>
 <node id="441707663" visible="true" version="5" changeset="74934543" timestamp="2019-09-26T02:52:09Z" user="Vasiljeva" uid="10050069" lat="43.1218142" lon="131.9038901"/>
 <node id="615091417" visible="true" version="7" changeset="50930719" timestamp="2017-08-08T00:01:56Z" user="Sasha_SH" uid="4988915" lat="43.1246714" lon="131.9087638"/>
 <node id="653020831" visible="true" version="13" changeset="163472164" timestamp="2025-03-11T07:27:26Z" user="Александр Синявский" uid="3798127" lat="43.1227134" lon="131.9045365">
  <tag k="button_operated" v="yes"/>
  <tag k="crossing" v="traffic_signals"/>
  <tag k="highway" v="crossing"/>
  <tag k="tactile_paving" v="no"/>
 </node>
 <node id="752186184" visible="true" version="7" changeset="185841926" timestamp="2026-07-16T12:09:02Z" user="user_24286090" uid="24286090" lat="43.1218575" lon="131.9068536">
  <tag k="man_made" v="surveillance"/>
 </node>
 <node id="752186228" visible="true" version="9" changeset="72245278" timestamp="2019-07-15T01:03:17Z" user="Vasiljeva" uid="10050069" lat="43.1221758" lon="131.9059809"/>
 <node id="752186229" visible="true" version="9" changeset="72245278" timestamp="2019-07-15T01:03:17Z" user="Vasiljeva" uid="10050069" lat="43.1223013" lon="131.9060236"/>
 <node id="752186230" visible="true" version="9" changeset="72245278" timestamp="2019-07-15T01:03:17Z" user="Vasiljeva" uid="10050069" lat="43.1221776" lon="131.9064583"/>
 <node id="752186231" visible="true" version="11" changeset="72245278" timestamp="2019-07-15T01:03:17Z" user="Vasiljeva" uid="10050069" lat="43.1221802" lon="131.9068431"/>
 <node id="752186232" visible="true" version="10" changeset="72245278" timestamp="2019-07-15T01:03:17Z" user="Vasiljeva" uid="10050069" lat="43.1221422" lon="131.9068815"/>
 <node id="752186233" visible="true" version="9" changeset="72245278" timestamp="2019-07-15T01:03:17Z" user="Vasiljeva" uid="10050069" lat="43.1220630" lon="131.9064108"/>
 <node id="844644521" visible="true" version="10" changeset="154594614" timestamp="2024-07-30T08:58:25Z" user="Zenfiric" uid="182327" lat="43.1253360" lon="131.9062099">
  <tag k="bus" v="yes"/>
  <tag k="name" v="Владивостокский Государственный Университет"/>
  <tag k="public_transport" v="stop_position"/>
 </node>
 <node id="844644528" visible="true" version="12" changeset="154594614" timestamp="2024-07-30T08:58:25Z" user="Zenfiric" uid="182327" lat="43.1220870" lon="131.9070373">
  <tag k="bus" v="yes"/>
  <tag k="name" v="Некрасовская, 50"/>
  <tag k="public_transport" v="stop_position"/>
 </node>
 <node id="1143941083" visible="true" version="8" changeset="72251503" timestamp="2019-07-15T07:23:51Z" user="Vasiljeva" uid="10050069" lat="43.1202571" lon="131.9073995"/>
 <node id="1143941085" visible="true" version="7" changeset="72251503" timestamp="2019-07-15T07:23:51Z" user="Vasiljeva" uid="10050069" lat="43.1204271" lon="131.9070369"/>
 <node id="1143941088" visible="true" version="6" changeset="72251503" timestamp="2019-07-15T07:23:51Z" user="Vasiljeva" uid="10050069" lat="43.1206215" lon="131.9072886"/>
 <node id="1143941091" visible="true" version="8" changeset="72251503" timestamp="2019-07-15T07:23:51Z" user="Vasiljeva" uid="10050069" lat="43.1204097" lon="131.9073419"/>
 <node id="1143941093" visible="true" version="6" changeset="72251503" timestamp="2019-07-15T07:23:51Z" user="Vasiljeva" uid="10050069" lat="43.1203354" lon="131.9070967"/>
 <node id="1143941105" visible="true" version="6" changeset="72251503" timestamp="2019-07-15T07:23:51Z" user="Vasiljeva" uid="10050069" lat="43.1202558" lon="131.9071469"/>
 <node id="1143941106" visible="true" version="7" changeset="72251503" timestamp="2019-07-15T07:23:51Z" user="Vasiljeva" uid="10050069" lat="43.1206204" lon="131.9070352"/>
 <node id="1176216844" visible="true" version="5" changeset="72245278" timestamp="2019-07-15T01:03:17Z" user="Vasiljeva" uid="10050069" lat="43.1206888" lon="131.9050880"/>
 <node id="1176216846" visible="true" version="5" changeset="72245278" timestamp="2019-07-15T01:03:17Z" user="Vasiljeva" uid="10050069" lat="43.1205789" lon="131.9047010"/>
 <node id="1176216861" visible="true" version="5" changeset="72245278" timestamp="2019-07-15T01:03:17Z" user="Vasiljeva" uid="10050069" lat="43.1207814" lon="131.9049418"/>
 <node id="1176216866" visible="true" version="5" changeset="72245278" timestamp="2019-07-15T01:03:17Z" user="Vasiljeva" uid="10050069" lat="43.1205001" lon="131.9048253"/>
 <node id="1176222354" visible="true" version="6" changeset="72245278" timestamp="2019-07-15T01:03:17Z" user="Vasiljeva" uid="10050069" lat="43.1213893" lon="131.9060221"/>
 <node id="1176222365" visible="true" version="6" changeset="72245278" timestamp="2019-07-15T01:03:17Z" user="Vasiljeva" uid="10050069" lat="43.1214558" lon="131.9061933"/>
 <node id="1176222368" visible="true" version="6" changeset="72245278" timestamp="2019-07-15T01:03:17Z" user="Vasiljeva" uid="10050069" lat="43.1213521" lon="131.9060982"/>
 <node id="1176222370" visible="true" version="6" changeset="72245278" timestamp="2019-07-15T01:03:17Z" user="Vasiljeva" uid="10050069" lat="43.1214929" lon="131.9061172"/>
 <node id="1176228095" visible="true" version="7" changeset="72245278" timestamp="2019-07-15T01:03:17Z" user="Vasiljeva" uid="10050069" lat="43.1210168" lon="131.9048651"/>
 <node id="1176228098" visible="true" version="7" changeset="72245278" timestamp="2019-07-15T01:03:17Z" user="Vasiljeva" uid="10050069" lat="43.1210939" lon="131.9046797"/>
 <node id="1176228102" visible="true" version="7" changeset="72245278" timestamp="2019-07-15T01:03:17Z" user="Vasiljeva" uid="10050069" lat="43.1206940" lon="131.9045724"/>
 <node id="1176228105" visible="true" version="7" changeset="72245278" timestamp="2019-07-15T01:03:17Z" user="Vasiljeva" uid="10050069" lat="43.1208259" lon="131.9044006"/>
 <node id="1176244953" visible="true" version="6" changeset="72251503" timestamp="2019-07-15T07:23:51Z" user="Vasiljeva" uid="10050069" lat="43.1201659" lon="131.9051430"/>
 <node id="1176244954" visible="true" version="6" changeset="72251503" timestamp="2019-07-15T07:23:51Z" user="Vasiljeva" uid="10050069" lat="43.1203328" lon="131.9052376"/>
 <node id="1176244955" visible="true" version="6" changeset="72251503" timestamp="2019-07-15T07:23:51Z" user="Vasiljeva" uid="10050069" lat="43.1202252" lon="131.9050713"/>
 <node id="1176244956" visible="true" version="6" changeset="72251503" timestamp="2019-07-15T07:23:51Z" user="Vasiljeva" uid="10050069" lat="43.1202629" lon="131.9052928"/>
 <node id="1176253898" visible="true" version="5" changeset="72251503" timestamp="2019-07-15T07:23:51Z" user="Vasiljeva" uid="10050069" lat="43.1206952" lon="131.9060708"/>
 <node id="1176253900" visible="true" version="6" changeset="72251503" timestamp="2019-07-15T07:23:51Z" user="Vasiljeva" uid="10050069" lat="43.1207521" lon="131.9057902"/>
 <node id="1176253903" visible="true" version="6" changeset="72251503" timestamp="2019-07-15T07:23:51Z" user="Vasiljeva" uid="10050069" lat="43.1206916" lon="131.9062957"/>
 <node id="1176253906" visible="true" version="6" changeset="72251503" timestamp="2019-07-15T07:23:51Z" user="Vasiljeva" uid="10050069" lat="43.1208432" lon="131.9058745"/>
 <node id="1176253910" visible="true" version="6" changeset="72251503" timestamp="2019-07-15T07:23:51Z" user="Vasiljeva" uid="10050069" lat="43.1206524" lon="131.9061234"/>
 <node id="1176253912" visible="true" version="5" changeset="72251503" timestamp="2019-07-15T07:23:51Z" user="Vasiljeva" uid="10050069" lat="43.1207388" lon="131.9062481"/>
 <node id="1205675932" visible="true" version="5" changeset="72411435" timestamp="2019-07-19T02:41:25Z" user="Vasiljeva" uid="10050069" lat="43.1222028" lon="131.9035562"/>
 <node id="1205675933" visible="true" version="5" changeset="72411435" timestamp="2019-07-19T02:41:25Z" user="Vasiljeva" uid="10050069" lat="43.1222655" lon="131.9036799"/>
 <node id="1205675937" visible="true" version="8" changeset="72245278" timestamp="2019-07-15T01:03:17Z" user="Vasiljeva" uid="10050069" lat="43.1227087" lon="131.9053097"/>
 <node id="1205675940" visible="true" version="5" changeset="72411435" timestamp="2019-07-19T02:41:25Z" user="Vasiljeva" uid="10050069" lat="43.1225027" lon="131.9037526"/>
 <node id="1205675943" visible="true" version="8" changeset="72245278" timestamp="2019-07-15T01:03:17Z" user="Vasiljeva" uid="10050069" lat="43.1225976" lon="131.9056438"/>
 <node id="1205675955" visible="true" version="8" changeset="72245278" timestamp="2019-07-15T01:03:17Z" user="Vasiljeva" uid="10050069" lat="43.1226310" lon="131.9051504"/>
 <node id="1205675958" visible="true" version="5" changeset="72411435" timestamp="2019-07-19T02:41:25Z" user="Vasiljeva" uid="10050069" lat="43.1223823" lon="131.9037578"/>
 <node id="1205675961" visible="true" version="8" changeset="72245278" timestamp="2019-07-15T01:03:17Z" user="Vasiljeva" uid="10050069" lat="43.1227362" lon="131.9053278"/>
 <node id="1205675964" visible="true" version="5" changeset="72411435" timestamp="2019-07-19T02:41:25Z" user="Vasiljeva" uid="10050069" lat="43.1224262" lon="131.9039678"/>
 <node id="1205675968" visible="true" version="8" changeset="72245278" timestamp="2019-07-15T01:03:17Z" user="Vasiljeva" uid="10050069" lat="43.1224838" lon="131.9055686"/>
 <node id="1205675974" visible="true" version="5" changeset="72411435" timestamp="2019-07-19T02:41:25Z" user="Vasiljeva" uid="10050069" lat="43.1222890" lon="131.9036137"/>
 <node id="1205675991" visible="true" version="8" changeset="72245278" timestamp="2019-07-15T01:03:17Z" user="Vasiljeva" uid="10050069" lat="43.1227396" lon="131.9052221"/>
 <node id="1205675993" visible="true" version="8" changeset="72245278" timestamp="2019-07-15T01:03:17Z" user="Vasiljeva" uid="10050069" lat="43.1226233" lon="131.9055709"/>
 <node id="1205675994" visible="true" version="5" changeset="72411435" timestamp="2019-07-19T02:41:25Z" user="Vasiljeva" uid="10050069" lat="43.1224068" lon="131.9036888"/>
 <node id="1205675996" visible="true" version="8" changeset="72245278" timestamp="2019-07-15T01:03:17Z" user="Vasiljeva" uid="10050069" lat="43.1226455" lon="131.9055855"/>
 <node id="1205675998" visible="true" version="5" changeset="72411435" timestamp="2019-07-19T02:41:25Z" user="Vasiljeva" uid="10050069" lat="43.1221274" lon="131.9037685"/>
 <node id="1217372199" visible="true" version="2" changeset="46515225" timestamp="2017-03-02T08:09:07Z" user="Hrs_365" uid="3464009" lat="43.1241885" lon="131.9054874"/>
 <node id="1342037198" visible="true" version="1" changeset="8569122" timestamp="2011-06-28T08:01:35Z" user="progserega" uid="127372" lat="43.1227387" lon="131.8960942">
  <tag k="power" v="tower"/>
 </node>
 <node id="1377433583" visible="true" version="2" changeset="12627455" timestamp="2012-08-05T23:20:08Z" user="Paspartu" uid="393964" lat="43.1245391" lon="131.8872334">
  <tag k="power" v="tower"/>
 </node>
 <node id="1468857041" visible="true" version="5" changeset="72411435" timestamp="2019-07-19T02:41:25Z" user="Vasiljeva" uid="10050069" lat="43.1197685" lon="131.8993798"/>
 <node id="1508164995" visible="true" version="3" changeset="72166668" timestamp="2019-07-12T07:51:41Z" user="kashcheeva" uid="3808237" lat="43.1211899" lon="131.9061214"/>
 <node id="1612676904" visible="true" version="2" changeset="12627455" timestamp="2012-08-05T23:20:08Z" user="Paspartu" uid="393964" lat="43.1243269" lon="131.8861922">
  <tag k="power" v="tower"/>
 </node>
 <node id="1619988703" visible="true" version="2" changeset="12500362" timestamp="2012-07-26T15:05:22Z" user="Paspartu" uid="393964" lat="43.1162381" lon="131.9463012">
  <tag k="power" v="tower"/>
 </node>
 <node id="1707920515" visible="true" version="2" changeset="11233547" timestamp="2012-04-09T06:12:34Z" user="Paspartu" uid="393964" lat="43.1212732" lon="131.9108622">
  <tag k="power" v="tower"/>
 </node>
 <node id="1707920516" visible="true" version="2" changeset="11233547" timestamp="2012-04-09T06:12:34Z" user="Paspartu" uid="393964" lat="43.1213481" lon="131.9118440">
  <tag k="power" v="tower"/>
 </node>
 <node id="1724795241" visible="true" version="3" changeset="12120755" timestamp="2012-07-05T13:58:23Z" user="Paspartu" uid="393964" lat="43.1211564" lon="131.9099815">
  <tag k="power" v="tower"/>
 </node>
 <node id="1724795242" visible="true" version="1" changeset="11369826" timestamp="2012-04-21T01:03:47Z" user="Paspartu" uid="393964" lat="43.1213770" lon="131.9126171">
  <tag k="power" v="tower"/>
 </node>
 <node id="1724795243" visible="true" version="1" changeset="11369826" timestamp="2012-04-21T01:03:47Z" user="Paspartu" uid="393964" lat="43.1215891" lon="131.9140695">
  <tag k="power" v="tower"/>
 </node>
 <node id="1724795244" visible="true" version="1" changeset="11369826" timestamp="2012-04-21T01:03:47Z" user="Paspartu" uid="393964" lat="43.1217954" lon="131.9156327">
  <tag k="power" v="tower"/>
 </node>
 <node id="1724795245" visible="true" version="1" changeset="11369826" timestamp="2012-04-21T01:03:47Z" user="Paspartu" uid="393964" lat="43.1220391" lon="131.9206027">
  <tag k="power" v="tower"/>
 </node>
 <node id="1724795246" visible="true" version="1" changeset="11369826" timestamp="2012-04-21T01:03:47Z" user="Paspartu" uid="393964" lat="43.1222816" lon="131.9169144">
  <tag k="power" v="tower"/>
 </node>
 <node id="1724795247" visible="true" version="1" changeset="11369826" timestamp="2012-04-21T01:03:47Z" user="Paspartu" uid="393964" lat="43.1223568" lon="131.9193840">
  <tag k="power" v="tower"/>
 </node>
 <node id="1724795248" visible="true" version="1" changeset="11369826" timestamp="2012-04-21T01:03:47Z" user="Paspartu" uid="393964" lat="43.1224114" lon="131.9261959">
  <tag k="power" v="tower"/>
 </node>
 <node id="1724795249" visible="true" version="1" changeset="11369826" timestamp="2012-04-21T01:03:47Z" user="Paspartu" uid="393964" lat="43.1227095" lon="131.9180575">
  <tag k="power" v="tower"/>
 </node>
 <node id="1724795250" visible="true" version="1" changeset="11369826" timestamp="2012-04-21T01:03:47Z" user="Paspartu" uid="393964" lat="43.1233899" lon="131.9230328">
  <tag k="power" v="tower"/>
 </node>
 <node id="1737160584" visible="true" version="2" changeset="74286327" timestamp="2019-09-10T02:49:07Z" user="Vasiljeva" uid="10050069" lat="43.1207575" lon="131.9022051"/>
 <node id="1737160593" visible="true" version="3" changeset="29097119" timestamp="2015-02-25T17:59:18Z" user="LexIgnatov" uid="316868" lat="43.1207202" lon="131.9031948"/>
 <node id="1737160594" visible="true" version="6" changeset="46515225" timestamp="2017-03-02T08:09:29Z" user="Hrs_365" uid="3464009" lat="43.1216629" lon="131.9037999"/>
 <node id="1809515347" visible="true" version="6" changeset="46515225" timestamp="2017-03-02T08:09:34Z" user="Hrs_365" uid="3464009" lat="43.1201766" lon="131.9027682"/>
 <node id="1813827833" visible="true" version="1" changeset="12120755" timestamp="2012-07-05T13:58:22Z" user="Paspartu" uid="393964" lat="43.1213931" lon="131.9089265">
  <tag k="power" v="tower"/>
 </node>
 <node id="1813827836" visible="true" version="1" changeset="12120755" timestamp="2012-07-05T13:58:22Z" user="Paspartu" uid="393964" lat="43.1216245" lon="131.9079408">
  <tag k="power" v="tower"/>
 </node>
 <node id="1813827839" visible="true" version="1" changeset="12120755" timestamp="2012-07-05T13:58:22Z" user="Paspartu" uid="393964" lat="43.1222083" lon="131.9058063">
  <tag k="power" v="tower"/>
 </node>
 <node id="1813827841" visible="true" version="1" changeset="12120755" timestamp="2012-07-05T13:58:22Z" user="Paspartu" uid="393964" lat="43.1223119" lon="131.9281750">
  <tag k="power" v="tower"/>
 </node>
 <node id="1813827845" visible="true" version="1" changeset="12120755" timestamp="2012-07-05T13:58:22Z" user="Paspartu" uid="393964" lat="43.1230319" lon="131.9032980">
  <tag k="power" v="tower"/>
 </node>
 <node id="1813827846" visible="true" version="1" changeset="12120755" timestamp="2012-07-05T13:58:22Z" user="Paspartu" uid="393964" lat="43.1232658" lon="131.8994410">
  <tag k="power" v="tower"/>
 </node>
 <node id="1813827847" visible="true" version="1" changeset="12120755" timestamp="2012-07-05T13:58:22Z" user="Paspartu" uid="393964" lat="43.1233997" lon="131.9008669">
  <tag k="power" v="tower"/>
 </node>
 <node id="1813827848" visible="true" version="1" changeset="12120755" timestamp="2012-07-05T13:58:22Z" user="Paspartu" uid="393964" lat="43.1235335" lon="131.9025668">
  <tag k="power" v="tower"/>
 </node>
 <node id="1813840125" visible="true" version="1" changeset="12120831" timestamp="2012-07-05T14:05:59Z" user="Paspartu" uid="393964" lat="43.1164011" lon="131.9395055">
  <tag k="power" v="tower"/>
 </node>
 <node id="1813840126" visible="true" version="1" changeset="12120831" timestamp="2012-07-05T14:05:59Z" user="Paspartu" uid="393964" lat="43.1168636" lon="131.9361228">
  <tag k="power" v="tower"/>
 </node>
 <node id="1813840127" visible="true" version="1" changeset="12120831" timestamp="2012-07-05T14:05:59Z" user="Paspartu" uid="393964" lat="43.1183082" lon="131.9339330">
  <tag k="power" v="tower"/>
 </node>
 <node id="1813840129" visible="true" version="1" changeset="12120831" timestamp="2012-07-05T14:05:59Z" user="Paspartu" uid="393964" lat="43.1186585" lon="131.9328715">
  <tag k="power" v="tower"/>
 </node>
 <node id="1813840130" visible="true" version="1" changeset="12120831" timestamp="2012-07-05T14:05:59Z" user="Paspartu" uid="393964" lat="43.1188527" lon="131.9323242">
  <tag k="power" v="tower"/>
 </node>
 <node id="1813840131" visible="true" version="1" changeset="12120831" timestamp="2012-07-05T14:05:59Z" user="Paspartu" uid="393964" lat="43.1197551" lon="131.9320019">
  <tag k="power" v="tower"/>
 </node>
 <node id="1813840132" visible="true" version="1" changeset="12120831" timestamp="2012-07-05T14:05:59Z" user="Paspartu" uid="393964" lat="43.1203989" lon="131.9298578">
  <tag k="power" v="tower"/>
 </node>
 <node id="1823687996" visible="true" version="8" changeset="154607276" timestamp="2024-07-30T13:41:55Z" user="mavl" uid="564990" lat="43.1231971" lon="131.9048661">
  <tag k="bus" v="yes"/>
  <tag k="name" v="Студенческая"/>
  <tag k="public_transport" v="stop_position"/>
  <tag k="source" v="survey"/>
 </node>
 <node id="1823687997" visible="true" version="8" changeset="154607139" timestamp="2024-07-30T13:39:08Z" user="mavl" uid="564990" lat="43.1208351" lon="131.9024024">
  <tag k="bus" v="yes"/>
  <tag k="name" v="Голубиная падь"/>
  <tag k="public_transport" v="stop_position"/>
  <tag k="source" v="survey"/>
 </node>
 <node id="1838845133" visible="true" version="1" changeset="12500362" timestamp="2012-07-26T15:05:20Z" user="Paspartu" uid="393964" lat="43.1156144" lon="131.9444081">
  <tag k="power" v="tower"/>
 </node>
 <node id="1838845134" visible="true" version="1" changeset="12500362" timestamp="2012-07-26T15:05:21Z" user="Paspartu" uid="393964" lat="43.1158544" lon="131.9432333">
  <tag k="power" v="tower"/>
 </node>
 <node id="1838845135" visible="true" version="1" changeset="12500362" timestamp="2012-07-26T15:05:21Z" user="Paspartu" uid="393964" lat="43.1158785" lon="131.9456362">
  <tag k="power" v="tower"/>
 </node>
 <node id="1838845136" visible="true" version="1" changeset="12500362" timestamp="2012-07-26T15:05:21Z" user="Paspartu" uid="393964" lat="43.1160994" lon="131.9418808">
  <tag k="power" v="tower"/>
 </node>
 <node id="1838845137" visible="true" version="1" changeset="12500362" timestamp="2012-07-26T15:05:21Z" user="Paspartu" uid="393964" lat="43.1162643" lon="131.9410626">
  <tag k="power" v="tower"/>
 </node>
 <node id="1838845139" visible="true" version="1" changeset="12500362" timestamp="2012-07-26T15:05:21Z" user="Paspartu" uid="393964" lat="43.1175752" lon="131.9470556">
  <tag k="power" v="tower"/>
 </node>
 <node id="1838845140" visible="true" version="1" changeset="12500362" timestamp="2012-07-26T15:05:21Z" user="Paspartu" uid="393964" lat="43.1176796" lon="131.9536671">
  <tag k="power" v="tower"/>
 </node>
 <node id="1838845141" visible="true" version="1" changeset="12500362" timestamp="2012-07-26T15:05:21Z" user="Paspartu" uid="393964" lat="43.1178063" lon="131.9517905">
  <tag k="power" v="tower"/>
 </node>
 <node id="1838845142" visible="true" version="1" changeset="12500362" timestamp="2012-07-26T15:05:21Z" user="Paspartu" uid="393964" lat="43.1179342" lon="131.9497838">
  <tag k="power" v="tower"/>
 </node>
 <node id="1838845143" visible="true" version="1" changeset="12500362" timestamp="2012-07-26T15:05:21Z" user="Paspartu" uid="393964" lat="43.1179721" lon="131.9478916">
  <tag k="power" v="tower"/>
 </node>
 <node id="1838851878" visible="true" version="1" changeset="12500454" timestamp="2012-07-26T15:15:38Z" user="Paspartu" uid="393964" lat="43.1223260" lon="131.9211365">
  <tag k="power" v="tower"/>
 </node>
 <node id="1853559835" visible="true" version="1" changeset="12627455" timestamp="2012-08-05T23:20:04Z" user="Paspartu" uid="393964" lat="43.1226466" lon="131.8938453">
  <tag k="power" v="tower"/>
 </node>
 <node id="1853559844" visible="true" version="1" changeset="12627455" timestamp="2012-08-05T23:20:05Z" user="Paspartu" uid="393964" lat="43.1229540" lon="131.8919379">
  <tag k="power" v="tower"/>
 </node>
 <node id="1853559847" visible="true" version="1" changeset="12627455" timestamp="2012-08-05T23:20:05Z" user="Paspartu" uid="393964" lat="43.1235954" lon="131.8908536">
  <tag k="power" v="tower"/>
 </node>
 <node id="1853559852" visible="true" version="1" changeset="12627455" timestamp="2012-08-05T23:20:05Z" user="Paspartu" uid="393964" lat="43.1239995" lon="131.8896328">
  <tag k="power" v="tower"/>
 </node>
 <node id="1877236637" visible="true" version="4" changeset="46515225" timestamp="2017-03-02T08:09:38Z" user="Hrs_365" uid="3464009" lat="43.1225304" lon="131.9072125"/>
 <node id="1877236638" visible="true" version="3" changeset="46515225" timestamp="2017-03-02T08:09:38Z" user="Hrs_365" uid="3464009" lat="43.1239051" lon="131.9078975"/>
 <node id="1877430004" visible="true" version="7" changeset="74601947" timestamp="2019-09-18T00:23:30Z" user="Vasiljeva" uid="10050069" lat="43.1200051" lon="131.9041887"/>
 <node id="1884712416" visible="true" version="3" changeset="72166668" timestamp="2019-07-12T07:51:41Z" user="kashcheeva" uid="3808237" lat="43.1199946" lon="131.9039052"/>
 <node id="1884712418" visible="true" version="4" changeset="72166668" timestamp="2019-07-12T07:51:41Z" user="kashcheeva" uid="3808237" lat="43.1202351" lon="131.9041943"/>
 <node id="1884712419" visible="true" version="4" changeset="46515225" timestamp="2017-03-02T08:09:39Z" user="Hrs_365" uid="3464009" lat="43.1204240" lon="131.9042285"/>
 <node id="1884712424" visible="true" version="5" changeset="72166668" timestamp="2019-07-12T07:51:41Z" user="kashcheeva" uid="3808237" lat="43.1205178" lon="131.9041795"/>
 <node id="1884712426" visible="true" version="5" changeset="72166668" timestamp="2019-07-12T07:51:41Z" user="kashcheeva" uid="3808237" lat="43.1207065" lon="131.9034672"/>
 <node id="1884712429" visible="true" version="5" changeset="72166668" timestamp="2019-07-12T07:51:41Z" user="kashcheeva" uid="3808237" lat="43.1208769" lon="131.9037268"/>
 <node id="1884712431" visible="true" version="5" changeset="72166668" timestamp="2019-07-12T07:51:41Z" user="kashcheeva" uid="3808237" lat="43.1209127" lon="131.9030403"/>
 <node id="2007474737" visible="true" version="5" changeset="74601947" timestamp="2019-09-18T00:23:30Z" user="Vasiljeva" uid="10050069" lat="43.1202178" lon="131.9046774"/>
 <node id="2045400914" visible="true" version="7" changeset="72245278" timestamp="2019-07-15T01:03:17Z" user="Vasiljeva" uid="10050069" lat="43.1224055" lon="131.9057914"/>
 <node id="2045400916" visible="true" version="7" changeset="72245278" timestamp="2019-07-15T01:03:17Z" user="Vasiljeva" uid="10050069" lat="43.1225192" lon="131.9058665"/>
 <node id="2079453174" visible="true" version="4" changeset="72245278" timestamp="2019-07-15T01:03:17Z" user="Vasiljeva" uid="10050069" lat="43.1242473" lon="131.9082754"/>
 <node id="2346823643" visible="true" version="4" changeset="131888129" timestamp="2023-01-30T16:23:42Z" user="Vas111" uid="16951803" lat="43.1205646" lon="131.9052528"/>
 <node id="2346823645" visible="true" version="3" changeset="50957606" timestamp="2017-08-09T00:46:18Z" user="Sasha_SH" uid="4988915" lat="43.1205951" lon="131.9053059"/>
 <node id="2346823646" visible="true" version="5" changeset="72251503" timestamp="2019-07-15T07:23:51Z" user="Vasiljeva" uid="10050069" lat="43.1206986" lon="131.9059992"/>
 <node id="2346825560" visible="true" version="4" changeset="72166668" timestamp="2019-07-12T07:51:41Z" user="kashcheeva" uid="3808237" lat="43.1207116" lon="131.9038279"/>
 <node id="2346825563" visible="true" version="4" changeset="72166668" timestamp="2019-07-12T07:51:41Z" user="kashcheeva" uid="3808237" lat="43.1207294" lon="131.9037033"/>
 <node id="2346825565" visible="true" version="4" changeset="72166668" timestamp="2019-07-12T07:51:41Z" user="kashcheeva" uid="3808237" lat="43.1207577" lon="131.9039602"/>
 <node id="2346825567" visible="true" version="3" changeset="46515225" timestamp="2017-03-02T08:09:48Z" user="Hrs_365" uid="3464009" lat="43.1208347" lon="131.9038337"/>
 <node id="2346825569" visible="true" version="4" changeset="72166668" timestamp="2019-07-12T07:51:41Z" user="kashcheeva" uid="3808237" lat="43.1209496" lon="131.9033621"/>
 <node id="2346837641" visible="true" version="5" changeset="72251503" timestamp="2019-07-15T07:23:51Z" user="Vasiljeva" uid="10050069" lat="43.1199264" lon="131.9046801"/>
 <node id="2346837647" visible="true" version="7" changeset="72251503" timestamp="2019-07-15T07:23:51Z" user="Vasiljeva" uid="10050069" lat="43.1203065" lon="131.9065584"/>
 <node id="2346837648" visible="true" version="7" changeset="72251503" timestamp="2019-07-15T07:23:51Z" user="Vasiljeva" uid="10050069" lat="43.1204024" lon="131.9067110"/>
 <node id="2346837649" visible="true" version="7" changeset="72251503" timestamp="2019-07-15T07:23:51Z" user="Vasiljeva" uid="10050069" lat="43.1204634" lon="131.9065312"/>
 <node id="2346837650" visible="true" version="7" changeset="72251503" timestamp="2019-07-15T07:23:51Z" user="Vasiljeva" uid="10050069" lat="43.1205226" lon="131.9065692"/>
 <node id="2346837652" visible="true" version="6" changeset="72251503" timestamp="2019-07-15T07:23:51Z" user="Vasiljeva" uid="10050069" lat="43.1208518" lon="131.9058553"/>
 <node id="2346837653" visible="true" version="5" changeset="72166668" timestamp="2019-07-12T07:51:41Z" user="kashcheeva" uid="3808237" lat="43.1209574" lon="131.9062131"/>
 <node id="2443812597" visible="true" version="7" changeset="72245278" timestamp="2019-07-15T01:03:17Z" user="Vasiljeva" uid="10050069" lat="43.1226002" lon="131.9049275"/>
 <node id="2443812599" visible="true" version="7" changeset="72245278" timestamp="2019-07-15T01:03:17Z" user="Vasiljeva" uid="10050069" lat="43.1226597" lon="131.9050026"/>
 <node id="2443812601" visible="true" version="7" changeset="72245278" timestamp="2019-07-15T01:03:17Z" user="Vasiljeva" uid="10050069" lat="43.1227620" lon="131.9047267"/>
 <node id="2529071327" visible="true" version="4" changeset="72245278" timestamp="2019-07-15T01:03:17Z" user="Vasiljeva" uid="10050069" lat="43.1210257" lon="131.9050025"/>
 <node id="2529071328" visible="true" version="4" changeset="72245278" timestamp="2019-07-15T01:03:17Z" user="Vasiljeva" uid="10050069" lat="43.1210802" lon="131.9048511"/>
 <node id="2529071329" visible="true" version="4" changeset="72245278" timestamp="2019-07-15T01:03:17Z" user="Vasiljeva" uid="10050069" lat="43.1211184" lon="131.9039285"/>
 <node id="2529071331" visible="true" version="4" changeset="72245278" timestamp="2019-07-15T01:03:17Z" user="Vasiljeva" uid="10050069" lat="43.1211851" lon="131.9051100"/>
 <node id="2529071334" visible="true" version="4" changeset="72245278" timestamp="2019-07-15T01:03:17Z" user="Vasiljeva" uid="10050069" lat="43.1212395" lon="131.9049586"/>
 <node id="2620619681" visible="true" version="2" changeset="46515225" timestamp="2017-03-02T08:09:56Z" user="Hrs_365" uid="3464009" lat="43.1231669" lon="131.9074195"/>
 <node id="2956618355" visible="true" version="2" changeset="43882830" timestamp="2016-11-22T22:46:22Z" user="Максим Дмитрий" uid="1066158" lat="43.1242193" lon="131.8811364">
  <tag k="power" v="tower"/>
 </node>
 <node id="3158861092" visible="true" version="3" changeset="46515225" timestamp="2017-03-02T08:10:02Z" user="Hrs_365" uid="3464009" lat="43.1203782" lon="131.9045166"/>
 <node id="3158861094" visible="true" version="3" changeset="46515225" timestamp="2017-03-02T08:10:02Z" user="Hrs_365" uid="3464009" lat="43.1210993" lon="131.9037717"/>
 <node id="3158861095" visible="true" version="2" changeset="74286327" timestamp="2019-09-10T02:49:07Z" user="Vasiljeva" uid="10050069" lat="43.1211751" lon="131.9032670"/>
 <node id="3158861096" visible="true" version="3" changeset="46515225" timestamp="2017-03-02T08:10:02Z" user="Hrs_365" uid="3464009" lat="43.1213280" lon="131.9036864"/>
 <node id="3275642490" visible="true" version="2" changeset="46515225" timestamp="2017-03-02T08:10:05Z" user="Hrs_365" uid="3464009" lat="43.1229395" lon="131.9073379"/>
 <node id="3275687064" visible="true" version="6" changeset="72245278" timestamp="2019-07-15T01:03:17Z" user="Vasiljeva" uid="10050069" lat="43.1217895" lon="131.9066184"/>
 <node id="3275687065" visible="true" version="6" changeset="72245278" timestamp="2019-07-15T01:03:17Z" user="Vasiljeva" uid="10050069" lat="43.1220521" lon="131.9068632"/>
 <node id="3275687066" visible="true" version="7" changeset="72245278" timestamp="2019-07-15T01:03:17Z" user="Vasiljeva" uid="10050069" lat="43.1220691" lon="131.9062032"/>
 <node id="3275687067" visible="true" version="8" changeset="131888129" timestamp="2023-01-30T16:23:42Z" user="Vas111" uid="16951803" lat="43.1218177" lon="131.9068143">
  <tag k="button_operated" v="no"/>
  <tag k="crossing" v="traffic_signals"/>
  <tag k="crossing:island" v="no"/>
  <tag k="crossing:markings" v="zebra:bicolour"/>
  <tag k="highway" v="crossing"/>
  <tag k="tactile_paving" v="no"/>
  <tag k="traffic_signals" v="pedestrian_crossing"/>
  <tag k="traffic_signals:countdown" v="yes"/>
  <tag k="traffic_signals:sound" v="yes"/>
  <tag k="traffic_signals:vibration" v="no"/>
 </node>
 <node id="3275687068" visible="true" version="3" changeset="52343784" timestamp="2017-09-25T04:26:57Z" user="Sasha_SH" uid="4988915" lat="43.1213283" lon="131.9064793"/>
 <node id="3275687069" visible="true" version="5" changeset="72251503" timestamp="2019-07-15T07:23:51Z" user="Vasiljeva" uid="10050069" lat="43.1213657" lon="131.9069838"/>
 <node id="3275687070" visible="true" version="4" changeset="56338985" timestamp="2018-02-14T01:33:04Z" user="Sasha_SH" uid="4988915" lat="43.1216549" lon="131.9069769"/>
 <node id="3275687071" visible="true" version="3" changeset="56338985" timestamp="2018-02-14T01:33:04Z" user="Sasha_SH" uid="4988915" lat="43.1216548" lon="131.9068130"/>
 <node id="3275687072" visible="true" version="6" changeset="74601947" timestamp="2019-09-18T00:23:30Z" user="Vasiljeva" uid="10050069" lat="43.1214382" lon="131.9082740"/>
 <node id="3275687073" visible="true" version="4" changeset="74601947" timestamp="2019-09-18T00:23:30Z" user="Vasiljeva" uid="10050069" lat="43.1217578" lon="131.9070383"/>
 <node id="3275687074" visible="true" version="3" changeset="50959532" timestamp="2017-08-09T04:19:25Z" user="Sasha_SH" uid="4988915" lat="43.1216799" lon="131.9067560"/>
 <node id="3275687076" visible="true" version="4" changeset="60522356" timestamp="2018-07-09T03:07:00Z" user="Sasha_SH" uid="4988915" lat="43.1209366" lon="131.9063040"/>
 <node id="3275687078" visible="true" version="7" changeset="72251503" timestamp="2019-07-15T07:23:51Z" user="Vasiljeva" uid="10050069" lat="43.1201253" lon="131.9072992"/>
 <node id="3275687086" visible="true" version="5" changeset="72251503" timestamp="2019-07-15T07:23:51Z" user="Vasiljeva" uid="10050069" lat="43.1210627" lon="131.9063721"/>
 <node id="3275687087" visible="true" version="3" changeset="52343784" timestamp="2017-09-25T04:26:57Z" user="Sasha_SH" uid="4988915" lat="43.1212821" lon="131.9065352"/>
 <node id="3275687088" visible="true" version="3" changeset="56338608" timestamp="2018-02-14T00:52:33Z" user="Sasha_SH" uid="4988915" lat="43.1211872" lon="131.9066158"/>
 <node id="3275687089" visible="true" version="3" changeset="60522356" timestamp="2018-07-09T03:07:00Z" user="Sasha_SH" uid="4988915" lat="43.1208252" lon="131.9066199"/>
 <node id="3275687090" visible="true" version="4" changeset="60522356" timestamp="2018-07-09T03:07:00Z" user="Sasha_SH" uid="4988915" lat="43.1209498" lon="131.9064297"/>
 <node id="3353433909" visible="true" version="7" changeset="72251503" timestamp="2019-07-15T07:23:51Z" user="Vasiljeva" uid="10050069" lat="43.1206668" lon="131.9067203"/>
 <node id="3372091417" visible="true" version="2" changeset="46515225" timestamp="2017-03-02T08:10:08Z" user="Hrs_365" uid="3464009" lat="43.1197103" lon="131.9034371"/>
 <node id="3372091418" visible="true" version="2" changeset="72166668" timestamp="2019-07-12T07:51:41Z" user="kashcheeva" uid="3808237" lat="43.1201050" lon="131.9040795"/>
 <node id="3372091419" visible="true" version="2" changeset="72166668" timestamp="2019-07-12T07:51:41Z" user="kashcheeva" uid="3808237" lat="43.1201694" lon="131.9041469"/>
 <node id="3372091420" visible="true" version="2" changeset="46515225" timestamp="2017-03-02T08:10:08Z" user="Hrs_365" uid="3464009" lat="43.1203610" lon="131.9048198"/>
 <node id="3372091421" visible="true" version="2" changeset="46515225" timestamp="2017-03-02T08:10:08Z" user="Hrs_365" uid="3464009" lat="43.1205197" lon="131.9051757"/>
 <node id="3372091422" visible="true" version="2" changeset="46515225" timestamp="2017-03-02T08:10:08Z" user="Hrs_365" uid="3464009" lat="43.1203444" lon="131.9047189"/>
 <node id="3372091423" visible="true" version="3" changeset="48186421" timestamp="2017-04-27T08:15:02Z" user="Marina Kudryavceva" uid="4997771" lat="43.1203466" lon="131.9042291"/>
 <node id="3372091424" visible="true" version="4" changeset="146018915" timestamp="2024-01-08T08:23:39Z" user="aq123" uid="4289510" lat="43.1204811" lon="131.9030976">
  <tag k="highway" v="give_way"/>
 </node>
 <node id="3372091425" visible="true" version="3" changeset="72166668" timestamp="2019-07-12T07:51:41Z" user="kashcheeva" uid="3808237" lat="43.1204748" lon="131.9042078"/>
 <node id="3372091426" visible="true" version="3" changeset="72166668" timestamp="2019-07-12T07:51:41Z" user="kashcheeva" uid="3808237" lat="43.1205892" lon="131.9032288"/>
 <node id="3372091427" visible="true" version="3" changeset="74286327" timestamp="2019-09-10T02:49:07Z" user="Vasiljeva" uid="10050069" lat="43.1205399" lon="131.9016520"/>
 <node id="3372091428" visible="true" version="3" changeset="72166668" timestamp="2019-07-12T07:51:41Z" user="kashcheeva" uid="3808237" lat="43.1206180" lon="131.9041112"/>
 <node id="3372091429" visible="true" version="2" changeset="46515225" timestamp="2017-03-02T08:10:08Z" user="Hrs_365" uid="3464009" lat="43.1206298" lon="131.9040346"/>
 <node id="3372091430" visible="true" version="3" changeset="72166668" timestamp="2019-07-12T07:51:41Z" user="kashcheeva" uid="3808237" lat="43.1206599" lon="131.9033476"/>
 <node id="3372091431" visible="true" version="3" changeset="72166668" timestamp="2019-07-12T07:51:41Z" user="kashcheeva" uid="3808237" lat="43.1206773" lon="131.9039410"/>
 <node id="3372091433" visible="true" version="3" changeset="72166668" timestamp="2019-07-12T07:51:41Z" user="kashcheeva" uid="3808237" lat="43.1206947" lon="131.9040311"/>
 <node id="3372091434" visible="true" version="3" changeset="72166668" timestamp="2019-07-12T07:51:41Z" user="kashcheeva" uid="3808237" lat="43.1207247" lon="131.9035750"/>
 <node id="3372091437" visible="true" version="3" changeset="72166668" timestamp="2019-07-12T07:51:41Z" user="kashcheeva" uid="3808237" lat="43.1209319" lon="131.9035389"/>
 <node id="3372091438" visible="true" version="3" changeset="72166668" timestamp="2019-07-12T07:51:41Z" user="kashcheeva" uid="3808237" lat="43.1209468" lon="131.9032242"/>
 <node id="3372091439" visible="true" version="2" changeset="46515225" timestamp="2017-03-02T08:10:08Z" user="Hrs_365" uid="3464009" lat="43.1211706" lon="131.9037132"/>
 <node id="3372091440" visible="true" version="6" changeset="111567065" timestamp="2021-09-23T01:33:14Z" user="pxrdsg" uid="396341" lat="43.1212197" lon="131.9033657">
  <tag k="crossing" v="marked"/>
  <tag k="highway" v="crossing"/>
  <tag k="tactile_paving" v="no"/>
 </node>
 <node id="3372091441" visible="true" version="2" changeset="46515225" timestamp="2017-03-02T08:10:08Z" user="Hrs_365" uid="3464009" lat="43.1213678" lon="131.9035495"/>
 <node id="3372091442" visible="true" version="2" changeset="46515225" timestamp="2017-03-02T08:10:08Z" user="Hrs_365" uid="3464009" lat="43.1215761" lon="131.9037821"/>
 <node id="3856672604" visible="true" version="3" changeset="74560812" timestamp="2019-09-17T07:04:23Z" user="Vasiljeva" uid="10050069" lat="43.1196769" lon="131.9053873"/>
 <node id="3856672606" visible="true" version="2" changeset="52262817" timestamp="2017-09-22T04:15:11Z" user="Sasha_SH" uid="4988915" lat="43.1197055" lon="131.9079495"/>
 <node id="3856672608" visible="true" version="2" changeset="72251503" timestamp="2019-07-15T07:23:51Z" user="Vasiljeva" uid="10050069" lat="43.1196449" lon="131.9055526"/>
 <node id="3856672611" visible="true" version="2" changeset="52262817" timestamp="2017-09-22T04:15:11Z" user="Sasha_SH" uid="4988915" lat="43.1196364" lon="131.9081951"/>
 <node id="3856672614" visible="true" version="2" changeset="74601947" timestamp="2019-09-18T00:23:30Z" user="Vasiljeva" uid="10050069" lat="43.1197228" lon="131.9076925"/>
 <node id="3856672615" visible="true" version="3" changeset="74601947" timestamp="2019-09-18T00:23:30Z" user="Vasiljeva" uid="10050069" lat="43.1197861" lon="131.9042370"/>
 <node id="3856672617" visible="true" version="1" changeset="35551931" timestamp="2015-11-24T14:42:05Z" user="trolleway" uid="397326" lat="43.1197333" lon="131.9079230"/>
 <node id="3856672619" visible="true" version="2" changeset="52262817" timestamp="2017-09-22T04:15:11Z" user="Sasha_SH" uid="4988915" lat="43.1198139" lon="131.9083451"/>
 <node id="3856672630" visible="true" version="2" changeset="72251503" timestamp="2019-07-15T07:23:51Z" user="Vasiljeva" uid="10050069" lat="43.1198717" lon="131.9043576"/>
 <node id="3856672634" visible="true" version="2" changeset="72251503" timestamp="2019-07-15T07:23:51Z" user="Vasiljeva" uid="10050069" lat="43.1199500" lon="131.9049887"/>
 <node id="3856672635" visible="true" version="3" changeset="72251503" timestamp="2019-07-15T07:23:51Z" user="Vasiljeva" uid="10050069" lat="43.1199485" lon="131.9043573"/>
 <node id="3856672640" visible="true" version="1" changeset="35551931" timestamp="2015-11-24T14:42:05Z" user="trolleway" uid="397326" lat="43.1200160" lon="131.9072429"/>
 <node id="3856672646" visible="true" version="2" changeset="72251503" timestamp="2019-07-15T07:23:51Z" user="Vasiljeva" uid="10050069" lat="43.1199273" lon="131.9084956"/>
 <node id="3856672648" visible="true" version="2" changeset="110491274" timestamp="2021-08-31T05:49:31Z" user="KhoraKavat" uid="11346447" lat="43.1202402" lon="131.9071483"/>
 <node id="3856672651" visible="true" version="2" changeset="72251503" timestamp="2019-07-15T07:23:51Z" user="Vasiljeva" uid="10050069" lat="43.1201326" lon="131.9047091"/>
 <node id="3856672654" visible="true" version="1" changeset="35551931" timestamp="2015-11-24T14:42:05Z" user="trolleway" uid="397326" lat="43.1201878" lon="131.9089070"/>
 <node id="3856672655" visible="true" version="3" changeset="72251503" timestamp="2019-07-15T07:23:51Z" user="Vasiljeva" uid="10050069" lat="43.1201777" lon="131.9048419"/>
 <node id="3856676122" visible="true" version="1" changeset="35551931" timestamp="2015-11-24T14:42:12Z" user="trolleway" uid="397326" lat="43.1239346" lon="131.9116405"/>
 <node id="3856676138" visible="true" version="1" changeset="35551931" timestamp="2015-11-24T14:42:13Z" user="trolleway" uid="397326" lat="43.1241866" lon="131.9110062"/>
 <node id="3856676466" visible="true" version="1" changeset="35551931" timestamp="2015-11-24T14:42:14Z" user="trolleway" uid="397326" lat="43.1253185" lon="131.9097731"/>
 <node id="3856676475" visible="true" version="1" changeset="35551931" timestamp="2015-11-24T14:42:14Z" user="trolleway" uid="397326" lat="43.1254225" lon="131.9156747"/>
 <node id="3856676490" visible="true" version="3" changeset="137504163" timestamp="2023-06-19T07:20:27Z" user="KhoraKavat" uid="11346447" lat="43.1257195" lon="131.9155553"/>
 <node id="3856676518" visible="true" version="1" changeset="35551931" timestamp="2015-11-24T14:42:15Z" user="trolleway" uid="397326" lat="43.1265451" lon="131.9115421"/>
 <node id="3856676520" visible="true" version="1" changeset="35551931" timestamp="2015-11-24T14:42:15Z" user="trolleway" uid="397326" lat="43.1265930" lon="131.9126398"/>
 <node id="3856676522" visible="true" version="1" changeset="35551931" timestamp="2015-11-24T14:42:15Z" user="trolleway" uid="397326" lat="43.1266359" lon="131.9118613"/>
 <node id="3856676524" visible="true" version="1" changeset="35551931" timestamp="2015-11-24T14:42:15Z" user="trolleway" uid="397326" lat="43.1266566" lon="131.9121846"/>
 <node id="3856676663" visible="true" version="3" changeset="72251503" timestamp="2019-07-15T07:23:51Z" user="Vasiljeva" uid="10050069" lat="43.1186392" lon="131.9049093"/>
 <node id="3856676665" visible="true" version="2" changeset="46515225" timestamp="2017-03-02T08:10:10Z" user="Hrs_365" uid="3464009" lat="43.1186089" lon="131.9065868"/>
 <node id="3856676666" visible="true" version="3" changeset="72251503" timestamp="2019-07-15T07:23:51Z" user="Vasiljeva" uid="10050069" lat="43.1186471" lon="131.9048459"/>
 <node id="3856676668" visible="true" version="3" changeset="74560812" timestamp="2019-09-17T07:04:23Z" user="Vasiljeva" uid="10050069" lat="43.1186170" lon="131.9047292"/>
 <node id="3856676670" visible="true" version="2" changeset="72251503" timestamp="2019-07-15T07:23:51Z" user="Vasiljeva" uid="10050069" lat="43.1186490" lon="131.9070323"/>
 <node id="3856676671" visible="true" version="2" changeset="72251503" timestamp="2019-07-15T07:23:51Z" user="Vasiljeva" uid="10050069" lat="43.1186253" lon="131.9035092"/>
 <node id="3856676676" visible="true" version="3" changeset="74601947" timestamp="2019-09-18T00:23:30Z" user="Vasiljeva" uid="10050069" lat="43.1187551" lon="131.9035105"/>
 <node id="3856676679" visible="true" version="2" changeset="72251503" timestamp="2019-07-15T07:23:51Z" user="Vasiljeva" uid="10050069" lat="43.1187932" lon="131.9073474"/>
 <node id="3856676694" visible="true" version="2" changeset="72251503" timestamp="2019-07-15T07:23:51Z" user="Vasiljeva" uid="10050069" lat="43.1191719" lon="131.9076889"/>
 <node id="3856676705" visible="true" version="3" changeset="72251503" timestamp="2019-07-15T07:23:51Z" user="Vasiljeva" uid="10050069" lat="43.1194365" lon="131.9054854"/>
 <node id="3856676723" visible="true" version="2" changeset="72251503" timestamp="2019-07-15T07:23:51Z" user="Vasiljeva" uid="10050069" lat="43.1195305" lon="131.9055455"/>
 <node id="3856676725" visible="true" version="2" changeset="74601947" timestamp="2019-09-18T00:23:30Z" user="Vasiljeva" uid="10050069" lat="43.1195379" lon="131.9078276"/>
 <node id="3856676726" visible="true" version="2" changeset="74560812" timestamp="2019-09-17T07:04:23Z" user="Vasiljeva" uid="10050069" lat="43.1195747" lon="131.9053788"/>
 <node id="3856676757" visible="true" version="1" changeset="35551931" timestamp="2015-11-24T14:42:05Z" user="trolleway" uid="397326" lat="43.1202219" lon="131.9093634"/>
 <node id="3856676765" visible="true" version="2" changeset="72251503" timestamp="2019-07-15T07:23:51Z" user="Vasiljeva" uid="10050069" lat="43.1204079" lon="131.9088195"/>
 <node id="3856676766" visible="true" version="1" changeset="35551931" timestamp="2015-11-24T14:42:06Z" user="trolleway" uid="397326" lat="43.1203855" lon="131.9047401"/>
 <node id="3856676767" visible="true" version="3" changeset="110491274" timestamp="2021-08-31T05:49:31Z" user="KhoraKavat" uid="11346447" lat="43.1203592" lon="131.9096281"/>
 <node id="3856676769" visible="true" version="1" changeset="35551931" timestamp="2015-11-24T14:42:06Z" user="trolleway" uid="397326" lat="43.1203930" lon="131.9048105"/>
 <node id="3856676775" visible="true" version="1" changeset="35551931" timestamp="2015-11-24T14:42:06Z" user="trolleway" uid="397326" lat="43.1204258" lon="131.9086299"/>
 <node id="3856676776" visible="true" version="1" changeset="35551931" timestamp="2015-11-24T14:42:06Z" user="trolleway" uid="397326" lat="43.1204290" lon="131.9046344"/>
 <node id="3856676787" visible="true" version="2" changeset="72251503" timestamp="2019-07-15T07:23:51Z" user="Vasiljeva" uid="10050069" lat="43.1205538" lon="131.9087981"/>
 <node id="3856676790" visible="true" version="1" changeset="35551931" timestamp="2015-11-24T14:42:06Z" user="trolleway" uid="397326" lat="43.1206031" lon="131.9066581"/>
 <node id="3856676803" visible="true" version="1" changeset="35551931" timestamp="2015-11-24T14:42:06Z" user="trolleway" uid="397326" lat="43.1206956" lon="131.9067860"/>
 <node id="3856676813" visible="true" version="1" changeset="35551931" timestamp="2015-11-24T14:42:07Z" user="trolleway" uid="397326" lat="43.1208611" lon="131.9086765"/>
 <node id="3856676817" visible="true" version="2" changeset="72251503" timestamp="2019-07-15T07:23:51Z" user="Vasiljeva" uid="10050069" lat="43.1208575" lon="131.9088207"/>
 <node id="3856676821" visible="true" version="3" changeset="110491274" timestamp="2021-08-31T05:49:31Z" user="KhoraKavat" uid="11346447" lat="43.1208740" lon="131.9100309"/>
 <node id="3856676823" visible="true" version="3" changeset="74601947" timestamp="2019-09-18T00:23:30Z" user="Vasiljeva" uid="10050069" lat="43.1208212" lon="131.9063166"/>
 <node id="3856676833" visible="true" version="1" changeset="35551931" timestamp="2015-11-24T14:42:07Z" user="trolleway" uid="397326" lat="43.1210007" lon="131.9063172"/>
 <node id="3856676841" visible="true" version="5" changeset="74601947" timestamp="2019-09-18T00:23:30Z" user="Vasiljeva" uid="10050069" lat="43.1210158" lon="131.9060374"/>
 <node id="3856676844" visible="true" version="1" changeset="35551931" timestamp="2015-11-24T14:42:07Z" user="trolleway" uid="397326" lat="43.1211731" lon="131.9062304"/>
 <node id="3856676845" visible="true" version="2" changeset="110491274" timestamp="2021-08-31T05:49:31Z" user="KhoraKavat" uid="11346447" lat="43.1211708" lon="131.9103485"/>
 <node id="3856676849" visible="true" version="1" changeset="35551931" timestamp="2015-11-24T14:42:07Z" user="trolleway" uid="397326" lat="43.1212188" lon="131.9087894"/>
 <node id="3856676851" visible="true" version="2" changeset="72245278" timestamp="2019-07-15T01:03:17Z" user="Vasiljeva" uid="10050069" lat="43.1212369" lon="131.9060610"/>
 <node id="3856676852" visible="true" version="2" changeset="77348737" timestamp="2019-11-21T00:19:26Z" user="Vasiljeva" uid="10050069" lat="43.1212213" lon="131.9037553"/>
 <node id="3856676857" visible="true" version="1" changeset="35551931" timestamp="2015-11-24T14:42:07Z" user="trolleway" uid="397326" lat="43.1212906" lon="131.9085872"/>
 <node id="3856676862" visible="true" version="1" changeset="35551931" timestamp="2015-11-24T14:42:07Z" user="trolleway" uid="397326" lat="43.1213713" lon="131.9084291"/>
 <node id="3856676863" visible="true" version="1" changeset="35551931" timestamp="2015-11-24T14:42:07Z" user="trolleway" uid="397326" lat="43.1213828" lon="131.9087199"/>
 <node id="3856676873" visible="true" version="1" changeset="35551931" timestamp="2015-11-24T14:42:08Z" user="trolleway" uid="397326" lat="43.1214912" lon="131.9085053"/>
 <node id="3856676876" visible="true" version="1" changeset="35551931" timestamp="2015-11-24T14:42:08Z" user="trolleway" uid="397326" lat="43.1215294" lon="131.9038473"/>
 <node id="3856676878" visible="true" version="1" changeset="35551931" timestamp="2015-11-24T14:42:08Z" user="trolleway" uid="397326" lat="43.1215439" lon="131.9082372"/>
 <node id="3856676885" visible="true" version="2" changeset="50766766" timestamp="2017-08-01T23:36:48Z" user="Natalia18" uid="3429710" lat="43.1216271" lon="131.9074916"/>
 <node id="3856676886" visible="true" version="1" changeset="35551931" timestamp="2015-11-24T14:42:08Z" user="trolleway" uid="397326" lat="43.1215959" lon="131.9080116"/>
 <node id="3856676891" visible="true" version="2" changeset="72245278" timestamp="2019-07-15T01:03:17Z" user="Vasiljeva" uid="10050069" lat="43.1216930" lon="131.9066004"/>
 <node id="3856676900" visible="true" version="2" changeset="72245278" timestamp="2019-07-15T01:03:17Z" user="Vasiljeva" uid="10050069" lat="43.1217650" lon="131.9066268"/>
 <node id="3856676904" visible="true" version="1" changeset="35551931" timestamp="2015-11-24T14:42:08Z" user="trolleway" uid="397326" lat="43.1217574" lon="131.9094127"/>
 <node id="3856676906" visible="true" version="1" changeset="35551931" timestamp="2015-11-24T14:42:08Z" user="trolleway" uid="397326" lat="43.1217796" lon="131.9069298"/>
 <node id="3856676908" visible="true" version="2" changeset="72245278" timestamp="2019-07-15T01:03:17Z" user="Vasiljeva" uid="10050069" lat="43.1219223" lon="131.9062690"/>
 <node id="3856676915" visible="true" version="2" changeset="72251503" timestamp="2019-07-15T07:23:51Z" user="Vasiljeva" uid="10050069" lat="43.1219099" lon="131.9070736"/>
 <node id="3856676919" visible="true" version="1" changeset="35551931" timestamp="2015-11-24T14:42:09Z" user="trolleway" uid="397326" lat="43.1219248" lon="131.9063352"/>
 <node id="3856676920" visible="true" version="2" changeset="72411435" timestamp="2019-07-19T02:41:25Z" user="Vasiljeva" uid="10050069" lat="43.1219534" lon="131.9038842"/>
 <node id="3856676931" visible="true" version="1" changeset="35551931" timestamp="2015-11-24T14:42:09Z" user="trolleway" uid="397326" lat="43.1220564" lon="131.9092179"/>
 <node id="3856676933" visible="true" version="1" changeset="35551931" timestamp="2015-11-24T14:42:09Z" user="trolleway" uid="397326" lat="43.1220703" lon="131.9071421"/>
 <node id="3856676939" visible="true" version="1" changeset="35551931" timestamp="2015-11-24T14:42:09Z" user="trolleway" uid="397326" lat="43.1221128" lon="131.9069720"/>
 <node id="3856676942" visible="true" version="1" changeset="35551931" timestamp="2015-11-24T14:42:09Z" user="trolleway" uid="397326" lat="43.1221512" lon="131.9123496"/>
 <node id="3856676945" visible="true" version="3" changeset="90564566" timestamp="2020-09-08T06:34:20Z" user="Natalia18" uid="3429710" lat="43.1220557" lon="131.9030619"/>
 <node id="3856676946" visible="true" version="3" changeset="90564566" timestamp="2020-09-08T06:34:20Z" user="Natalia18" uid="3429710" lat="43.1222400" lon="131.9032047"/>
 <node id="3856676952" visible="true" version="3" changeset="90564566" timestamp="2020-09-08T06:34:20Z" user="Natalia18" uid="3429710" lat="43.1221474" lon="131.9026450"/>
 <node id="3856676957" visible="true" version="2" changeset="72245278" timestamp="2019-07-15T01:03:17Z" user="Vasiljeva" uid="10050069" lat="43.1223785" lon="131.9048594"/>
 <node id="3856676966" visible="true" version="1" changeset="35551931" timestamp="2015-11-24T14:42:09Z" user="trolleway" uid="397326" lat="43.1224153" lon="131.9091860"/>
 <node id="3856676967" visible="true" version="3" changeset="163472164" timestamp="2025-03-11T07:27:26Z" user="Александр Синявский" uid="3798127" lat="43.1224948" lon="131.9049048"/>
 <node id="3856676969" visible="true" version="2" changeset="72245278" timestamp="2019-07-15T01:03:17Z" user="Vasiljeva" uid="10050069" lat="43.1224944" lon="131.9045048"/>
 <node id="3856676972" visible="true" version="2" changeset="72411435" timestamp="2019-07-19T02:41:25Z" user="Vasiljeva" uid="10050069" lat="43.1225228" lon="131.9043085"/>
 <node id="3856676975" visible="true" version="3" changeset="163472164" timestamp="2025-03-11T07:27:26Z" user="Александр Синявский" uid="3798127" lat="43.1226103" lon="131.9046124"/>
 <node id="3856676982" visible="true" version="2" changeset="52345409" timestamp="2017-09-25T06:27:32Z" user="Sasha_SH" uid="4988915" lat="43.1226384" lon="131.9071516"/>
 <node id="3856676993" visible="true" version="1" changeset="35551931" timestamp="2015-11-24T14:42:10Z" user="trolleway" uid="397326" lat="43.1227440" lon="131.9092407"/>
 <node id="3856676998" visible="true" version="3" changeset="60556244" timestamp="2018-07-10T01:08:16Z" user="Sasha_SH" uid="4988915" lat="43.1227304" lon="131.9115094"/>
 <node id="3856677060" visible="true" version="1" changeset="35551931" timestamp="2015-11-24T14:42:10Z" user="trolleway" uid="397326" lat="43.1229075" lon="131.9063411"/>
 <node id="3856677062" visible="true" version="2" changeset="72411435" timestamp="2019-07-19T02:41:25Z" user="Vasiljeva" uid="10050069" lat="43.1229280" lon="131.9032623"/>
 <node id="3856677064" visible="true" version="1" changeset="35551931" timestamp="2015-11-24T14:42:11Z" user="trolleway" uid="397326" lat="43.1229405" lon="131.9060673"/>
 <node id="3856677084" visible="true" version="2" changeset="50274942" timestamp="2017-07-14T06:51:09Z" user="Marina Kudryavceva" uid="4997771" lat="43.1231680" lon="131.9054070"/>
 <node id="3856677086" visible="true" version="1" changeset="35551931" timestamp="2015-11-24T14:42:11Z" user="trolleway" uid="397326" lat="43.1231705" lon="131.9075647"/>
 <node id="3856677090" visible="true" version="1" changeset="35551931" timestamp="2015-11-24T14:42:11Z" user="trolleway" uid="397326" lat="43.1232201" lon="131.9119682"/>
 <node id="3856677100" visible="true" version="1" changeset="35551931" timestamp="2015-11-24T14:42:11Z" user="trolleway" uid="397326" lat="43.1233189" lon="131.9050417"/>
 <node id="3856677110" visible="true" version="1" changeset="35551931" timestamp="2015-11-24T14:42:11Z" user="trolleway" uid="397326" lat="43.1234937" lon="131.9100561"/>
 <node id="3856677116" visible="true" version="1" changeset="35551931" timestamp="2015-11-24T14:42:11Z" user="trolleway" uid="397326" lat="43.1235310" lon="131.9121221"/>
 <node id="3856677129" visible="true" version="1" changeset="35551931" timestamp="2015-11-24T14:42:12Z" user="trolleway" uid="397326" lat="43.1236407" lon="131.9103141"/>
 <node id="3856677132" visible="true" version="1" changeset="35551931" timestamp="2015-11-24T14:42:12Z" user="trolleway" uid="397326" lat="43.1236541" lon="131.9078943"/>
 <node id="3856677138" visible="true" version="1" changeset="35551931" timestamp="2015-11-24T14:42:12Z" user="trolleway" uid="397326" lat="43.1236989" lon="131.9120116"/>
 <node id="3856677171" visible="true" version="2" changeset="110491274" timestamp="2021-08-31T05:49:31Z" user="KhoraKavat" uid="11346447" lat="43.1246006" lon="131.9088163"/>
 <node id="4516136180" visible="true" version="1" changeset="43882830" timestamp="2016-11-22T22:46:17Z" user="Максим Дмитрий" uid="1066158" lat="43.1247442" lon="131.8791072">
  <tag k="power" v="tower"/>
 </node>
 <node id="4516136181" visible="true" version="2" changeset="72833720" timestamp="2019-07-31T01:05:36Z" user="Vasiljeva" uid="10050069" lat="43.1248885" lon="131.8787638"/>
 <node id="4516136182" visible="true" version="1" changeset="43882830" timestamp="2016-11-22T22:46:17Z" user="Максим Дмитрий" uid="1066158" lat="43.1243046" lon="131.8799741">
  <tag k="power" v="tower"/>
 </node>
 <node id="4578481370" visible="true" version="6" changeset="72245278" timestamp="2019-07-15T01:03:17Z" user="Vasiljeva" uid="10050069" lat="43.1207855" lon="131.9052027"/>
 <node id="4578481398" visible="true" version="5" changeset="72251503" timestamp="2019-07-15T07:23:51Z" user="Vasiljeva" uid="10050069" lat="43.1200240" lon="131.9066953"/>
 <node id="4578481633" visible="true" version="5" changeset="72245278" timestamp="2019-07-15T01:03:17Z" user="Vasiljeva" uid="10050069" lat="43.1226803" lon="131.9050627"/>
 <node id="4578481953" visible="true" version="6" changeset="60451201" timestamp="2018-07-06T01:45:48Z" user="Sasha_SH" uid="4988915" lat="43.1223253" lon="131.9056016"/>
 <node id="4578482106" visible="true" version="7" changeset="69296285" timestamp="2019-04-17T06:26:16Z" user="Sasha_SH" uid="4988915" lat="43.1215043" lon="131.9058008"/>
 <node id="4578482127" visible="true" version="5" changeset="72251503" timestamp="2019-07-15T07:23:51Z" user="Vasiljeva" uid="10050069" lat="43.1199449" lon="131.9067811"/>
 <node id="4578482169" visible="true" version="3" changeset="72251503" timestamp="2019-07-15T07:23:51Z" user="Vasiljeva" uid="10050069" lat="43.1203833" lon="131.9056373"/>
 <node id="4578482584" visible="true" version="7" changeset="69328551" timestamp="2019-04-18T02:59:02Z" user="Sasha_SH" uid="4988915" lat="43.1223099" lon="131.9056818"/>
 <node id="4578482840" visible="true" version="7" changeset="69296285" timestamp="2019-04-17T06:26:16Z" user="Sasha_SH" uid="4988915" lat="43.1212377" lon="131.9057404"/>
 <node id="4578483036" visible="true" version="3" changeset="72251503" timestamp="2019-07-15T07:23:51Z" user="Vasiljeva" uid="10050069" lat="43.1202483" lon="131.9056213"/>
 <node id="4578483068" visible="true" version="3" changeset="72245278" timestamp="2019-07-15T01:03:17Z" user="Vasiljeva" uid="10050069" lat="43.1224874" lon="131.9066564"/>
 <node id="4578483288" visible="true" version="7" changeset="69296285" timestamp="2019-04-17T06:26:16Z" user="Sasha_SH" uid="4988915" lat="43.1215283" lon="131.9057280"/>
 <node id="4578483550" visible="true" version="3" changeset="72251503" timestamp="2019-07-15T07:23:51Z" user="Vasiljeva" uid="10050069" lat="43.1203605" lon="131.9056101"/>
 <node id="4578483658" visible="true" version="6" changeset="72245278" timestamp="2019-07-15T01:03:17Z" user="Vasiljeva" uid="10050069" lat="43.1208299" lon="131.9052209"/>
 <node id="4578483693" visible="true" version="3" changeset="72245278" timestamp="2019-07-15T01:03:17Z" user="Vasiljeva" uid="10050069" lat="43.1224255" lon="131.9068364"/>
 <node id="4578483764" visible="true" version="8" changeset="72245278" timestamp="2019-07-15T01:03:17Z" user="Vasiljeva" uid="10050069" lat="43.1223663" lon="131.9056605"/>
 <node id="4578483880" visible="true" version="3" changeset="72251503" timestamp="2019-07-15T07:23:51Z" user="Vasiljeva" uid="10050069" lat="43.1203304" lon="131.9056576"/>
 <node id="4578483915" visible="true" version="3" changeset="72251503" timestamp="2019-07-15T07:23:51Z" user="Vasiljeva" uid="10050069" lat="43.1203190" lon="131.9055070"/>
 <node id="4578484118" visible="true" version="5" changeset="72251503" timestamp="2019-07-15T07:23:51Z" user="Vasiljeva" uid="10050069" lat="43.1200662" lon="131.9069910"/>
 <node id="4578484384" visible="true" version="3" changeset="72245278" timestamp="2019-07-15T01:03:17Z" user="Vasiljeva" uid="10050069" lat="43.1224999" lon="131.9068848"/>
 <node id="4578484432" visible="true" version="7" changeset="69296285" timestamp="2019-04-17T06:26:16Z" user="Sasha_SH" uid="4988915" lat="43.1213908" lon="131.9057909"/>
 <node id="4578484453" visible="true" version="8" changeset="72245278" timestamp="2019-07-15T01:03:17Z" user="Vasiljeva" uid="10050069" lat="43.1223809" lon="131.9055775"/>
 <node id="4578484601" visible="true" version="3" changeset="72251503" timestamp="2019-07-15T07:23:51Z" user="Vasiljeva" uid="10050069" lat="43.1199660" lon="131.9050964"/>
 <node id="4578484682" visible="true" version="7" changeset="69296285" timestamp="2019-04-17T06:26:16Z" user="Sasha_SH" uid="4988915" lat="43.1212992" lon="131.9055523"/>
 <node id="4578484703" visible="true" version="5" changeset="72251503" timestamp="2019-07-15T07:23:51Z" user="Vasiljeva" uid="10050069" lat="43.1201453" lon="131.9069051"/>
 <node id="4578484925" visible="true" version="5" changeset="72245278" timestamp="2019-07-15T01:03:17Z" user="Vasiljeva" uid="10050069" lat="43.1208537" lon="131.9048952"/>
 <node id="4578484926" visible="true" version="3" changeset="72251503" timestamp="2019-07-15T07:23:51Z" user="Vasiljeva" uid="10050069" lat="43.1198951" lon="131.9052107"/>
 <node id="4578484960" visible="true" version="3" changeset="72245278" timestamp="2019-07-15T01:03:17Z" user="Vasiljeva" uid="10050069" lat="43.1225619" lon="131.9067048"/>
 <node id="4578485010" visible="true" version="7" changeset="69296285" timestamp="2019-04-17T06:26:16Z" user="Sasha_SH" uid="4988915" lat="43.1214674" lon="131.9057780"/>
 <node id="4578485071" visible="true" version="3" changeset="72251503" timestamp="2019-07-15T07:23:51Z" user="Vasiljeva" uid="10050069" lat="43.1203532" lon="131.9056849"/>
 <node id="4650954947" visible="true" version="3" changeset="72245278" timestamp="2019-07-15T01:03:17Z" user="Vasiljeva" uid="10050069" lat="43.1206492" lon="131.9045525"/>
 <node id="4650954948" visible="true" version="3" changeset="72245278" timestamp="2019-07-15T01:03:17Z" user="Vasiljeva" uid="10050069" lat="43.1206782" lon="131.9045839"/>
 <node id="4650954949" visible="true" version="3" changeset="72245278" timestamp="2019-07-15T01:03:17Z" user="Vasiljeva" uid="10050069" lat="43.1206468" lon="131.9046380"/>
 <node id="4650954950" visible="true" version="3" changeset="72245278" timestamp="2019-07-15T01:03:17Z" user="Vasiljeva" uid="10050069" lat="43.1206179" lon="131.9046068"/>
 <node id="4650956826" visible="true" version="5" changeset="72251503" timestamp="2019-07-15T07:23:51Z" user="Vasiljeva" uid="10050069" lat="43.1211786" lon="131.9067035"/>
 <node id="4650956827" visible="true" version="4" changeset="72251503" timestamp="2019-07-15T07:23:51Z" user="Vasiljeva" uid="10050069" lat="43.1213136" lon="131.9067027"/>
 <node id="4650956828" visible="true" version="4" changeset="72251503" timestamp="2019-07-15T07:23:51Z" user="Vasiljeva" uid="10050069" lat="43.1213138" lon="131.9067712"/>
 <node id="4650956829" visible="true" version="5" changeset="72251503" timestamp="2019-07-15T07:23:51Z" user="Vasiljeva" uid="10050069" lat="43.1211785" lon="131.9067720"/>
 <node id="4650957907" visible="true" version="4" changeset="72245278" timestamp="2019-07-15T01:03:17Z" user="Vasiljeva" uid="10050069" lat="43.1208458" lon="131.9048398"/>
 <node id="4650957908" visible="true" version="4" changeset="72245278" timestamp="2019-07-15T01:03:17Z" user="Vasiljeva" uid="10050069" lat="43.1209075" lon="131.9048593"/>
 <node id="4650957909" visible="true" version="4" changeset="72245278" timestamp="2019-07-15T01:03:17Z" user="Vasiljeva" uid="10050069" lat="43.1208991" lon="131.9049096"/>
 <node id="4650957910" visible="true" version="4" changeset="72245278" timestamp="2019-07-15T01:03:17Z" user="Vasiljeva" uid="10050069" lat="43.1208374" lon="131.9048900"/>
 <node id="4650958979" visible="true" version="5" changeset="72251503" timestamp="2019-07-15T07:23:51Z" user="Vasiljeva" uid="10050069" lat="43.1208450" lon="131.9066314"/>
 <node id="4650958980" visible="true" version="5" changeset="72251503" timestamp="2019-07-15T07:23:51Z" user="Vasiljeva" uid="10050069" lat="43.1211787" lon="131.9066324"/>
 <node id="4650958981" visible="true" version="5" changeset="72251503" timestamp="2019-07-15T07:23:51Z" user="Vasiljeva" uid="10050069" lat="43.1211782" lon="131.9069416"/>
 <node id="4650959067" visible="true" version="5" changeset="72251503" timestamp="2019-07-15T07:23:51Z" user="Vasiljeva" uid="10050069" lat="43.1208445" lon="131.9069406"/>
 <node id="4650970727" visible="true" version="4" changeset="72245278" timestamp="2019-07-15T01:03:17Z" user="Vasiljeva" uid="10050069" lat="43.1208637" lon="131.9047398"/>
 <node id="4650970728" visible="true" version="3" changeset="72245278" timestamp="2019-07-15T01:03:17Z" user="Vasiljeva" uid="10050069" lat="43.1208260" lon="131.9048050"/>
 <node id="4650970729" visible="true" version="3" changeset="72245278" timestamp="2019-07-15T01:03:17Z" user="Vasiljeva" uid="10050069" lat="43.1206592" lon="131.9046283"/>
 <node id="4712922466" visible="true" version="4" changeset="72251503" timestamp="2019-07-15T07:23:51Z" user="Vasiljeva" uid="10050069" lat="43.1212449" lon="131.9067716"/>
 <node id="4712922467" visible="true" version="4" changeset="72251503" timestamp="2019-07-15T07:23:51Z" user="Vasiljeva" uid="10050069" lat="43.1212447" lon="131.9067031"/>
 <node id="4712923088" visible="true" version="4" changeset="72251503" timestamp="2019-07-15T07:23:51Z" user="Vasiljeva" uid="10050069" lat="43.1197334" lon="131.9077956"/>
 <node id="4712923089" visible="true" version="3" changeset="56338608" timestamp="2018-02-14T00:52:34Z" user="Sasha_SH" uid="4988915" lat="43.1197752" lon="131.9079014"/>
 <node id="4712923091" visible="true" version="6" changeset="72251503" timestamp="2019-07-15T07:23:51Z" user="Vasiljeva" uid="10050069" lat="43.1202531" lon="131.9071291"/>
 <node id="4712923092" visible="true" version="6" changeset="81577230" timestamp="2020-02-28T06:59:28Z" user="kashcheeva" uid="3808237" lat="43.1200333" lon="131.9073940"/>
 <node id="4712923095" visible="true" version="3" changeset="74286327" timestamp="2019-09-10T02:49:07Z" user="Vasiljeva" uid="10050069" lat="43.1204252" lon="131.9010968"/>
 <node id="4712923096" visible="true" version="3" changeset="72411435" timestamp="2019-07-19T02:41:25Z" user="Vasiljeva" uid="10050069" lat="43.1205724" lon="131.9014700"/>
 <node id="4712923144" visible="true" version="5" changeset="74601947" timestamp="2019-09-18T00:23:30Z" user="Vasiljeva" uid="10050069" lat="43.1207358" lon="131.9053448"/>
 <node id="4712923826" visible="true" version="1" changeset="46515035" timestamp="2017-03-02T07:59:22Z" user="Hrs_365" uid="3464009" lat="43.1215734" lon="131.9037022"/>
 <node id="4712923827" visible="true" version="1" changeset="46515035" timestamp="2017-03-02T07:59:22Z" user="Hrs_365" uid="3464009" lat="43.1212431" lon="131.9036874"/>
 <node id="4712923828" visible="true" version="1" changeset="46515035" timestamp="2017-03-02T07:59:22Z" user="Hrs_365" uid="3464009" lat="43.1203449" lon="131.9046295"/>
 <node id="4712923829" visible="true" version="10" changeset="163473666" timestamp="2025-03-11T08:21:46Z" user="Александр Синявский" uid="3798127" lat="43.1225757" lon="131.9045735">
  <tag k="crossing" v="marked"/>
  <tag k="crossing:markings" v="yes"/>
  <tag k="highway" v="crossing"/>
  <tag k="tactile_paving" v="no"/>
 </node>
 <node id="4712923830" visible="true" version="9" changeset="163472164" timestamp="2025-03-11T07:27:26Z" user="Александр Синявский" uid="3798127" lat="43.1226603" lon="131.9043554">
  <tag k="crossing" v="marked"/>
  <tag k="crossing:markings" v="yes"/>
  <tag k="highway" v="crossing"/>
  <tag k="tactile_paving" v="no"/>
 </node>
 <node id="4712923863" visible="true" version="2" changeset="72245278" timestamp="2019-07-15T01:03:17Z" user="Vasiljeva" uid="10050069" lat="43.1230254" lon="131.9048493"/>
 <node id="4712923864" visible="true" version="4" changeset="72245278" timestamp="2019-07-15T01:03:17Z" user="Vasiljeva" uid="10050069" lat="43.1228409" lon="131.9047236"/>
 <node id="4712923865" visible="true" version="2" changeset="74601947" timestamp="2019-09-18T00:23:30Z" user="Vasiljeva" uid="10050069" lat="43.1230498" lon="131.9047730"/>
 <node id="4712923866" visible="true" version="3" changeset="74601947" timestamp="2019-09-18T00:23:30Z" user="Vasiljeva" uid="10050069" lat="43.1228748" lon="131.9046511"/>
 <node id="4712923883" visible="true" version="2" changeset="50930719" timestamp="2017-08-08T00:01:58Z" user="Sasha_SH" uid="4988915" lat="43.1214567" lon="131.9081769"/>
 <node id="4712923884" visible="true" version="4" changeset="74601947" timestamp="2019-09-18T00:23:30Z" user="Vasiljeva" uid="10050069" lat="43.1215595" lon="131.9077617"/>
 <node id="4712923885" visible="true" version="6" changeset="74601947" timestamp="2019-09-18T00:23:30Z" user="Vasiljeva" uid="10050069" lat="43.1216674" lon="131.9073359"/>
 <node id="4712923886" visible="true" version="3" changeset="72251503" timestamp="2019-07-15T07:23:51Z" user="Vasiljeva" uid="10050069" lat="43.1218228" lon="131.9071862"/>
 <node id="4712923887" visible="true" version="2" changeset="60521927" timestamp="2018-07-09T02:18:30Z" user="Sasha_SH" uid="4988915" lat="43.1218329" lon="131.9071447"/>
 <node id="4712923888" visible="true" version="3" changeset="72251503" timestamp="2019-07-15T07:23:51Z" user="Vasiljeva" uid="10050069" lat="43.1218794" lon="131.9070642"/>
 <node id="4712923889" visible="true" version="3" changeset="72251503" timestamp="2019-07-15T07:23:51Z" user="Vasiljeva" uid="10050069" lat="43.1219303" lon="131.9070621"/>
 <node id="4712923890" visible="true" version="3" changeset="72251503" timestamp="2019-07-15T07:23:51Z" user="Vasiljeva" uid="10050069" lat="43.1222186" lon="131.9071875"/>
 <node id="4712923895" visible="true" version="2" changeset="72251503" timestamp="2019-07-15T07:23:51Z" user="Vasiljeva" uid="10050069" lat="43.1224835" lon="131.9072815"/>
 <node id="4712923897" visible="true" version="2" changeset="48186421" timestamp="2017-04-27T08:15:03Z" user="Marina Kudryavceva" uid="4997771" lat="43.1217303" lon="131.9068328"/>
 <node id="4712923898" visible="true" version="2" changeset="50930719" timestamp="2017-08-08T00:01:58Z" user="Sasha_SH" uid="4988915" lat="43.1211424" lon="131.9062173"/>
 <node id="4712923902" visible="true" version="4" changeset="72251503" timestamp="2019-07-15T07:23:51Z" user="Vasiljeva" uid="10050069" lat="43.1197612" lon="131.9035726"/>
 <node id="4712923903" visible="true" version="1" changeset="46515035" timestamp="2017-03-02T07:59:23Z" user="Hrs_365" uid="3464009" lat="43.1198542" lon="131.9036531"/>
 <node id="4712923904" visible="true" version="2" changeset="72166668" timestamp="2019-07-12T07:51:41Z" user="kashcheeva" uid="3808237" lat="43.1198561" lon="131.9038488"/>
 <node id="4712924118" visible="true" version="4" changeset="74286327" timestamp="2019-09-10T02:49:07Z" user="Vasiljeva" uid="10050069" lat="43.1209440" lon="131.9024008"/>
 <node id="4712924168" visible="true" version="3" changeset="74601947" timestamp="2019-09-18T00:23:30Z" user="Vasiljeva" uid="10050069" lat="43.1246164" lon="131.9087122"/>
 <node id="4712924170" visible="true" version="2" changeset="74601947" timestamp="2019-09-18T00:23:30Z" user="Vasiljeva" uid="10050069" lat="43.1207102" lon="131.9054928"/>
 <node id="4712924203" visible="true" version="4" changeset="72251503" timestamp="2019-07-15T07:23:51Z" user="Vasiljeva" uid="10050069" lat="43.1201436" lon="131.9047056"/>
 <node id="4712924264" visible="true" version="4" changeset="74601947" timestamp="2019-09-18T00:23:30Z" user="Vasiljeva" uid="10050069" lat="43.1212821" lon="131.9087564"/>
 <node id="4712924853" visible="true" version="1" changeset="46515035" timestamp="2017-03-02T07:59:39Z" user="Hrs_365" uid="3464009" lat="43.1241556" lon="131.8830204">
  <tag k="power" v="tower"/>
 </node>
 <node id="4712924854" visible="true" version="1" changeset="46515035" timestamp="2017-03-02T07:59:39Z" user="Hrs_365" uid="3464009" lat="43.1239150" lon="131.8847003">
  <tag k="power" v="tower"/>
 </node>
 <node id="4712933153" visible="true" version="2" changeset="72411435" timestamp="2019-07-19T02:41:25Z" user="Vasiljeva" uid="10050069" lat="43.1198948" lon="131.8997121"/>
 <node id="4712933854" visible="true" version="2" changeset="72411435" timestamp="2019-07-19T02:41:25Z" user="Vasiljeva" uid="10050069" lat="43.1207352" lon="131.9018961"/>
 <node id="4712933909" visible="true" version="2" changeset="72411435" timestamp="2019-07-19T02:41:25Z" user="Vasiljeva" uid="10050069" lat="43.1208324" lon="131.9021103"/>
 <node id="4712933976" visible="true" version="2" changeset="74286327" timestamp="2019-09-10T02:49:07Z" user="Vasiljeva" uid="10050069" lat="43.1208287" lon="131.9023863"/>
 <node id="4712934052" visible="true" version="1" changeset="46515035" timestamp="2017-03-02T08:02:00Z" user="Hrs_365" uid="3464009" lat="43.1200941" lon="131.9026916"/>
 <node id="4712934063" visible="true" version="2" changeset="72411435" timestamp="2019-07-19T02:41:25Z" user="Vasiljeva" uid="10050069" lat="43.1210631" lon="131.9027063"/>
 <node id="4712934093" visible="true" version="3" changeset="72411435" timestamp="2019-07-19T02:41:25Z" user="Vasiljeva" uid="10050069" lat="43.1221586" lon="131.9028484"/>
 <node id="4712934120" visible="true" version="2" changeset="72411435" timestamp="2019-07-19T02:41:25Z" user="Vasiljeva" uid="10050069" lat="43.1221135" lon="131.9029591"/>
 <node id="4712934139" visible="true" version="2" changeset="72411435" timestamp="2019-07-19T02:41:25Z" user="Vasiljeva" uid="10050069" lat="43.1221019" lon="131.9030805"/>
 <node id="4712934145" visible="true" version="2" changeset="72411435" timestamp="2019-07-19T02:41:25Z" user="Vasiljeva" uid="10050069" lat="43.1212072" lon="131.9030653"/>
 <node id="4712934160" visible="true" version="3" changeset="72411435" timestamp="2019-07-19T02:41:25Z" user="Vasiljeva" uid="10050069" lat="43.1220943" lon="131.9031842"/>
 <node id="4712934174" visible="true" version="3" changeset="72411435" timestamp="2019-07-19T02:41:25Z" user="Vasiljeva" uid="10050069" lat="43.1220824" lon="131.9032267"/>
 <node id="4712934194" visible="true" version="4" changeset="72411435" timestamp="2019-07-19T02:41:25Z" user="Vasiljeva" uid="10050069" lat="43.1220423" lon="131.9032937"/>
 <node id="4712934199" visible="true" version="2" changeset="72411435" timestamp="2019-07-19T02:41:25Z" user="Vasiljeva" uid="10050069" lat="43.1212010" lon="131.9033327"/>
 <node id="4712934203" visible="true" version="4" changeset="72411435" timestamp="2019-07-19T02:41:25Z" user="Vasiljeva" uid="10050069" lat="43.1220061" lon="131.9033430"/>
 <node id="4712934204" visible="true" version="2" changeset="72411435" timestamp="2019-07-19T02:41:25Z" user="Vasiljeva" uid="10050069" lat="43.1213038" lon="131.9032433"/>
 <node id="4712934214" visible="true" version="7" changeset="74934543" timestamp="2019-09-26T02:52:09Z" user="Vasiljeva" uid="10050069" lat="43.1219654" lon="131.9034103"/>
 <node id="4712934218" visible="true" version="2" changeset="72411435" timestamp="2019-07-19T02:41:25Z" user="Vasiljeva" uid="10050069" lat="43.1214185" lon="131.9033826"/>
 <node id="4712934229" visible="true" version="2" changeset="72411435" timestamp="2019-07-19T02:41:25Z" user="Vasiljeva" uid="10050069" lat="43.1222027" lon="131.9034940"/>
 <node id="4712934236" visible="true" version="3" changeset="72411435" timestamp="2019-07-19T02:41:25Z" user="Vasiljeva" uid="10050069" lat="43.1221405" lon="131.9035131"/>
 <node id="4712934244" visible="true" version="7" changeset="74934543" timestamp="2019-09-26T02:52:09Z" user="Vasiljeva" uid="10050069" lat="43.1219215" lon="131.9035494"/>
 <node id="4712934270" visible="true" version="2" changeset="72411435" timestamp="2019-07-19T02:41:25Z" user="Vasiljeva" uid="10050069" lat="43.1216397" lon="131.9036102"/>
 <node id="4712934280" visible="true" version="2" changeset="72245278" timestamp="2019-07-15T01:03:17Z" user="Vasiljeva" uid="10050069" lat="43.1213124" lon="131.9037145"/>
 <node id="4712934282" visible="true" version="2" changeset="72245278" timestamp="2019-07-15T01:03:17Z" user="Vasiljeva" uid="10050069" lat="43.1212279" lon="131.9037078"/>
 <node id="4712934286" visible="true" version="2" changeset="72245278" timestamp="2019-07-15T01:03:17Z" user="Vasiljeva" uid="10050069" lat="43.1214173" lon="131.9037584"/>
 <node id="4712934287" visible="true" version="7" changeset="74934543" timestamp="2019-09-26T02:52:09Z" user="Vasiljeva" uid="10050069" lat="43.1218662" lon="131.9037249"/>
 <node id="4712934288" visible="true" version="5" changeset="74934543" timestamp="2019-09-26T02:52:09Z" user="Vasiljeva" uid="10050069" lat="43.1218995" lon="131.9037242">
  <tag k="access" v="private"/>
  <tag k="barrier" v="gate"/>
 </node>
 <node id="4712934290" visible="true" version="3" changeset="74934543" timestamp="2019-09-26T02:52:09Z" user="Vasiljeva" uid="10050069" lat="43.1219618" lon="131.9037340"/>
 <node id="4712934295" visible="true" version="4" changeset="74601947" timestamp="2019-09-18T00:23:30Z" user="Vasiljeva" uid="10050069" lat="43.1226957" lon="131.9038396"/>
 <node id="4712934299" visible="true" version="2" changeset="72245278" timestamp="2019-07-15T01:03:17Z" user="Vasiljeva" uid="10050069" lat="43.1211303" lon="131.9037909"/>
 <node id="4712934301" visible="true" version="4" changeset="74934543" timestamp="2019-09-26T02:52:09Z" user="Vasiljeva" uid="10050069" lat="43.1220332" lon="131.9037768"/>
 <node id="4712934307" visible="true" version="5" changeset="74934543" timestamp="2019-09-26T02:52:09Z" user="Vasiljeva" uid="10050069" lat="43.1218528" lon="131.9037676"/>
 <node id="4712934308" visible="true" version="1" changeset="46515035" timestamp="2017-03-02T08:02:06Z" user="Hrs_365" uid="3464009" lat="43.1215838" lon="131.9038473"/>
 <node id="4712934316" visible="true" version="2" changeset="72245278" timestamp="2019-07-15T01:03:17Z" user="Vasiljeva" uid="10050069" lat="43.1217040" lon="131.9039371"/>
 <node id="4712934330" visible="true" version="6" changeset="163472164" timestamp="2025-03-11T07:27:26Z" user="Александр Синявский" uid="3798127" lat="43.1228037" lon="131.9039247"/>
 <node id="4712934338" visible="true" version="2" changeset="72245278" timestamp="2019-07-15T01:03:17Z" user="Vasiljeva" uid="10050069" lat="43.1218177" lon="131.9040129"/>
 <node id="4712934361" visible="true" version="6" changeset="163472164" timestamp="2025-03-11T07:27:26Z" user="Александр Синявский" uid="3798127" lat="43.1227508" lon="131.9040803"/>
 <node id="4712934366" visible="true" version="4" changeset="72411435" timestamp="2019-07-19T02:41:25Z" user="Vasiljeva" uid="10050069" lat="43.1225934" lon="131.9041135"/>
 <node id="4712934372" visible="true" version="3" changeset="74934543" timestamp="2019-09-26T02:52:09Z" user="Vasiljeva" uid="10050069" lat="43.1224118" lon="131.9040506"/>
 <node id="4712934376" visible="true" version="3" changeset="74934543" timestamp="2019-09-26T02:52:09Z" user="Vasiljeva" uid="10050069" lat="43.1222141" lon="131.9040193"/>
 <node id="4712934381" visible="true" version="3" changeset="72245278" timestamp="2019-07-15T01:03:17Z" user="Vasiljeva" uid="10050069" lat="43.1218860" lon="131.9040640"/>
 <node id="4712934419" visible="true" version="5" changeset="74601947" timestamp="2019-09-18T00:23:30Z" user="Vasiljeva" uid="10050069" lat="43.1199271" lon="131.9042411"/>
 <node id="4712934432" visible="true" version="4" changeset="74601947" timestamp="2019-09-18T00:23:30Z" user="Vasiljeva" uid="10050069" lat="43.1198966" lon="131.9042473"/>
 <node id="4712934474" visible="true" version="3" changeset="72245278" timestamp="2019-07-15T01:03:17Z" user="Vasiljeva" uid="10050069" lat="43.1205546" lon="131.9044064"/>
 <node id="4712934496" visible="true" version="3" changeset="72245278" timestamp="2019-07-15T01:03:17Z" user="Vasiljeva" uid="10050069" lat="43.1204911" lon="131.9044713"/>
 <node id="4712934513" visible="true" version="3" changeset="72245278" timestamp="2019-07-15T01:03:17Z" user="Vasiljeva" uid="10050069" lat="43.1203948" lon="131.9046060"/>
 <node id="4712934518" visible="true" version="3" changeset="72245278" timestamp="2019-07-15T01:03:17Z" user="Vasiljeva" uid="10050069" lat="43.1205320" lon="131.9046741"/>
 <node id="4712934528" visible="true" version="3" changeset="72245278" timestamp="2019-07-15T01:03:17Z" user="Vasiljeva" uid="10050069" lat="43.1203809" lon="131.9046693"/>
 <node id="4712934529" visible="true" version="2" changeset="72245278" timestamp="2019-07-15T01:03:17Z" user="Vasiljeva" uid="10050069" lat="43.1206238" lon="131.9046845"/>
 <node id="4712934553" visible="true" version="3" changeset="72245278" timestamp="2019-07-15T01:03:17Z" user="Vasiljeva" uid="10050069" lat="43.1203901" lon="131.9047207"/>
 <node id="4712934558" visible="true" version="5" changeset="74601947" timestamp="2019-09-18T00:23:30Z" user="Vasiljeva" uid="10050069" lat="43.1201576" lon="131.9047607"/>
 <node id="4712934571" visible="true" version="9" changeset="163472164" timestamp="2025-03-11T07:27:26Z" user="Александр Синявский" uid="3798127" lat="43.1224718" lon="131.9048505"/>
 <node id="4712934576" visible="true" version="3" changeset="72245278" timestamp="2019-07-15T01:03:17Z" user="Vasiljeva" uid="10050069" lat="43.1204151" lon="131.9047896"/>
 <node id="4712934579" visible="true" version="4" changeset="74601947" timestamp="2019-09-18T00:23:30Z" user="Vasiljeva" uid="10050069" lat="43.1201117" lon="131.9048227"/>
 <node id="4712934580" visible="true" version="8" changeset="163472164" timestamp="2025-03-11T07:27:26Z" user="Александр Синявский" uid="3798127" lat="43.1224478" lon="131.9049169"/>
 <node id="4712934582" visible="true" version="2" changeset="72245278" timestamp="2019-07-15T01:03:17Z" user="Vasiljeva" uid="10050069" lat="43.1207970" lon="131.9048834"/>
 <node id="4712934584" visible="true" version="3" changeset="74601947" timestamp="2019-09-18T00:23:30Z" user="Vasiljeva" uid="10050069" lat="43.1200479" lon="131.9049125">
  <tag k="access" v="private"/>
  <tag k="barrier" v="gate"/>
 </node>
 <node id="4712934596" visible="true" version="3" changeset="72245278" timestamp="2019-07-15T01:03:17Z" user="Vasiljeva" uid="10050069" lat="43.1204370" lon="131.9048333"/>
 <node id="4712934597" visible="true" version="3" changeset="72245278" timestamp="2019-07-15T01:03:17Z" user="Vasiljeva" uid="10050069" lat="43.1208058" lon="131.9049156"/>
 <node id="4712934605" visible="true" version="5" changeset="74601947" timestamp="2019-09-18T00:23:30Z" user="Vasiljeva" uid="10050069" lat="43.1224849" lon="131.9049407">
  <tag k="access" v="private"/>
  <tag k="barrier" v="lift_gate"/>
 </node>
 <node id="4712934608" visible="true" version="4" changeset="74601947" timestamp="2019-09-18T00:23:30Z" user="Vasiljeva" uid="10050069" lat="43.1208011" lon="131.9049663"/>
 <node id="4712934612" visible="true" version="2" changeset="72251503" timestamp="2019-07-15T07:23:51Z" user="Vasiljeva" uid="10050069" lat="43.1203491" lon="131.9050700"/>
 <node id="4712934613" visible="true" version="4" changeset="74601947" timestamp="2019-09-18T00:23:30Z" user="Vasiljeva" uid="10050069" lat="43.1225848" lon="131.9050297"/>
 <node id="4712934620" visible="true" version="5" changeset="74601947" timestamp="2019-09-18T00:23:30Z" user="Vasiljeva" uid="10050069" lat="43.1226489" lon="131.9051024"/>
 <node id="4712934626" visible="true" version="4" changeset="74601947" timestamp="2019-09-18T00:23:30Z" user="Vasiljeva" uid="10050069" lat="43.1225602" lon="131.9051049"/>
 <node id="4712934627" visible="true" version="4" changeset="74601947" timestamp="2019-09-18T00:23:30Z" user="Vasiljeva" uid="10050069" lat="43.1207815" lon="131.9050800"/>
 <node id="4712934628" visible="true" version="3" changeset="72245278" timestamp="2019-07-15T01:03:17Z" user="Vasiljeva" uid="10050069" lat="43.1206649" lon="131.9052374"/>
 <node id="4712934639" visible="true" version="5" changeset="74601947" timestamp="2019-09-18T00:23:30Z" user="Vasiljeva" uid="10050069" lat="43.1227485" lon="131.9051845"/>
 <node id="4712934640" visible="true" version="4" changeset="74601947" timestamp="2019-09-18T00:23:30Z" user="Vasiljeva" uid="10050069" lat="43.1225201" lon="131.9052277"/>
 <node id="4712934645" visible="true" version="4" changeset="74601947" timestamp="2019-09-18T00:23:30Z" user="Vasiljeva" uid="10050069" lat="43.1207666" lon="131.9051665"/>
 <node id="4712934653" visible="true" version="2" changeset="72251503" timestamp="2019-07-15T07:23:51Z" user="Vasiljeva" uid="10050069" lat="43.1204697" lon="131.9052495"/>
 <node id="4712934659" visible="true" version="4" changeset="74601947" timestamp="2019-09-18T00:23:30Z" user="Vasiljeva" uid="10050069" lat="43.1227826" lon="131.9052593"/>
 <node id="4712934674" visible="true" version="2" changeset="74601947" timestamp="2019-09-18T00:23:30Z" user="Vasiljeva" uid="10050069" lat="43.1207409" lon="131.9053153"/>
 <node id="4712934676" visible="true" version="4" changeset="74601947" timestamp="2019-09-18T00:23:30Z" user="Vasiljeva" uid="10050069" lat="43.1227850" lon="131.9053009"/>
 <node id="4712934679" visible="true" version="4" changeset="74601947" timestamp="2019-09-18T00:23:30Z" user="Vasiljeva" uid="10050069" lat="43.1205614" lon="131.9053948"/>
 <node id="4712934719" visible="true" version="4" changeset="52343784" timestamp="2017-09-25T04:26:59Z" user="Sasha_SH" uid="4988915" lat="43.1219905" lon="131.9061983"/>
 <node id="4712934730" visible="true" version="3" changeset="74601947" timestamp="2019-09-18T00:23:30Z" user="Vasiljeva" uid="10050069" lat="43.1223979" lon="131.9056015"/>
 <node id="4712934760" visible="true" version="2" changeset="69296285" timestamp="2019-04-17T06:26:16Z" user="Sasha_SH" uid="4988915" lat="43.1208935" lon="131.9057454"/>
 <node id="4712934763" visible="true" version="4" changeset="74601947" timestamp="2019-09-18T00:23:30Z" user="Vasiljeva" uid="10050069" lat="43.1206572" lon="131.9058004"/>
 <node id="4712934765" visible="true" version="4" changeset="72245278" timestamp="2019-07-15T01:03:17Z" user="Vasiljeva" uid="10050069" lat="43.1210578" lon="131.9057444"/>
 <node id="4712934766" visible="true" version="5" changeset="69296285" timestamp="2019-04-17T06:26:16Z" user="Sasha_SH" uid="4988915" lat="43.1211239" lon="131.9057502"/>
 <node id="4712934774" visible="true" version="5" changeset="74601947" timestamp="2019-09-18T00:23:30Z" user="Vasiljeva" uid="10050069" lat="43.1206612" lon="131.9059339"/>
 <node id="4712934777" visible="true" version="3" changeset="72245278" timestamp="2019-07-15T01:03:17Z" user="Vasiljeva" uid="10050069" lat="43.1226013" lon="131.9058401"/>
 <node id="4712934802" visible="true" version="3" changeset="72251503" timestamp="2019-07-15T07:23:51Z" user="Vasiljeva" uid="10050069" lat="43.1207941" lon="131.9060943"/>
 <node id="4712934836" visible="true" version="5" changeset="72251503" timestamp="2019-07-15T07:23:51Z" user="Vasiljeva" uid="10050069" lat="43.1209189" lon="131.9062644"/>
 <node id="4712934859" visible="true" version="3" changeset="72251503" timestamp="2019-07-15T07:23:51Z" user="Vasiljeva" uid="10050069" lat="43.1208543" lon="131.9063646"/>
 <node id="4712934874" visible="true" version="5" changeset="72245278" timestamp="2019-07-15T01:03:17Z" user="Vasiljeva" uid="10050069" lat="43.1220063" lon="131.9064575"/>
 <node id="4712934878" visible="true" version="4" changeset="72251503" timestamp="2019-07-15T07:23:51Z" user="Vasiljeva" uid="10050069" lat="43.1210145" lon="131.9063926">
  <tag k="access" v="private"/>
  <tag k="barrier" v="gate"/>
 </node>
 <node id="4712934879" visible="true" version="4" changeset="52343784" timestamp="2017-09-25T04:26:59Z" user="Sasha_SH" uid="4988915" lat="43.1219234" lon="131.9063358"/>
 <node id="4712934881" visible="true" version="3" changeset="60450628" timestamp="2018-07-06T00:41:48Z" user="Sasha_SH" uid="4988915" lat="43.1216616" lon="131.9064415"/>
 <node id="4712934891" visible="true" version="6" changeset="81657486" timestamp="2020-03-02T01:22:08Z" user="kashcheeva" uid="3808237" lat="43.1217059" lon="131.9065137"/>
 <node id="4712934895" visible="true" version="4" changeset="81577230" timestamp="2020-02-28T06:59:28Z" user="kashcheeva" uid="3808237" lat="43.1207652" lon="131.9065212"/>
 <node id="4712934901" visible="true" version="3" changeset="60450628" timestamp="2018-07-06T00:41:48Z" user="Sasha_SH" uid="4988915" lat="43.1210259" lon="131.9065427"/>
 <node id="4712934904" visible="true" version="3" changeset="72245278" timestamp="2019-07-15T01:03:17Z" user="Vasiljeva" uid="10050069" lat="43.1219119" lon="131.9065815"/>
 <node id="4712934906" visible="true" version="4" changeset="60450628" timestamp="2018-07-06T00:41:48Z" user="Sasha_SH" uid="4988915" lat="43.1217143" lon="131.9065510"/>
 <node id="4712934910" visible="true" version="3" changeset="60450628" timestamp="2018-07-06T00:41:48Z" user="Sasha_SH" uid="4988915" lat="43.1210307" lon="131.9065701"/>
 <node id="4712934911" visible="true" version="2" changeset="72245278" timestamp="2019-07-15T01:03:17Z" user="Vasiljeva" uid="10050069" lat="43.1219943" lon="131.9065713"/>
 <node id="4712934913" visible="true" version="3" changeset="60450628" timestamp="2018-07-06T00:41:48Z" user="Sasha_SH" uid="4988915" lat="43.1210504" lon="131.9065769"/>
 <node id="4712934914" visible="true" version="2" changeset="52343784" timestamp="2017-09-25T04:26:59Z" user="Sasha_SH" uid="4988915" lat="43.1212200" lon="131.9065779"/>
 <node id="4712934917" visible="true" version="2" changeset="52343784" timestamp="2017-09-25T04:26:59Z" user="Sasha_SH" uid="4988915" lat="43.1212332" lon="131.9065900"/>
 <node id="4712934919" visible="true" version="4" changeset="52343784" timestamp="2017-09-25T04:26:59Z" user="Sasha_SH" uid="4988915" lat="43.1217669" lon="131.9065809"/>
 <node id="4712934920" visible="true" version="2" changeset="52343784" timestamp="2017-09-25T04:26:59Z" user="Sasha_SH" uid="4988915" lat="43.1212405" lon="131.9066087"/>
 <node id="4712934921" visible="true" version="5" changeset="72251503" timestamp="2019-07-15T07:23:51Z" user="Vasiljeva" uid="10050069" lat="43.1206515" lon="131.9067040"/>
 <node id="4712934922" visible="true" version="4" changeset="56337988" timestamp="2018-02-13T23:59:28Z" user="Sasha_SH" uid="4988915" lat="43.1203634" lon="131.9067640"/>
 <node id="4712934936" visible="true" version="4" changeset="50959532" timestamp="2017-08-09T04:19:28Z" user="Sasha_SH" uid="4988915" lat="43.1217038" lon="131.9066897"/>
 <node id="4712934944" visible="true" version="4" changeset="56338985" timestamp="2018-02-14T01:33:05Z" user="Sasha_SH" uid="4988915" lat="43.1214879" lon="131.9068257"/>
 <node id="4712934945" visible="true" version="1" changeset="46515035" timestamp="2017-03-02T08:02:25Z" user="Hrs_365" uid="3464009" lat="43.1213235" lon="131.9068170"/>
 <node id="4712934947" visible="true" version="1" changeset="46515035" timestamp="2017-03-02T08:02:25Z" user="Hrs_365" uid="3464009" lat="43.1212434" lon="131.9068199"/>
 <node id="4712934949" visible="true" version="5" changeset="72251503" timestamp="2019-07-15T07:23:51Z" user="Vasiljeva" uid="10050069" lat="43.1206762" lon="131.9067567">
  <tag k="access" v="private"/>
  <tag k="barrier" v="lift_gate"/>
 </node>
 <node id="4712934950" visible="true" version="6" changeset="72245278" timestamp="2019-07-15T01:03:17Z" user="Vasiljeva" uid="10050069" lat="43.1222140" lon="131.9066337"/>
 <node id="4712934951" visible="true" version="5" changeset="72251503" timestamp="2019-07-15T07:23:51Z" user="Vasiljeva" uid="10050069" lat="43.1206014" lon="131.9067623"/>
 <node id="4712934966" visible="true" version="1" changeset="46515035" timestamp="2017-03-02T08:02:25Z" user="Hrs_365" uid="3464009" lat="43.1213218" lon="131.9069335"/>
 <node id="4712934970" visible="true" version="1" changeset="46515035" timestamp="2017-03-02T08:02:25Z" user="Hrs_365" uid="3464009" lat="43.1212451" lon="131.9069631"/>
 <node id="4712934971" visible="true" version="4" changeset="69328551" timestamp="2019-04-18T02:59:02Z" user="Sasha_SH" uid="4988915" lat="43.1219769" lon="131.9069586"/>
 <node id="4712934979" visible="true" version="3" changeset="74601947" timestamp="2019-09-18T00:23:30Z" user="Vasiljeva" uid="10050069" lat="43.1217938" lon="131.9070551"/>
 <node id="4712934980" visible="true" version="5" changeset="72251503" timestamp="2019-07-15T07:23:51Z" user="Vasiljeva" uid="10050069" lat="43.1201012" lon="131.9071151">
  <tag k="access" v="private"/>
  <tag k="barrier" v="gate"/>
 </node>
 <node id="4712934983" visible="true" version="2" changeset="60522356" timestamp="2018-07-09T03:07:00Z" user="Sasha_SH" uid="4988915" lat="43.1216805" lon="131.9070272"/>
 <node id="4712934986" visible="true" version="5" changeset="74601947" timestamp="2019-09-18T00:23:30Z" user="Vasiljeva" uid="10050069" lat="43.1209202" lon="131.9070333"/>
 <node id="4712934988" visible="true" version="3" changeset="60521927" timestamp="2018-07-09T02:18:30Z" user="Sasha_SH" uid="4988915" lat="43.1222004" lon="131.9070972"/>
 <node id="4712934989" visible="true" version="2" changeset="50957606" timestamp="2017-08-09T00:46:22Z" user="Sasha_SH" uid="4988915" lat="43.1200709" lon="131.9071711"/>
 <node id="4712934990" visible="true" version="4" changeset="56337988" timestamp="2018-02-13T23:59:28Z" user="Sasha_SH" uid="4988915" lat="43.1202572" lon="131.9071056"/>
 <node id="4712934996" visible="true" version="4" changeset="74601947" timestamp="2019-09-18T00:23:30Z" user="Vasiljeva" uid="10050069" lat="43.1208206" lon="131.9071425"/>
 <node id="4712935003" visible="true" version="3" changeset="72251503" timestamp="2019-07-15T07:23:51Z" user="Vasiljeva" uid="10050069" lat="43.1218545" lon="131.9071954">
  <tag k="barrier" v="gate"/>
 </node>
 <node id="4712935006" visible="true" version="3" changeset="56337988" timestamp="2018-02-13T23:59:28Z" user="Sasha_SH" uid="4988915" lat="43.1200272" lon="131.9072449"/>
 <node id="4712935010" visible="true" version="2" changeset="50930963" timestamp="2017-08-08T00:37:40Z" user="Sasha_SH" uid="4988915" lat="43.1226651" lon="131.9072532"/>
 <node id="4712935015" visible="true" version="5" changeset="72251503" timestamp="2019-07-15T07:23:51Z" user="Vasiljeva" uid="10050069" lat="43.1201141" lon="131.9072829"/>
 <node id="4712935017" visible="true" version="5" changeset="72251503" timestamp="2019-07-15T07:23:51Z" user="Vasiljeva" uid="10050069" lat="43.1208610" lon="131.9073645"/>
 <node id="4712935019" visible="true" version="7" changeset="72251503" timestamp="2019-07-15T07:23:51Z" user="Vasiljeva" uid="10050069" lat="43.1224099" lon="131.9072964">
  <tag k="access" v="private"/>
  <tag k="barrier" v="gate"/>
 </node>
 <node id="4712935021" visible="true" version="4" changeset="68824032" timestamp="2019-04-03T06:16:31Z" user="kashcheeva" uid="3808237" lat="43.1199867" lon="131.9073301">
  <tag k="access" v="private"/>
  <tag k="barrier" v="lift_gate"/>
 </node>
 <node id="4712935023" visible="true" version="5" changeset="81577230" timestamp="2020-02-28T06:59:28Z" user="kashcheeva" uid="3808237" lat="43.1206816" lon="131.9073326"/>
 <node id="4712935026" visible="true" version="3" changeset="52345409" timestamp="2017-09-25T06:27:35Z" user="Sasha_SH" uid="4988915" lat="43.1226037" lon="131.9073464"/>
 <node id="4712935035" visible="true" version="5" changeset="74601947" timestamp="2019-09-18T00:23:30Z" user="Vasiljeva" uid="10050069" lat="43.1212430" lon="131.9073418"/>
 <node id="4712935037" visible="true" version="3" changeset="74601947" timestamp="2019-09-18T00:23:30Z" user="Vasiljeva" uid="10050069" lat="43.1217042" lon="131.9073533"/>
 <node id="4712935039" visible="true" version="6" changeset="60522356" timestamp="2018-07-09T03:07:00Z" user="Sasha_SH" uid="4988915" lat="43.1206806" lon="131.9074383"/>
 <node id="4712935047" visible="true" version="2" changeset="52345409" timestamp="2017-09-25T06:27:35Z" user="Sasha_SH" uid="4988915" lat="43.1228688" lon="131.9074373"/>
 <node id="4712935057" visible="true" version="7" changeset="72251503" timestamp="2019-07-15T07:23:51Z" user="Vasiljeva" uid="10050069" lat="43.1206801" lon="131.9074702">
  <tag k="access" v="private"/>
  <tag k="barrier" v="gate"/>
 </node>
 <node id="4712935062" visible="true" version="3" changeset="60451201" timestamp="2018-07-06T01:45:48Z" user="Sasha_SH" uid="4988915" lat="43.1231627" lon="131.9075320"/>
 <node id="4712935081" visible="true" version="2" changeset="60451201" timestamp="2018-07-06T01:45:48Z" user="Sasha_SH" uid="4988915" lat="43.1232926" lon="131.9076094"/>
 <node id="4712935083" visible="true" version="1" changeset="46515035" timestamp="2017-03-02T08:02:28Z" user="Hrs_365" uid="3464009" lat="43.1235836" lon="131.9076266"/>
 <node id="4712935204" visible="true" version="2" changeset="60451201" timestamp="2018-07-06T01:45:49Z" user="Sasha_SH" uid="4988915" lat="43.1234313" lon="131.9077142"/>
 <node id="4712935227" visible="true" version="3" changeset="74601947" timestamp="2019-09-18T00:23:30Z" user="Vasiljeva" uid="10050069" lat="43.1215975" lon="131.9077734"/>
 <node id="4712935233" visible="true" version="2" changeset="60451201" timestamp="2018-07-06T01:45:49Z" user="Sasha_SH" uid="4988915" lat="43.1236401" lon="131.9078864"/>
 <node id="4712935272" visible="true" version="3" changeset="72251503" timestamp="2019-07-15T07:23:51Z" user="Vasiljeva" uid="10050069" lat="43.1215433" lon="131.9080141"/>
 <node id="4712935492" visible="true" version="4" changeset="72166668" timestamp="2019-07-12T07:51:41Z" user="kashcheeva" uid="3808237" lat="43.1196222" lon="131.9082277"/>
 <node id="4712935518" visible="true" version="3" changeset="72251503" timestamp="2019-07-15T07:23:51Z" user="Vasiljeva" uid="10050069" lat="43.1214789" lon="131.9082933"/>
 <node id="4712935527" visible="true" version="1" changeset="46515035" timestamp="2017-03-02T08:02:32Z" user="Hrs_365" uid="3464009" lat="43.1199496" lon="131.9083443"/>
 <node id="4712935529" visible="true" version="1" changeset="46515035" timestamp="2017-03-02T08:02:32Z" user="Hrs_365" uid="3464009" lat="43.1200133" lon="131.9083501"/>
 <node id="4712935537" visible="true" version="1" changeset="46515035" timestamp="2017-03-02T08:02:32Z" user="Hrs_365" uid="3464009" lat="43.1198903" lon="131.9083587"/>
 <node id="4712935541" visible="true" version="2" changeset="50936972" timestamp="2017-08-08T08:19:40Z" user="Sasha_SH" uid="4988915" lat="43.1198033" lon="131.9083675"/>
 <node id="4712935553" visible="true" version="2" changeset="72251503" timestamp="2019-07-15T07:23:51Z" user="Vasiljeva" uid="10050069" lat="43.1214531" lon="131.9084238"/>
 <node id="4712935554" visible="true" version="2" changeset="50957606" timestamp="2017-08-09T00:46:22Z" user="Sasha_SH" uid="4988915" lat="43.1201087" lon="131.9084267"/>
 <node id="4712935556" visible="true" version="2" changeset="60451201" timestamp="2018-07-06T01:45:49Z" user="Sasha_SH" uid="4988915" lat="43.1241354" lon="131.9084329"/>
 <node id="4712935559" visible="true" version="2" changeset="72245278" timestamp="2019-07-15T01:03:17Z" user="Vasiljeva" uid="10050069" lat="43.1243882" lon="131.9084478"/>
 <node id="4712935792" visible="true" version="3" changeset="72251503" timestamp="2019-07-15T07:23:51Z" user="Vasiljeva" uid="10050069" lat="43.1214386" lon="131.9085893"/>
 <node id="4712935794" visible="true" version="2" changeset="66323568" timestamp="2019-01-15T07:17:37Z" user="Sasha_SH" uid="4988915" lat="43.1204497" lon="131.9086953"/>
 <node id="4712935805" visible="true" version="3" changeset="74601947" timestamp="2019-09-18T00:23:30Z" user="Vasiljeva" uid="10050069" lat="43.1214318" lon="131.9086944"/>
 <node id="4712935810" visible="true" version="1" changeset="46515035" timestamp="2017-03-02T08:02:34Z" user="Hrs_365" uid="3464009" lat="43.1204736" lon="131.9087106"/>
 <node id="4712935815" visible="true" version="3" changeset="74601947" timestamp="2019-09-18T00:23:30Z" user="Vasiljeva" uid="10050069" lat="43.1214162" lon="131.9087301"/>
 <node id="4712935819" visible="true" version="1" changeset="46515035" timestamp="2017-03-02T08:02:34Z" user="Hrs_365" uid="3464009" lat="43.1206409" lon="131.9087498"/>
 <node id="4712935822" visible="true" version="1" changeset="46515035" timestamp="2017-03-02T08:02:35Z" user="Hrs_365" uid="3464009" lat="43.1207968" lon="131.9087729"/>
 <node id="4712944419" visible="true" version="2" changeset="72411435" timestamp="2019-07-19T02:41:25Z" user="Vasiljeva" uid="10050069" lat="43.1224323" lon="131.9033429"/>
 <node id="4759122661" visible="true" version="2" changeset="60521927" timestamp="2018-07-09T02:18:31Z" user="Sasha_SH" uid="4988915" lat="43.1209862" lon="131.9038134"/>
 <node id="4759122662" visible="true" version="2" changeset="60521927" timestamp="2018-07-09T02:18:31Z" user="Sasha_SH" uid="4988915" lat="43.1206022" lon="131.9042156"/>
 <node id="4759122679" visible="true" version="4" changeset="72251503" timestamp="2019-07-15T07:23:53Z" user="Vasiljeva" uid="10050069" lat="43.1205814" lon="131.9066433"/>
 <node id="4759122680" visible="true" version="5" changeset="72251503" timestamp="2019-07-15T07:23:53Z" user="Vasiljeva" uid="10050069" lat="43.1202152" lon="131.9070361"/>
 <node id="4759122681" visible="true" version="4" changeset="72251503" timestamp="2019-07-15T07:23:53Z" user="Vasiljeva" uid="10050069" lat="43.1200280" lon="131.9073201"/>
 <node id="4759123218" visible="true" version="3" changeset="81577230" timestamp="2020-02-28T06:59:28Z" user="kashcheeva" uid="3808237" lat="43.1207451" lon="131.9062918"/>
 <node id="4759123570" visible="true" version="7" changeset="74601947" timestamp="2019-09-18T00:23:30Z" user="Vasiljeva" uid="10050069" lat="43.1204264" lon="131.9069980"/>
 <node id="4759123858" visible="true" version="3" changeset="72251503" timestamp="2019-07-15T07:23:53Z" user="Vasiljeva" uid="10050069" lat="43.1200047" lon="131.9050777"/>
 <node id="4759123859" visible="true" version="3" changeset="72251503" timestamp="2019-07-15T07:23:53Z" user="Vasiljeva" uid="10050069" lat="43.1203415" lon="131.9054689"/>
 <node id="4759123860" visible="true" version="4" changeset="74934543" timestamp="2019-09-26T02:52:09Z" user="Vasiljeva" uid="10050069" lat="43.1222106" lon="131.9039854"/>
 <node id="4759123861" visible="true" version="2" changeset="72411435" timestamp="2019-07-19T02:41:25Z" user="Vasiljeva" uid="10050069" lat="43.1219572" lon="131.9038074"/>
 <node id="4759124053" visible="true" version="5" changeset="72245278" timestamp="2019-07-15T01:03:17Z" user="Vasiljeva" uid="10050069" lat="43.1223739" lon="131.9058294"/>
 <node id="4759124054" visible="true" version="4" changeset="72245278" timestamp="2019-07-15T01:03:17Z" user="Vasiljeva" uid="10050069" lat="43.1225014" lon="131.9059476"/>
 <node id="4759124112" visible="true" version="4" changeset="72411435" timestamp="2019-07-19T02:41:25Z" user="Vasiljeva" uid="10050069" lat="43.1218514" lon="131.9037072"/>
 <node id="4759124113" visible="true" version="3" changeset="72411435" timestamp="2019-07-19T02:41:25Z" user="Vasiljeva" uid="10050069" lat="43.1215705" lon="131.9035104"/>
 <node id="4759124114" visible="true" version="3" changeset="72411435" timestamp="2019-07-19T02:41:25Z" user="Vasiljeva" uid="10050069" lat="43.1214667" lon="131.9034039"/>
 <node id="4759124115" visible="true" version="4" changeset="72411435" timestamp="2019-07-19T02:41:25Z" user="Vasiljeva" uid="10050069" lat="43.1213740" lon="131.9032837"/>
 <node id="4759124342" visible="true" version="3" changeset="60522356" timestamp="2018-07-09T03:07:00Z" user="Sasha_SH" uid="4988915" lat="43.1209427" lon="131.9064302"/>
 <node id="4759124343" visible="true" version="5" changeset="72251503" timestamp="2019-07-15T07:23:53Z" user="Vasiljeva" uid="10050069" lat="43.1208007" lon="131.9066447"/>
 <node id="4759124344" visible="true" version="5" changeset="72251503" timestamp="2019-07-15T07:23:53Z" user="Vasiljeva" uid="10050069" lat="43.1207986" lon="131.9069866"/>
 <node id="4759124414" visible="true" version="4" changeset="72411435" timestamp="2019-07-19T02:41:25Z" user="Vasiljeva" uid="10050069" lat="43.1227225" lon="131.9038870"/>
 <node id="4759124415" visible="true" version="3" changeset="72411435" timestamp="2019-07-19T02:41:25Z" user="Vasiljeva" uid="10050069" lat="43.1225890" lon="131.9042440"/>
 <node id="4759124416" visible="true" version="5" changeset="74934543" timestamp="2019-09-26T02:52:09Z" user="Vasiljeva" uid="10050069" lat="43.1222414" lon="131.9040051"/>
 <node id="4759124761" visible="true" version="6" changeset="72251503" timestamp="2019-07-15T07:23:53Z" user="Vasiljeva" uid="10050069" lat="43.1207108" lon="131.9068722"/>
 <node id="4819722975" visible="true" version="4" changeset="55511860" timestamp="2018-01-17T05:32:31Z" user="kashcheeva" uid="3808237" lat="43.1206507" lon="131.9059831"/>
 <node id="4819723028" visible="true" version="1" changeset="48186421" timestamp="2017-04-27T08:15:00Z" user="Marina Kudryavceva" uid="4997771" lat="43.1202028" lon="131.9034463"/>
 <node id="4819723029" visible="true" version="1" changeset="48186421" timestamp="2017-04-27T08:15:00Z" user="Marina Kudryavceva" uid="4997771" lat="43.1203683" lon="131.9043318"/>
 <node id="4819723030" visible="true" version="1" changeset="48186421" timestamp="2017-04-27T08:15:00Z" user="Marina Kudryavceva" uid="4997771" lat="43.1204229" lon="131.9044684"/>
 <node id="4819723031" visible="true" version="1" changeset="48186421" timestamp="2017-04-27T08:15:00Z" user="Marina Kudryavceva" uid="4997771" lat="43.1205492" lon="131.9043400"/>
 <node id="4819723032" visible="true" version="1" changeset="48186421" timestamp="2017-04-27T08:15:00Z" user="Marina Kudryavceva" uid="4997771" lat="43.1207311" lon="131.9041491"/>
 <node id="4819723033" visible="true" version="1" changeset="48186421" timestamp="2017-04-27T08:15:00Z" user="Marina Kudryavceva" uid="4997771" lat="43.1200640" lon="131.9028330"/>
 <node id="4819723034" visible="true" version="1" changeset="48186421" timestamp="2017-04-27T08:15:00Z" user="Marina Kudryavceva" uid="4997771" lat="43.1203840" lon="131.9043863"/>
 <node id="4819723035" visible="true" version="2" changeset="50960580" timestamp="2017-08-09T05:51:58Z" user="Sasha_SH" uid="4988915" lat="43.1203557" lon="131.9042845"/>
 <node id="4819723036" visible="true" version="1" changeset="48186421" timestamp="2017-04-27T08:15:00Z" user="Marina Kudryavceva" uid="4997771" lat="43.1202339" lon="131.9037945"/>
 <node id="4819723037" visible="true" version="1" changeset="48186421" timestamp="2017-04-27T08:15:00Z" user="Marina Kudryavceva" uid="4997771" lat="43.1202155" lon="131.9035408"/>
 <node id="4819723038" visible="true" version="1" changeset="48186421" timestamp="2017-04-27T08:15:00Z" user="Marina Kudryavceva" uid="4997771" lat="43.1201787" lon="131.9033625"/>
 <node id="4819723039" visible="true" version="1" changeset="48186421" timestamp="2017-04-27T08:15:00Z" user="Marina Kudryavceva" uid="4997771" lat="43.1200785" lon="131.9031397"/>
 <node id="4819723040" visible="true" version="1" changeset="48186421" timestamp="2017-04-27T08:15:00Z" user="Marina Kudryavceva" uid="4997771" lat="43.1200591" lon="131.9029645"/>
 <node id="4819723042" visible="true" version="2" changeset="72251503" timestamp="2019-07-15T07:23:53Z" user="Vasiljeva" uid="10050069" lat="43.1221459" lon="131.9071519"/>
 <node id="4819723043" visible="true" version="1" changeset="48186421" timestamp="2017-04-27T08:15:00Z" user="Marina Kudryavceva" uid="4997771" lat="43.1225837" lon="131.9072301"/>
 <node id="4819723045" visible="true" version="1" changeset="48186421" timestamp="2017-04-27T08:15:00Z" user="Marina Kudryavceva" uid="4997771" lat="43.1217108" lon="131.9069582"/>
 <node id="4819723046" visible="true" version="1" changeset="48186421" timestamp="2017-04-27T08:15:00Z" user="Marina Kudryavceva" uid="4997771" lat="43.1216985" lon="131.9069910"/>
 <node id="4819723047" visible="true" version="1" changeset="48186421" timestamp="2017-04-27T08:15:00Z" user="Marina Kudryavceva" uid="4997771" lat="43.1217217" lon="131.9069208"/>
 <node id="4869304406" visible="true" version="2" changeset="72166668" timestamp="2019-07-12T07:51:41Z" user="kashcheeva" uid="3808237" lat="43.1206885" lon="131.9036834"/>
 <node id="4869304759" visible="true" version="1" changeset="48879963" timestamp="2017-05-22T08:02:49Z" user="Marina Kudryavceva" uid="4997771" lat="43.1202874" lon="131.9045826"/>
 <node id="4869304794" visible="true" version="2" changeset="72166668" timestamp="2019-07-12T07:51:41Z" user="kashcheeva" uid="3808237" lat="43.1200769" lon="131.9028014"/>
 <node id="4869304800" visible="true" version="1" changeset="48879963" timestamp="2017-05-22T08:02:49Z" user="Marina Kudryavceva" uid="4997771" lat="43.1202663" lon="131.9045902"/>
 <node id="4869304818" visible="true" version="3" changeset="72251503" timestamp="2019-07-15T07:23:53Z" user="Vasiljeva" uid="10050069" lat="43.1208340" lon="131.9036995"/>
 <node id="4869304919" visible="true" version="1" changeset="48879963" timestamp="2017-05-22T08:02:40Z" user="Marina Kudryavceva" uid="4997771" lat="43.1205667" lon="131.9042584"/>
 <node id="4869305028" visible="true" version="2" changeset="72166668" timestamp="2019-07-12T07:51:41Z" user="kashcheeva" uid="3808237" lat="43.1205999" lon="131.9033156"/>
 <node id="4869305087" visible="true" version="3" changeset="72251503" timestamp="2019-07-15T07:23:53Z" user="Vasiljeva" uid="10050069" lat="43.1207543" lon="131.9038096"/>
 <node id="4869305103" visible="true" version="1" changeset="48879963" timestamp="2017-05-22T08:02:41Z" user="Marina Kudryavceva" uid="4997771" lat="43.1204732" lon="131.9043597"/>
 <node id="4869305109" visible="true" version="1" changeset="48879963" timestamp="2017-05-22T08:02:41Z" user="Marina Kudryavceva" uid="4997771" lat="43.1203768" lon="131.9043325"/>
 <node id="4869305149" visible="true" version="1" changeset="48879963" timestamp="2017-05-22T08:02:42Z" user="Marina Kudryavceva" uid="4997771" lat="43.1201911" lon="131.9043261"/>
 <node id="4869305155" visible="true" version="3" changeset="72251503" timestamp="2019-07-15T07:23:53Z" user="Vasiljeva" uid="10050069" lat="43.1207592" lon="131.9034133"/>
 <node id="4869305178" visible="true" version="1" changeset="48879963" timestamp="2017-05-22T08:02:43Z" user="Marina Kudryavceva" uid="4997771" lat="43.1204115" lon="131.9044249"/>
 <node id="4869305190" visible="true" version="1" changeset="48879963" timestamp="2017-05-22T08:02:43Z" user="Marina Kudryavceva" uid="4997771" lat="43.1202515" lon="131.9043097"/>
 <node id="4869305210" visible="true" version="3" changeset="72251503" timestamp="2019-07-15T07:23:53Z" user="Vasiljeva" uid="10050069" lat="43.1208483" lon="131.9036054"/>
 <node id="4869305247" visible="true" version="1" changeset="48879963" timestamp="2017-05-22T08:02:44Z" user="Marina Kudryavceva" uid="4997771" lat="43.1203605" lon="131.9043367"/>
 <node id="4869305252" visible="true" version="3" changeset="72251503" timestamp="2019-07-15T07:23:53Z" user="Vasiljeva" uid="10050069" lat="43.1207010" lon="131.9032635"/>
 <node id="4869305264" visible="true" version="1" changeset="48879963" timestamp="2017-05-22T08:02:44Z" user="Marina Kudryavceva" uid="4997771" lat="43.1201775" lon="131.9043908"/>
 <node id="4869305316" visible="true" version="1" changeset="48879963" timestamp="2017-05-22T08:02:45Z" user="Marina Kudryavceva" uid="4997771" lat="43.1202260" lon="131.9045457"/>
 <node id="4869305321" visible="true" version="1" changeset="48879963" timestamp="2017-05-22T08:02:45Z" user="Marina Kudryavceva" uid="4997771" lat="43.1203965" lon="131.9044396"/>
 <node id="4869305331" visible="true" version="2" changeset="72166668" timestamp="2019-07-12T07:51:41Z" user="kashcheeva" uid="3808237" lat="43.1202239" lon="131.9028641"/>
 <node id="4869305594" visible="true" version="3" changeset="72251503" timestamp="2019-07-15T07:23:53Z" user="Vasiljeva" uid="10050069" lat="43.1207613" lon="131.9038338"/>
 <node id="4869305627" visible="true" version="2" changeset="72166668" timestamp="2019-07-12T07:51:41Z" user="kashcheeva" uid="3808237" lat="43.1201606" lon="131.9040016"/>
 <node id="4869305729" visible="true" version="3" changeset="72251503" timestamp="2019-07-15T07:23:53Z" user="Vasiljeva" uid="10050069" lat="43.1197491" lon="131.9030776"/>
 <node id="4869305764" visible="true" version="3" changeset="72251503" timestamp="2019-07-15T07:23:53Z" user="Vasiljeva" uid="10050069" lat="43.1208293" lon="131.9033095"/>
 <node id="4869305866" visible="true" version="1" changeset="48879963" timestamp="2017-05-22T08:02:55Z" user="Marina Kudryavceva" uid="4997771" lat="43.1201755" lon="131.9043506"/>
 <node id="4869306162" visible="true" version="3" changeset="72251503" timestamp="2019-07-15T07:23:53Z" user="Vasiljeva" uid="10050069" lat="43.1207779" lon="131.9035760"/>
 <node id="4869306168" visible="true" version="2" changeset="72166668" timestamp="2019-07-12T07:51:41Z" user="kashcheeva" uid="3808237" lat="43.1206853" lon="131.9037794"/>
 <node id="4869306202" visible="true" version="3" changeset="72251503" timestamp="2019-07-15T07:23:53Z" user="Vasiljeva" uid="10050069" lat="43.1207133" lon="131.9033022"/>
 <node id="4869306380" visible="true" version="3" changeset="72251503" timestamp="2019-07-15T07:23:53Z" user="Vasiljeva" uid="10050069" lat="43.1208610" lon="131.9035136"/>
 <node id="4869306518" visible="true" version="1" changeset="48879963" timestamp="2017-05-22T08:03:04Z" user="Marina Kudryavceva" uid="4997771" lat="43.1203785" lon="131.9043949"/>
 <node id="4869306534" visible="true" version="1" changeset="48879963" timestamp="2017-05-22T08:03:04Z" user="Marina Kudryavceva" uid="4997771" lat="43.1204013" lon="131.9044067"/>
 <node id="4869306554" visible="true" version="2" changeset="72166668" timestamp="2019-07-12T07:51:41Z" user="kashcheeva" uid="3808237" lat="43.1201436" lon="131.9028009"/>
 <node id="4869306583" visible="true" version="1" changeset="48879963" timestamp="2017-05-22T08:03:05Z" user="Marina Kudryavceva" uid="4997771" lat="43.1202181" lon="131.9043097"/>
 <node id="4869306613" visible="true" version="1" changeset="48879963" timestamp="2017-05-22T08:03:06Z" user="Marina Kudryavceva" uid="4997771" lat="43.1203016" lon="131.9045625"/>
 <node id="4869306639" visible="true" version="2" changeset="72166668" timestamp="2019-07-12T07:51:41Z" user="kashcheeva" uid="3808237" lat="43.1200977" lon="131.9039267"/>
 <node id="4869306654" visible="true" version="2" changeset="72166668" timestamp="2019-07-12T07:51:41Z" user="kashcheeva" uid="3808237" lat="43.1206693" lon="131.9034861"/>
 <node id="4869306791" visible="true" version="2" changeset="72166668" timestamp="2019-07-12T07:51:41Z" user="kashcheeva" uid="3808237" lat="43.1206285" lon="131.9039362"/>
 <node id="4869306958" visible="true" version="2" changeset="72166668" timestamp="2019-07-12T07:51:41Z" user="kashcheeva" uid="3808237" lat="43.1202153" lon="131.9040590"/>
 <node id="4869307095" visible="true" version="3" changeset="72251503" timestamp="2019-07-15T07:23:53Z" user="Vasiljeva" uid="10050069" lat="43.1197907" lon="131.9030011"/>
 <node id="4869307123" visible="true" version="1" changeset="48879963" timestamp="2017-05-22T08:03:16Z" user="Marina Kudryavceva" uid="4997771" lat="43.1202464" lon="131.9045804"/>
 <node id="4869307225" visible="true" version="3" changeset="72251503" timestamp="2019-07-15T07:23:53Z" user="Vasiljeva" uid="10050069" lat="43.1207051" lon="131.9032360"/>
 <node id="4869307318" visible="true" version="3" changeset="72251503" timestamp="2019-07-15T07:23:53Z" user="Vasiljeva" uid="10050069" lat="43.1208629" lon="131.9034231"/>
 <node id="4869307351" visible="true" version="2" changeset="72166668" timestamp="2019-07-12T07:51:41Z" user="kashcheeva" uid="3808237" lat="43.1199539" lon="131.9036435"/>
 <node id="4869307384" visible="true" version="2" changeset="72166668" timestamp="2019-07-12T07:51:41Z" user="kashcheeva" uid="3808237" lat="43.1204426" lon="131.9041121"/>
 <node id="4869307452" visible="true" version="2" changeset="72166668" timestamp="2019-07-12T07:51:41Z" user="kashcheeva" uid="3808237" lat="43.1206819" lon="131.9035820"/>
 <node id="4869307491" visible="true" version="2" changeset="72166668" timestamp="2019-07-12T07:51:41Z" user="kashcheeva" uid="3808237" lat="43.1206399" lon="131.9033959"/>
 <node id="4869307508" visible="true" version="3" changeset="72251503" timestamp="2019-07-15T07:23:53Z" user="Vasiljeva" uid="10050069" lat="43.1207248" lon="131.9032338"/>
 <node id="4869307524" visible="true" version="1" changeset="48879963" timestamp="2017-05-22T08:03:24Z" user="Marina Kudryavceva" uid="4997771" lat="43.1203917" lon="131.9043842"/>
 <node id="4869307577" visible="true" version="3" changeset="72251503" timestamp="2019-07-15T07:23:53Z" user="Vasiljeva" uid="10050069" lat="43.1207685" lon="131.9037020"/>
 <node id="4869307582" visible="true" version="2" changeset="72166668" timestamp="2019-07-12T07:51:41Z" user="kashcheeva" uid="3808237" lat="43.1206592" lon="131.9038611"/>
 <node id="4869307620" visible="true" version="3" changeset="72251503" timestamp="2019-07-15T07:23:53Z" user="Vasiljeva" uid="10050069" lat="43.1208545" lon="131.9033583"/>
 <node id="4869307724" visible="true" version="3" changeset="72251503" timestamp="2019-07-15T07:23:53Z" user="Vasiljeva" uid="10050069" lat="43.1197917" lon="131.9033388"/>
 <node id="4869307883" visible="true" version="3" changeset="72251503" timestamp="2019-07-15T07:23:53Z" user="Vasiljeva" uid="10050069" lat="43.1207783" lon="131.9038286"/>
 <node id="4869307903" visible="true" version="2" changeset="72166668" timestamp="2019-07-12T07:51:41Z" user="kashcheeva" uid="3808237" lat="43.1203305" lon="131.9041289"/>
 <node id="4869308161" visible="true" version="1" changeset="48879963" timestamp="2017-05-22T08:03:39Z" user="Marina Kudryavceva" uid="4997771" lat="43.1203179" lon="131.9045344"/>
 <node id="4869309019" visible="true" version="1" changeset="48879963" timestamp="2017-05-22T08:03:47Z" user="Marina Kudryavceva" uid="4997771" lat="43.1205922" lon="131.9042682"/>
 <node id="4869309066" visible="true" version="1" changeset="48879963" timestamp="2017-05-22T08:03:48Z" user="Marina Kudryavceva" uid="4997771" lat="43.1203689" lon="131.9043646"/>
 <node id="4869309126" visible="true" version="2" changeset="72166668" timestamp="2019-07-12T07:51:41Z" user="kashcheeva" uid="3808237" lat="43.1205401" lon="131.9040572"/>
 <node id="4869309158" visible="true" version="2" changeset="72166668" timestamp="2019-07-12T07:51:41Z" user="kashcheeva" uid="3808237" lat="43.1205888" lon="131.9039951"/>
 <node id="4869309166" visible="true" version="3" changeset="72251503" timestamp="2019-07-15T07:23:53Z" user="Vasiljeva" uid="10050069" lat="43.1197507" lon="131.9031962"/>
 <node id="4869309194" visible="true" version="1" changeset="48879963" timestamp="2017-05-22T08:03:51Z" user="Marina Kudryavceva" uid="4997771" lat="43.1201968" lon="131.9044666"/>
 <node id="4877497599" visible="true" version="1" changeset="48993274" timestamp="2017-05-26T07:46:16Z" user="kashcheeva" uid="3808237" lat="43.1226059" lon="131.9115677"/>
 <node id="4891093670" visible="true" version="3" changeset="72411435" timestamp="2019-07-19T02:41:25Z" user="Vasiljeva" uid="10050069" lat="43.1223946" lon="131.9041035"/>
 <node id="4891093671" visible="true" version="3" changeset="72411435" timestamp="2019-07-19T02:41:25Z" user="Vasiljeva" uid="10050069" lat="43.1225883" lon="131.9042388"/>
 <node id="4891093672" visible="true" version="3" changeset="72411435" timestamp="2019-07-19T02:41:25Z" user="Vasiljeva" uid="10050069" lat="43.1227137" lon="131.9039071"/>
 <node id="4891093673" visible="true" version="2" changeset="72411435" timestamp="2019-07-19T02:41:25Z" user="Vasiljeva" uid="10050069" lat="43.1225200" lon="131.9037718"/>
 <node id="4891093674" visible="true" version="3" changeset="72411435" timestamp="2019-07-19T02:41:25Z" user="Vasiljeva" uid="10050069" lat="43.1225952" lon="131.9042416"/>
 <node id="4891093675" visible="true" version="3" changeset="72411435" timestamp="2019-07-19T02:41:25Z" user="Vasiljeva" uid="10050069" lat="43.1226285" lon="131.9042650"/>
 <node id="4891093676" visible="true" version="3" changeset="72411435" timestamp="2019-07-19T02:41:25Z" user="Vasiljeva" uid="10050069" lat="43.1227455" lon="131.9039546"/>
 <node id="4891093677" visible="true" version="3" changeset="72411435" timestamp="2019-07-19T02:41:25Z" user="Vasiljeva" uid="10050069" lat="43.1227123" lon="131.9039310"/>
 <node id="4891253199" visible="true" version="7" changeset="72245278" timestamp="2019-07-15T01:03:17Z" user="Vasiljeva" uid="10050069" lat="43.1223195" lon="131.9055037"/>
 <node id="4891253200" visible="true" version="6" changeset="72245278" timestamp="2019-07-15T01:03:17Z" user="Vasiljeva" uid="10050069" lat="43.1224009" lon="131.9055504"/>
 <node id="4891253201" visible="true" version="6" changeset="72245278" timestamp="2019-07-15T01:03:17Z" user="Vasiljeva" uid="10050069" lat="43.1225391" lon="131.9050878"/>
 <node id="4891253202" visible="true" version="7" changeset="72245278" timestamp="2019-07-15T01:03:17Z" user="Vasiljeva" uid="10050069" lat="43.1224895" lon="131.9050120"/>
 <node id="4891253207" visible="true" version="4" changeset="72251503" timestamp="2019-07-15T07:23:53Z" user="Vasiljeva" uid="10050069" lat="43.1211433" lon="131.9063646"/>
 <node id="4891253208" visible="true" version="2" changeset="60522356" timestamp="2018-07-09T03:07:00Z" user="Sasha_SH" uid="4988915" lat="43.1210638" lon="131.9063511"/>
 <node id="4891253209" visible="true" version="2" changeset="60522356" timestamp="2018-07-09T03:07:00Z" user="Sasha_SH" uid="4988915" lat="43.1211971" lon="131.9063335"/>
 <node id="4891253210" visible="true" version="2" changeset="60522356" timestamp="2018-07-09T03:07:00Z" user="Sasha_SH" uid="4988915" lat="43.1213238" lon="131.9064590"/>
 <node id="4891253211" visible="true" version="3" changeset="72251503" timestamp="2019-07-15T07:23:53Z" user="Vasiljeva" uid="10050069" lat="43.1213590" lon="131.9063991"/>
 <node id="4891253212" visible="true" version="3" changeset="72251503" timestamp="2019-07-15T07:23:53Z" user="Vasiljeva" uid="10050069" lat="43.1211164" lon="131.9061179"/>
 <node id="4891253221" visible="true" version="6" changeset="72245278" timestamp="2019-07-15T01:03:17Z" user="Vasiljeva" uid="10050069" lat="43.1221062" lon="131.9062248"/>
 <node id="4891253222" visible="true" version="4" changeset="72251503" timestamp="2019-07-15T07:23:53Z" user="Vasiljeva" uid="10050069" lat="43.1218443" lon="131.9072995"/>
 <node id="4891253223" visible="true" version="5" changeset="72251503" timestamp="2019-07-15T07:23:53Z" user="Vasiljeva" uid="10050069" lat="43.1222587" lon="131.9072993"/>
 <node id="4891253224" visible="true" version="5" changeset="72251503" timestamp="2019-07-15T07:23:53Z" user="Vasiljeva" uid="10050069" lat="43.1222586" lon="131.9072210"/>
 <node id="4891253225" visible="true" version="5" changeset="72251503" timestamp="2019-07-15T07:23:53Z" user="Vasiljeva" uid="10050069" lat="43.1218792" lon="131.9071140"/>
 <node id="4923028837" visible="true" version="3" changeset="110491274" timestamp="2021-08-31T05:49:31Z" user="KhoraKavat" uid="11346447" lat="43.1204225" lon="131.9096676"/>
 <node id="4969703906" visible="true" version="6" changeset="72245278" timestamp="2019-07-15T01:03:17Z" user="Vasiljeva" uid="10050069" lat="43.1229052" lon="131.9052672"/>
 <node id="4969703910" visible="true" version="6" changeset="72245278" timestamp="2019-07-15T01:03:17Z" user="Vasiljeva" uid="10050069" lat="43.1225351" lon="131.9059711"/>
 <node id="4969703912" visible="true" version="4" changeset="72245278" timestamp="2019-07-15T01:03:17Z" user="Vasiljeva" uid="10050069" lat="43.1229670" lon="131.9059993"/>
 <node id="4969703913" visible="true" version="3" changeset="72245278" timestamp="2019-07-15T01:03:17Z" user="Vasiljeva" uid="10050069" lat="43.1230324" lon="131.9057477"/>
 <node id="4969703914" visible="true" version="3" changeset="60451201" timestamp="2018-07-06T01:45:49Z" user="Sasha_SH" uid="4988915" lat="43.1223178" lon="131.9057830"/>
 <node id="4969703915" visible="true" version="5" changeset="69328551" timestamp="2019-04-18T02:59:03Z" user="Sasha_SH" uid="4988915" lat="43.1222913" lon="131.9055052"/>
 <node id="4969703916" visible="true" version="4" changeset="72245278" timestamp="2019-07-15T01:03:17Z" user="Vasiljeva" uid="10050069" lat="43.1225321" lon="131.9048092"/>
 <node id="4969703917" visible="true" version="5" changeset="72245278" timestamp="2019-07-15T01:03:17Z" user="Vasiljeva" uid="10050069" lat="43.1225958" lon="131.9048544"/>
 <node id="4969705523" visible="true" version="5" changeset="72245278" timestamp="2019-07-15T01:03:17Z" user="Vasiljeva" uid="10050069" lat="43.1208259" lon="131.9053413"/>
 <node id="4969705524" visible="true" version="5" changeset="72251503" timestamp="2019-07-15T07:23:53Z" user="Vasiljeva" uid="10050069" lat="43.1222606" lon="131.9072190"/>
 <node id="4969705525" visible="true" version="5" changeset="72251503" timestamp="2019-07-15T07:23:53Z" user="Vasiljeva" uid="10050069" lat="43.1223028" lon="131.9075036"/>
 <node id="4969705526" visible="true" version="3" changeset="72251503" timestamp="2019-07-15T07:23:53Z" user="Vasiljeva" uid="10050069" lat="43.1218925" lon="131.9075149"/>
 <node id="4969705527" visible="true" version="2" changeset="72251503" timestamp="2019-07-15T07:23:53Z" user="Vasiljeva" uid="10050069" lat="43.1218550" lon="131.9074653"/>
 <node id="4969705528" visible="true" version="2" changeset="72251503" timestamp="2019-07-15T07:23:53Z" user="Vasiljeva" uid="10050069" lat="43.1218384" lon="131.9073220"/>
 <node id="4969705530" visible="true" version="5" changeset="72251503" timestamp="2019-07-15T07:23:53Z" user="Vasiljeva" uid="10050069" lat="43.1219098" lon="131.9070753"/>
 <node id="4969705533" visible="true" version="1" changeset="50274942" timestamp="2017-07-14T06:50:59Z" user="Marina Kudryavceva" uid="4997771" lat="43.1216587" lon="131.9069904"/>
 <node id="4969705534" visible="true" version="2" changeset="50959532" timestamp="2017-08-09T04:19:30Z" user="Sasha_SH" uid="4988915" lat="43.1216585" lon="131.9068033"/>
 <node id="4969705535" visible="true" version="2" changeset="60522356" timestamp="2018-07-09T03:07:00Z" user="Sasha_SH" uid="4988915" lat="43.1212054" lon="131.9063526"/>
 <node id="4969705536" visible="true" version="2" changeset="60522356" timestamp="2018-07-09T03:07:00Z" user="Sasha_SH" uid="4988915" lat="43.1209802" lon="131.9063796"/>
 <node id="4969705547" visible="true" version="2" changeset="72251503" timestamp="2019-07-15T07:23:53Z" user="Vasiljeva" uid="10050069" lat="43.1204416" lon="131.9063367"/>
 <node id="4969705549" visible="true" version="4" changeset="72251503" timestamp="2019-07-15T07:23:53Z" user="Vasiljeva" uid="10050069" lat="43.1201391" lon="131.9071370"/>
 <node id="4969705552" visible="true" version="5" changeset="72251503" timestamp="2019-07-15T07:23:53Z" user="Vasiljeva" uid="10050069" lat="43.1200056" lon="131.9044756"/>
 <node id="4969705556" visible="true" version="3" changeset="72251503" timestamp="2019-07-15T07:23:53Z" user="Vasiljeva" uid="10050069" lat="43.1200863" lon="131.9049504"/>
 <node id="4969809983" visible="true" version="3" changeset="72411435" timestamp="2019-07-19T02:41:25Z" user="Vasiljeva" uid="10050069" lat="43.1225306" lon="131.9036710"/>
 <node id="4969809984" visible="true" version="4" changeset="72411435" timestamp="2019-07-19T02:41:25Z" user="Vasiljeva" uid="10050069" lat="43.1225266" lon="131.9035328"/>
 <node id="4969809985" visible="true" version="3" changeset="72411435" timestamp="2019-07-19T02:41:25Z" user="Vasiljeva" uid="10050069" lat="43.1220840" lon="131.9033143"/>
 <node id="4969809986" visible="true" version="4" changeset="74934543" timestamp="2019-09-26T02:52:09Z" user="Vasiljeva" uid="10050069" lat="43.1219085" lon="131.9036953"/>
 <node id="5008486509" visible="true" version="2" changeset="74601947" timestamp="2019-09-18T00:23:30Z" user="Vasiljeva" uid="10050069" lat="43.1216398" lon="131.9076100"/>
 <node id="5019456210" visible="true" version="4" changeset="72251503" timestamp="2019-07-15T07:23:53Z" user="Vasiljeva" uid="10050069" lat="43.1216050" lon="131.9075911"/>
 <node id="5019456921" visible="true" version="3" changeset="74601947" timestamp="2019-09-18T00:23:30Z" user="Vasiljeva" uid="10050069" lat="43.1213564" lon="131.9087501"/>
 <node id="5021094931" visible="true" version="1" changeset="50930719" timestamp="2017-08-08T00:01:55Z" user="Sasha_SH" uid="4988915" lat="43.1209741" lon="131.9062610"/>
 <node id="5021094932" visible="true" version="1" changeset="50930719" timestamp="2017-08-08T00:01:55Z" user="Sasha_SH" uid="4988915" lat="43.1210465" lon="131.9062167"/>
 <node id="5021094933" visible="true" version="1" changeset="50930719" timestamp="2017-08-08T00:01:55Z" user="Sasha_SH" uid="4988915" lat="43.1210739" lon="131.9062127"/>
 <node id="5021094936" visible="true" version="4" changeset="74601947" timestamp="2019-09-18T00:23:30Z" user="Vasiljeva" uid="10050069" lat="43.1208380" lon="131.9071005"/>
 <node id="5021094942" visible="true" version="5" changeset="81577230" timestamp="2020-02-28T06:59:28Z" user="kashcheeva" uid="3808237" lat="43.1206838" lon="131.9070673"/>
 <node id="5021150442" visible="true" version="2" changeset="72251503" timestamp="2019-07-15T07:23:53Z" user="Vasiljeva" uid="10050069" lat="43.1221405" lon="131.9071831">
  <tag k="barrier" v="gate"/>
 </node>
 <node id="5021150444" visible="true" version="2" changeset="60451201" timestamp="2018-07-06T01:45:49Z" user="Sasha_SH" uid="4988915" lat="43.1236850" lon="131.9079273"/>
 <node id="5021150447" visible="true" version="5" changeset="72245278" timestamp="2019-07-15T01:03:17Z" user="Vasiljeva" uid="10050069" lat="43.1227820" lon="131.9051459"/>
 <node id="5021150461" visible="true" version="3" changeset="72245278" timestamp="2019-07-15T01:03:17Z" user="Vasiljeva" uid="10050069" lat="43.1226039" lon="131.9064998"/>
 <node id="5021150462" visible="true" version="3" changeset="72245278" timestamp="2019-07-15T01:03:17Z" user="Vasiljeva" uid="10050069" lat="43.1225852" lon="131.9065950"/>
 <node id="5021150463" visible="true" version="3" changeset="72245278" timestamp="2019-07-15T01:03:17Z" user="Vasiljeva" uid="10050069" lat="43.1227670" lon="131.9067053"/>
 <node id="5021150464" visible="true" version="5" changeset="72245278" timestamp="2019-07-15T01:03:17Z" user="Vasiljeva" uid="10050069" lat="43.1227037" lon="131.9057769"/>
 <node id="5021150465" visible="true" version="4" changeset="72245278" timestamp="2019-07-15T01:03:17Z" user="Vasiljeva" uid="10050069" lat="43.1223503" lon="131.9060478"/>
 <node id="5021150466" visible="true" version="4" changeset="72245278" timestamp="2019-07-15T01:03:17Z" user="Vasiljeva" uid="10050069" lat="43.1222476" lon="131.9064260"/>
 <node id="5021150467" visible="true" version="5" changeset="72245278" timestamp="2019-07-15T01:03:17Z" user="Vasiljeva" uid="10050069" lat="43.1222387" lon="131.9065513"/>
 <node id="5021150468" visible="true" version="4" changeset="72245278" timestamp="2019-07-15T01:03:17Z" user="Vasiljeva" uid="10050069" lat="43.1222564" lon="131.9069853"/>
 <node id="5021150469" visible="true" version="3" changeset="72245278" timestamp="2019-07-15T01:03:17Z" user="Vasiljeva" uid="10050069" lat="43.1226136" lon="131.9071166"/>
 <node id="5021150470" visible="true" version="3" changeset="72245278" timestamp="2019-07-15T01:03:17Z" user="Vasiljeva" uid="10050069" lat="43.1228858" lon="131.9062067"/>
 <node id="5021150472" visible="true" version="5" changeset="72245278" timestamp="2019-07-15T01:03:17Z" user="Vasiljeva" uid="10050069" lat="43.1220591" lon="131.9067809"/>
 <node id="5021150473" visible="true" version="4" changeset="163472164" timestamp="2025-03-11T07:27:26Z" user="Александр Синявский" uid="3798127" lat="43.1222916" lon="131.9053215"/>
 <node id="5021150476" visible="true" version="4" changeset="72245278" timestamp="2019-07-15T01:03:17Z" user="Vasiljeva" uid="10050069" lat="43.1219133" lon="131.9067371"/>
 <node id="5021689721" visible="true" version="1" changeset="50936972" timestamp="2017-08-08T08:19:30Z" user="Sasha_SH" uid="4988915" lat="43.1198289" lon="131.9083742"/>
 <node id="5021689722" visible="true" version="1" changeset="50936972" timestamp="2017-08-08T08:19:30Z" user="Sasha_SH" uid="4988915" lat="43.1198557" lon="131.9083708"/>
 <node id="5023200827" visible="true" version="3" changeset="72251503" timestamp="2019-07-15T07:23:53Z" user="Vasiljeva" uid="10050069" lat="43.1196672" lon="131.9078603"/>
 <node id="5023200828" visible="true" version="4" changeset="72251503" timestamp="2019-07-15T07:23:53Z" user="Vasiljeva" uid="10050069" lat="43.1198169" lon="131.9076995"/>
 <node id="5023200852" visible="true" version="6" changeset="74601947" timestamp="2019-09-18T00:23:30Z" user="Vasiljeva" uid="10050069" lat="43.1200187" lon="131.9073819"/>
 <node id="5023200862" visible="true" version="7" changeset="82915763" timestamp="2020-04-01T09:58:08Z" user="kashcheeva" uid="3808237" lat="43.1198002" lon="131.9076845"/>
 <node id="5023200863" visible="true" version="1" changeset="50957606" timestamp="2017-08-09T00:46:14Z" user="Sasha_SH" uid="4988915" lat="43.1197578" lon="131.9078797"/>
 <node id="5023200864" visible="true" version="2" changeset="56337988" timestamp="2018-02-13T23:59:29Z" user="Sasha_SH" uid="4988915" lat="43.1197534" lon="131.9078462"/>
 <node id="5023200865" visible="true" version="2" changeset="56337988" timestamp="2018-02-13T23:59:29Z" user="Sasha_SH" uid="4988915" lat="43.1197563" lon="131.9078228"/>
 <node id="5023200878" visible="true" version="4" changeset="56337988" timestamp="2018-02-13T23:59:29Z" user="Sasha_SH" uid="4988915" lat="43.1199658" lon="131.9074198"/>
 <node id="5023200879" visible="true" version="3" changeset="56337988" timestamp="2018-02-13T23:59:29Z" user="Sasha_SH" uid="4988915" lat="43.1199721" lon="131.9073667"/>
 <node id="5023200880" visible="true" version="1" changeset="50957606" timestamp="2017-08-09T00:46:15Z" user="Sasha_SH" uid="4988915" lat="43.1201337" lon="131.9070482"/>
 <node id="5023200882" visible="true" version="2" changeset="74601947" timestamp="2019-09-18T00:23:30Z" user="Vasiljeva" uid="10050069" lat="43.1209886" lon="131.9060763"/>
 <node id="5023200883" visible="true" version="2" changeset="81577230" timestamp="2020-02-28T06:59:28Z" user="kashcheeva" uid="3808237" lat="43.1207906" lon="131.9065413"/>
 <node id="5023200884" visible="true" version="1" changeset="50957606" timestamp="2017-08-09T00:46:15Z" user="Sasha_SH" uid="4988915" lat="43.1202076" lon="131.9069409"/>
 <node id="5023201135" visible="true" version="3" changeset="137313069" timestamp="2023-06-14T06:58:28Z" user="KhoraKavat" uid="11346447" lat="43.1202450" lon="131.9059404"/>
 <node id="5023201136" visible="true" version="3" changeset="137313069" timestamp="2023-06-14T06:58:28Z" user="KhoraKavat" uid="11346447" lat="43.1201809" lon="131.9059480"/>
 <node id="5023201137" visible="true" version="3" changeset="137313069" timestamp="2023-06-14T06:58:28Z" user="KhoraKavat" uid="11346447" lat="43.1201766" lon="131.9058787"/>
 <node id="5023201138" visible="true" version="3" changeset="137313069" timestamp="2023-06-14T06:58:28Z" user="KhoraKavat" uid="11346447" lat="43.1202406" lon="131.9058711"/>
 <node id="5023201144" visible="true" version="2" changeset="72251503" timestamp="2019-07-15T07:23:53Z" user="Vasiljeva" uid="10050069" lat="43.1200197" lon="131.9048327"/>
 <node id="5023201145" visible="true" version="2" changeset="72251503" timestamp="2019-07-15T07:23:53Z" user="Vasiljeva" uid="10050069" lat="43.1200378" lon="131.9047777"/>
 <node id="5023201148" visible="true" version="4" changeset="72251503" timestamp="2019-07-15T07:23:53Z" user="Vasiljeva" uid="10050069" lat="43.1200941" lon="131.9047536"/>
 <node id="5023201151" visible="true" version="2" changeset="74601947" timestamp="2019-09-18T00:23:30Z" user="Vasiljeva" uid="10050069" lat="43.1201402" lon="131.9047848"/>
 <node id="5023201152" visible="true" version="2" changeset="72251503" timestamp="2019-07-15T07:23:53Z" user="Vasiljeva" uid="10050069" lat="43.1201332" lon="131.9058050"/>
 <node id="5023201153" visible="true" version="2" changeset="72251503" timestamp="2019-07-15T07:23:53Z" user="Vasiljeva" uid="10050069" lat="43.1197426" lon="131.9054993"/>
 <node id="5023201154" visible="true" version="5" changeset="74601947" timestamp="2019-09-18T00:23:30Z" user="Vasiljeva" uid="10050069" lat="43.1206487" lon="131.9057285"/>
 <node id="5023201155" visible="true" version="4" changeset="72251503" timestamp="2019-07-15T07:23:53Z" user="Vasiljeva" uid="10050069" lat="43.1201215" lon="131.9047048"/>
 <node id="5023201156" visible="true" version="2" changeset="72251503" timestamp="2019-07-15T07:23:53Z" user="Vasiljeva" uid="10050069" lat="43.1203392" lon="131.9054386"/>
 <node id="5023201157" visible="true" version="2" changeset="72251503" timestamp="2019-07-15T07:23:53Z" user="Vasiljeva" uid="10050069" lat="43.1204129" lon="131.9055441"/>
 <node id="5023201158" visible="true" version="2" changeset="72251503" timestamp="2019-07-15T07:23:53Z" user="Vasiljeva" uid="10050069" lat="43.1204729" lon="131.9054654"/>
 <node id="5023201159" visible="true" version="2" changeset="72251503" timestamp="2019-07-15T07:23:53Z" user="Vasiljeva" uid="10050069" lat="43.1203992" lon="131.9053599"/>
 <node id="5023201161" visible="true" version="4" changeset="72251503" timestamp="2019-07-15T07:23:53Z" user="Vasiljeva" uid="10050069" lat="43.1209114" lon="131.9060236"/>
 <node id="5023201162" visible="true" version="4" changeset="74601947" timestamp="2019-09-18T00:23:30Z" user="Vasiljeva" uid="10050069" lat="43.1206642" lon="131.9058828"/>
 <node id="5023349412" visible="true" version="3" changeset="69296285" timestamp="2019-04-17T06:26:16Z" user="Sasha_SH" uid="4988915" lat="43.1209197" lon="131.9057205"/>
 <node id="5023349413" visible="true" version="2" changeset="69296285" timestamp="2019-04-17T06:26:16Z" user="Sasha_SH" uid="4988915" lat="43.1210900" lon="131.9057547"/>
 <node id="5023349414" visible="true" version="3" changeset="72245278" timestamp="2019-07-15T01:03:17Z" user="Vasiljeva" uid="10050069" lat="43.1210117" lon="131.9057292"/>
 <node id="5023361740" visible="true" version="3" changeset="72245278" timestamp="2019-07-15T01:03:17Z" user="Vasiljeva" uid="10050069" lat="43.1220587" lon="131.9064039"/>
 <node id="5023361741" visible="true" version="3" changeset="72245278" timestamp="2019-07-15T01:03:17Z" user="Vasiljeva" uid="10050069" lat="43.1218472" lon="131.9065239"/>
 <node id="5023361745" visible="true" version="1" changeset="50959532" timestamp="2017-08-09T04:19:21Z" user="Sasha_SH" uid="4988915" lat="43.1217200" lon="131.9066030"/>
 <node id="5023361747" visible="true" version="2" changeset="60450628" timestamp="2018-07-06T00:41:48Z" user="Sasha_SH" uid="4988915" lat="43.1215120" lon="131.9063065"/>
 <node id="5023361748" visible="true" version="2" changeset="60450628" timestamp="2018-07-06T00:41:48Z" user="Sasha_SH" uid="4988915" lat="43.1215281" lon="131.9063147"/>
 <node id="5023361749" visible="true" version="3" changeset="69328551" timestamp="2019-04-18T02:59:03Z" user="Sasha_SH" uid="4988915" lat="43.1217354" lon="131.9072447"/>
 <node id="5023361752" visible="true" version="3" changeset="74601947" timestamp="2019-09-18T00:23:30Z" user="Vasiljeva" uid="10050069" lat="43.1208219" lon="131.9070717"/>
 <node id="5023361753" visible="true" version="3" changeset="74601947" timestamp="2019-09-18T00:23:30Z" user="Vasiljeva" uid="10050069" lat="43.1208481" lon="131.9070797"/>
 <node id="5023361755" visible="true" version="3" changeset="74601947" timestamp="2019-09-18T00:23:30Z" user="Vasiljeva" uid="10050069" lat="43.1207954" lon="131.9070693"/>
 <node id="5023361818" visible="true" version="1" changeset="50959532" timestamp="2017-08-09T04:19:22Z" user="Sasha_SH" uid="4988915" lat="43.1205522" lon="131.9087340"/>
 <node id="5023361819" visible="true" version="3" changeset="72251503" timestamp="2019-07-15T07:23:53Z" user="Vasiljeva" uid="10050069" lat="43.1219060" lon="131.9070549"/>
 <node id="5023361820" visible="true" version="3" changeset="72251503" timestamp="2019-07-15T07:23:53Z" user="Vasiljeva" uid="10050069" lat="43.1218439" lon="131.9071079"/>
 <node id="5023361921" visible="true" version="1" changeset="50959532" timestamp="2017-08-09T04:19:22Z" user="Sasha_SH" uid="4988915" lat="43.1213734" lon="131.9068960"/>
 <node id="5023361922" visible="true" version="2" changeset="56338985" timestamp="2018-02-14T01:33:05Z" user="Sasha_SH" uid="4988915" lat="43.1215014" lon="131.9067063"/>
 <node id="5023361923" visible="true" version="2" changeset="56338985" timestamp="2018-02-14T01:33:05Z" user="Sasha_SH" uid="4988915" lat="43.1214512" lon="131.9066957"/>
 <node id="5023361924" visible="true" version="2" changeset="56338985" timestamp="2018-02-14T01:33:05Z" user="Sasha_SH" uid="4988915" lat="43.1214192" lon="131.9067500"/>
 <node id="5023361925" visible="true" version="2" changeset="56338985" timestamp="2018-02-14T01:33:05Z" user="Sasha_SH" uid="4988915" lat="43.1214376" lon="131.9068150"/>
 <node id="5023361926" visible="true" version="2" changeset="56338985" timestamp="2018-02-14T01:33:05Z" user="Sasha_SH" uid="4988915" lat="43.1214617" lon="131.9068296"/>
 <node id="5023361927" visible="true" version="2" changeset="56338985" timestamp="2018-02-14T01:33:05Z" user="Sasha_SH" uid="4988915" lat="43.1215092" lon="131.9068044"/>
 <node id="5023361928" visible="true" version="2" changeset="56338985" timestamp="2018-02-14T01:33:05Z" user="Sasha_SH" uid="4988915" lat="43.1215170" lon="131.9067355"/>
 <node id="5023361929" visible="true" version="2" changeset="56338985" timestamp="2018-02-14T01:33:05Z" user="Sasha_SH" uid="4988915" lat="43.1214299" lon="131.9067170"/>
 <node id="5023361930" visible="true" version="2" changeset="56338985" timestamp="2018-02-14T01:33:05Z" user="Sasha_SH" uid="4988915" lat="43.1214221" lon="131.9067859"/>
 <node id="5023361931" visible="true" version="2" changeset="56338985" timestamp="2018-02-14T01:33:05Z" user="Sasha_SH" uid="4988915" lat="43.1214773" lon="131.9066918"/>
 <node id="5023361932" visible="true" version="2" changeset="56338985" timestamp="2018-02-14T01:33:05Z" user="Sasha_SH" uid="4988915" lat="43.1215198" lon="131.9067714"/>
 <node id="5023361935" visible="true" version="3" changeset="72251503" timestamp="2019-07-15T07:23:53Z" user="Vasiljeva" uid="10050069" lat="43.1206412" lon="131.9067183"/>
 <node id="5121123597" visible="true" version="3" changeset="74601947" timestamp="2019-09-18T00:23:30Z" user="Vasiljeva" uid="10050069" lat="43.1197036" lon="131.9078382"/>
 <node id="5121123599" visible="true" version="2" changeset="72166668" timestamp="2019-07-12T07:51:41Z" user="kashcheeva" uid="3808237" lat="43.1196712" lon="131.9082710"/>
 <node id="5121126099" visible="true" version="2" changeset="74601947" timestamp="2019-09-18T00:23:30Z" user="Vasiljeva" uid="10050069" lat="43.1195746" lon="131.9078791"/>
 <node id="5121126100" visible="true" version="2" changeset="74601947" timestamp="2019-09-18T00:23:30Z" user="Vasiljeva" uid="10050069" lat="43.1196143" lon="131.9078737"/>
 <node id="5121126114" visible="true" version="1" changeset="52262817" timestamp="2017-09-22T04:15:05Z" user="Sasha_SH" uid="4988915" lat="43.1200196" lon="131.9083196"/>
 <node id="5121126115" visible="true" version="1" changeset="52262817" timestamp="2017-09-22T04:15:05Z" user="Sasha_SH" uid="4988915" lat="43.1199276" lon="131.9083156"/>
 <node id="5121126116" visible="true" version="1" changeset="52262817" timestamp="2017-09-22T04:15:05Z" user="Sasha_SH" uid="4988915" lat="43.1198434" lon="131.9083410"/>
 <node id="5127517683" visible="true" version="4" changeset="72251503" timestamp="2019-07-15T07:23:53Z" user="Vasiljeva" uid="10050069" lat="43.1200334" lon="131.9045732"/>
 <node id="5127517684" visible="true" version="4" changeset="72251503" timestamp="2019-07-15T07:23:53Z" user="Vasiljeva" uid="10050069" lat="43.1199976" lon="131.9045122"/>
 <node id="5127517685" visible="true" version="4" changeset="72251503" timestamp="2019-07-15T07:23:53Z" user="Vasiljeva" uid="10050069" lat="43.1199091" lon="131.9043317"/>
 <node id="5127546442" visible="true" version="4" changeset="74601947" timestamp="2019-09-18T00:23:30Z" user="Vasiljeva" uid="10050069" lat="43.1200557" lon="131.9047528"/>
 <node id="5127546443" visible="true" version="3" changeset="72251503" timestamp="2019-07-15T07:23:53Z" user="Vasiljeva" uid="10050069" lat="43.1200804" lon="131.9047073"/>
 <node id="5127546444" visible="true" version="3" changeset="72251503" timestamp="2019-07-15T07:23:53Z" user="Vasiljeva" uid="10050069" lat="43.1200809" lon="131.9046992"/>
 <node id="5127546445" visible="true" version="3" changeset="72251503" timestamp="2019-07-15T07:23:53Z" user="Vasiljeva" uid="10050069" lat="43.1200770" lon="131.9046811"/>
 <node id="5127546446" visible="true" version="2" changeset="56338608" timestamp="2018-02-14T00:52:35Z" user="Sasha_SH" uid="4988915" lat="43.1201797" lon="131.9049621"/>
 <node id="5127546447" visible="true" version="4" changeset="74601947" timestamp="2019-09-18T00:23:30Z" user="Vasiljeva" uid="10050069" lat="43.1201440" lon="131.9048778">
  <tag k="access" v="private"/>
  <tag k="barrier" v="gate"/>
 </node>
 <node id="5127546448" visible="true" version="2" changeset="72251503" timestamp="2019-07-15T07:23:53Z" user="Vasiljeva" uid="10050069" lat="43.1204217" lon="131.9053922"/>
 <node id="5127546449" visible="true" version="2" changeset="72251503" timestamp="2019-07-15T07:23:53Z" user="Vasiljeva" uid="10050069" lat="43.1204876" lon="131.9052994"/>
 <node id="5127546450" visible="true" version="2" changeset="72251503" timestamp="2019-07-15T07:23:53Z" user="Vasiljeva" uid="10050069" lat="43.1201782" lon="131.9048314"/>
 <node id="5127546456" visible="true" version="2" changeset="72251503" timestamp="2019-07-15T07:23:53Z" user="Vasiljeva" uid="10050069" lat="43.1190858" lon="131.9052177"/>
 <node id="5127546457" visible="true" version="2" changeset="72251503" timestamp="2019-07-15T07:23:53Z" user="Vasiljeva" uid="10050069" lat="43.1188939" lon="131.9050017"/>
 <node id="5127546476" visible="true" version="5" changeset="74560812" timestamp="2019-09-17T07:04:23Z" user="Vasiljeva" uid="10050069" lat="43.1194618" lon="131.9053648"/>
 <node id="5127546493" visible="true" version="4" changeset="137313069" timestamp="2023-06-14T06:58:28Z" user="KhoraKavat" uid="11346447" lat="43.1202918" lon="131.9058666"/>
 <node id="5127546494" visible="true" version="2" changeset="72251503" timestamp="2019-07-15T07:23:53Z" user="Vasiljeva" uid="10050069" lat="43.1203407" lon="131.9062864"/>
 <node id="5127546495" visible="true" version="2" changeset="72251503" timestamp="2019-07-15T07:23:53Z" user="Vasiljeva" uid="10050069" lat="43.1200588" lon="131.9066003"/>
 <node id="5127546496" visible="true" version="2" changeset="72251503" timestamp="2019-07-15T07:23:53Z" user="Vasiljeva" uid="10050069" lat="43.1195114" lon="131.9067357"/>
 <node id="5127546497" visible="true" version="2" changeset="72251503" timestamp="2019-07-15T07:23:53Z" user="Vasiljeva" uid="10050069" lat="43.1194737" lon="131.9067451"/>
 <node id="5127546498" visible="true" version="2" changeset="72251503" timestamp="2019-07-15T07:23:53Z" user="Vasiljeva" uid="10050069" lat="43.1194558" lon="131.9065775"/>
 <node id="5127546499" visible="true" version="3" changeset="81577230" timestamp="2020-02-28T06:59:28Z" user="kashcheeva" uid="3808237" lat="43.1194436" lon="131.9062945"/>
 <node id="5127546500" visible="true" version="3" changeset="81577230" timestamp="2020-02-28T06:59:28Z" user="kashcheeva" uid="3808237" lat="43.1194671" lon="131.9061792"/>
 <node id="5127620116" visible="true" version="11" changeset="143045582" timestamp="2023-10-24T04:03:34Z" user="Fizzie-DWG" uid="461130" lat="43.1209800" lon="131.9060229">
  <tag k="amenity" v="fast_food"/>
  <tag k="name" v="Бензо-кафе"/>
 </node>
 <node id="5127620117" visible="true" version="3" changeset="72251503" timestamp="2019-07-15T07:23:53Z" user="Vasiljeva" uid="10050069" lat="43.1209413" lon="131.9059995"/>
 <node id="5127620118" visible="true" version="3" changeset="72251503" timestamp="2019-07-15T07:23:53Z" user="Vasiljeva" uid="10050069" lat="43.1209932" lon="131.9060677"/>
 <node id="5127620119" visible="true" version="3" changeset="72251503" timestamp="2019-07-15T07:23:53Z" user="Vasiljeva" uid="10050069" lat="43.1210130" lon="131.9060394"/>
 <node id="5127620120" visible="true" version="3" changeset="72251503" timestamp="2019-07-15T07:23:53Z" user="Vasiljeva" uid="10050069" lat="43.1209611" lon="131.9059712"/>
 <node id="5127620921" visible="true" version="2" changeset="74601947" timestamp="2019-09-18T00:23:30Z" user="Vasiljeva" uid="10050069" lat="43.1203843" lon="131.9052559"/>
 <node id="5127620922" visible="true" version="2" changeset="69296285" timestamp="2019-04-17T06:26:17Z" user="Sasha_SH" uid="4988915" lat="43.1205527" lon="131.9054204"/>
 <node id="5127620923" visible="true" version="3" changeset="74601947" timestamp="2019-09-18T00:23:30Z" user="Vasiljeva" uid="10050069" lat="43.1204488" lon="131.9053537">
  <tag k="access" v="private"/>
  <tag k="barrier" v="gate"/>
 </node>
 <node id="5127620924" visible="true" version="1" changeset="52343784" timestamp="2017-09-25T04:26:54Z" user="Sasha_SH" uid="4988915" lat="43.1204836" lon="131.9054000"/>
 <node id="5127620925" visible="true" version="1" changeset="52343784" timestamp="2017-09-25T04:26:54Z" user="Sasha_SH" uid="4988915" lat="43.1205081" lon="131.9054188"/>
 <node id="5127620926" visible="true" version="2" changeset="69296285" timestamp="2019-04-17T06:26:17Z" user="Sasha_SH" uid="4988915" lat="43.1205247" lon="131.9054215"/>
 <node id="5127620927" visible="true" version="2" changeset="60521927" timestamp="2018-07-09T02:18:33Z" user="Sasha_SH" uid="4988915" lat="43.1222090" lon="131.9071018"/>
 <node id="5127620928" visible="true" version="3" changeset="72245278" timestamp="2019-07-15T01:03:17Z" user="Vasiljeva" uid="10050069" lat="43.1218835" lon="131.9065902"/>
 <node id="5127620929" visible="true" version="3" changeset="72245278" timestamp="2019-07-15T01:03:17Z" user="Vasiljeva" uid="10050069" lat="43.1218641" lon="131.9066094"/>
 <node id="5127620932" visible="true" version="2" changeset="56340267" timestamp="2018-02-14T03:01:41Z" user="Sasha_SH" uid="4988915" lat="43.1221355" lon="131.9060283"/>
 <node id="5127620934" visible="true" version="2" changeset="72245278" timestamp="2019-07-15T01:03:17Z" user="Vasiljeva" uid="10050069" lat="43.1221326" lon="131.9059605"/>
 <node id="5127620935" visible="true" version="2" changeset="72245278" timestamp="2019-07-15T01:03:17Z" user="Vasiljeva" uid="10050069" lat="43.1220685" lon="131.9061999"/>
 <node id="5127620962" visible="true" version="3" changeset="72245278" timestamp="2019-07-15T01:03:17Z" user="Vasiljeva" uid="10050069" lat="43.1214732" lon="131.9061886"/>
 <node id="5127620963" visible="true" version="1" changeset="52343784" timestamp="2017-09-25T04:26:55Z" user="Sasha_SH" uid="4988915" lat="43.1213849" lon="131.9063376"/>
 <node id="5127620964" visible="true" version="2" changeset="56338608" timestamp="2018-02-14T00:52:35Z" user="Sasha_SH" uid="4988915" lat="43.1214403" lon="131.9062609"/>
 <node id="5127620965" visible="true" version="2" changeset="60450628" timestamp="2018-07-06T00:41:49Z" user="Sasha_SH" uid="4988915" lat="43.1214807" lon="131.9062892"/>
 <node id="5127620966" visible="true" version="5" changeset="72245278" timestamp="2019-07-15T01:03:17Z" user="Vasiljeva" uid="10050069" lat="43.1212584" lon="131.9061180"/>
 <node id="5127620967" visible="true" version="5" changeset="72245278" timestamp="2019-07-15T01:03:17Z" user="Vasiljeva" uid="10050069" lat="43.1214194" lon="131.9062816"/>
 <node id="5127620968" visible="true" version="5" changeset="72245278" timestamp="2019-07-15T01:03:17Z" user="Vasiljeva" uid="10050069" lat="43.1214561" lon="131.9062138"/>
 <node id="5127620969" visible="true" version="5" changeset="72245278" timestamp="2019-07-15T01:03:17Z" user="Vasiljeva" uid="10050069" lat="43.1212951" lon="131.9060502"/>
 <node id="5127620970" visible="true" version="2" changeset="56338608" timestamp="2018-02-14T00:52:35Z" user="Sasha_SH" uid="4988915" lat="43.1213794" lon="131.9060732">
  <tag k="shop" v="car_repair"/>
 </node>
 <node id="5127620972" visible="true" version="3" changeset="69296285" timestamp="2019-04-17T06:26:17Z" user="Sasha_SH" uid="4988915" lat="43.1213812" lon="131.9058854"/>
 <node id="5127620973" visible="true" version="3" changeset="69296285" timestamp="2019-04-17T06:26:17Z" user="Sasha_SH" uid="4988915" lat="43.1211972" lon="131.9057596"/>
 <node id="5127620974" visible="true" version="3" changeset="69296285" timestamp="2019-04-17T06:26:17Z" user="Sasha_SH" uid="4988915" lat="43.1211557" lon="131.9057427"/>
 <node id="5127620975" visible="true" version="1" changeset="52343784" timestamp="2017-09-25T04:26:55Z" user="Sasha_SH" uid="4988915" lat="43.1211365" lon="131.9056767"/>
 <node id="5127620977" visible="true" version="2" changeset="72245278" timestamp="2019-07-15T01:03:17Z" user="Vasiljeva" uid="10050069" lat="43.1206382" lon="131.9043308"/>
 <node id="5127620978" visible="true" version="4" changeset="72245278" timestamp="2019-07-15T01:03:17Z" user="Vasiljeva" uid="10050069" lat="43.1207458" lon="131.9044720">
  <tag k="entrance" v="yes"/>
 </node>
 <node id="5127620979" visible="true" version="4" changeset="72245278" timestamp="2019-07-15T01:03:17Z" user="Vasiljeva" uid="10050069" lat="43.1209313" lon="131.9048108"/>
 <node id="5127620980" visible="true" version="4" changeset="72245278" timestamp="2019-07-15T01:03:17Z" user="Vasiljeva" uid="10050069" lat="43.1209657" lon="131.9049598"/>
 <node id="5127670217" visible="true" version="3" changeset="72411435" timestamp="2019-07-19T02:41:25Z" user="Vasiljeva" uid="10050069" lat="43.1220171" lon="131.9033944"/>
 <node id="5127670218" visible="true" version="3" changeset="72411435" timestamp="2019-07-19T02:41:25Z" user="Vasiljeva" uid="10050069" lat="43.1219672" lon="131.9034930"/>
 <node id="5127670219" visible="true" version="4" changeset="72411435" timestamp="2019-07-19T02:41:25Z" user="Vasiljeva" uid="10050069" lat="43.1219661" lon="131.9032851"/>
 <node id="5127670428" visible="true" version="2" changeset="72411435" timestamp="2019-07-19T02:41:25Z" user="Vasiljeva" uid="10050069" lat="43.1224455" lon="131.9033434"/>
 <node id="5127670429" visible="true" version="2" changeset="72411435" timestamp="2019-07-19T02:41:25Z" user="Vasiljeva" uid="10050069" lat="43.1224595" lon="131.9033381"/>
 <node id="5127670430" visible="true" version="3" changeset="72411435" timestamp="2019-07-19T02:41:25Z" user="Vasiljeva" uid="10050069" lat="43.1225378" lon="131.9031544"/>
 <node id="5127670431" visible="true" version="2" changeset="72411435" timestamp="2019-07-19T02:41:25Z" user="Vasiljeva" uid="10050069" lat="43.1225417" lon="131.9031034"/>
 <node id="5127670432" visible="true" version="2" changeset="72411435" timestamp="2019-07-19T02:41:25Z" user="Vasiljeva" uid="10050069" lat="43.1225202" lon="131.9030377"/>
 <node id="5127670433" visible="true" version="2" changeset="72411435" timestamp="2019-07-19T02:41:25Z" user="Vasiljeva" uid="10050069" lat="43.1222383" lon="131.9028217"/>
 <node id="5127670434" visible="true" version="2" changeset="72411435" timestamp="2019-07-19T02:41:25Z" user="Vasiljeva" uid="10050069" lat="43.1222060" lon="131.9028097"/>
 <node id="5127670435" visible="true" version="2" changeset="72411435" timestamp="2019-07-19T02:41:25Z" user="Vasiljeva" uid="10050069" lat="43.1221864" lon="131.9028137"/>
 <node id="5127746700" visible="true" version="4" changeset="72245278" timestamp="2019-07-15T01:03:17Z" user="Vasiljeva" uid="10050069" lat="43.1226029" lon="131.9071287"/>
 <node id="5127746701" visible="true" version="4" changeset="72245278" timestamp="2019-07-15T01:03:17Z" user="Vasiljeva" uid="10050069" lat="43.1222065" lon="131.9069933"/>
 <node id="5127746702" visible="true" version="5" changeset="74601947" timestamp="2019-09-18T00:23:30Z" user="Vasiljeva" uid="10050069" lat="43.1226586" lon="131.9071440"/>
 <node id="5127746703" visible="true" version="2" changeset="72245278" timestamp="2019-07-15T01:03:17Z" user="Vasiljeva" uid="10050069" lat="43.1221756" lon="131.9069832"/>
 <node id="5127746704" visible="true" version="2" changeset="72245278" timestamp="2019-07-15T01:03:17Z" user="Vasiljeva" uid="10050069" lat="43.1221419" lon="131.9069557"/>
 <node id="5127746712" visible="true" version="4" changeset="74934543" timestamp="2019-09-26T02:52:09Z" user="Vasiljeva" uid="10050069" lat="43.1225584" lon="131.9041501"/>
 <node id="5127746713" visible="true" version="4" changeset="74934543" timestamp="2019-09-26T02:52:09Z" user="Vasiljeva" uid="10050069" lat="43.1225346" lon="131.9041394"/>
 <node id="5127746714" visible="true" version="3" changeset="72411435" timestamp="2019-07-19T02:41:25Z" user="Vasiljeva" uid="10050069" lat="43.1225730" lon="131.9041407"/>
 <node id="5127746716" visible="true" version="4" changeset="72411435" timestamp="2019-07-19T02:41:25Z" user="Vasiljeva" uid="10050069" lat="43.1227586" lon="131.9038543"/>
 <node id="5255044810" visible="true" version="1" changeset="54193917" timestamp="2017-11-30T02:38:55Z" user="Sasha_SH" uid="4988915" lat="43.1231524" lon="131.9119038"/>
 <node id="5290992704" visible="true" version="2" changeset="72409008" timestamp="2019-07-18T23:32:52Z" user="Vasiljeva" uid="10050069" lat="43.1239131" lon="131.9053122"/>
 <node id="5291121513" visible="true" version="3" changeset="74601947" timestamp="2019-09-18T00:23:30Z" user="Vasiljeva" uid="10050069" lat="43.1242079" lon="131.9055017"/>
 <node id="5292898127" visible="true" version="4" changeset="74601947" timestamp="2019-09-18T00:23:30Z" user="Vasiljeva" uid="10050069" lat="43.1228562" lon="131.9037376"/>
 <node id="5292898129" visible="true" version="5" changeset="163472164" timestamp="2025-03-11T07:27:26Z" user="Александр Синявский" uid="3798127" lat="43.1226948" lon="131.9042606"/>
 <node id="5292898140" visible="true" version="3" changeset="163472164" timestamp="2025-03-11T07:27:26Z" user="Александр Синявский" uid="3798127" lat="43.1224457" lon="131.9049580"/>
 <node id="5292898141" visible="true" version="3" changeset="163472164" timestamp="2025-03-11T07:27:26Z" user="Александр Синявский" uid="3798127" lat="43.1222778" lon="131.9054631"/>
 <node id="5292898142" visible="true" version="2" changeset="69328551" timestamp="2019-04-18T02:59:04Z" user="Sasha_SH" uid="4988915" lat="43.1222897" lon="131.9054845"/>
 <node id="5292898143" visible="true" version="3" changeset="163472164" timestamp="2025-03-11T07:27:26Z" user="Александр Синявский" uid="3798127" lat="43.1224615" lon="131.9049679"/>
 <node id="5292898144" visible="true" version="3" changeset="72245278" timestamp="2019-07-15T01:03:17Z" user="Vasiljeva" uid="10050069" lat="43.1228408" lon="131.9052002"/>
 <node id="5292898145" visible="true" version="4" changeset="74601947" timestamp="2019-09-18T00:23:30Z" user="Vasiljeva" uid="10050069" lat="43.1227688" lon="131.9052197"/>
 <node id="5292898146" visible="true" version="2" changeset="72245278" timestamp="2019-07-15T01:03:17Z" user="Vasiljeva" uid="10050069" lat="43.1225843" lon="131.9049313"/>
 <node id="5292898147" visible="true" version="2" changeset="72245278" timestamp="2019-07-15T01:03:17Z" user="Vasiljeva" uid="10050069" lat="43.1225735" lon="131.9049622"/>
 <node id="5292898148" visible="true" version="2" changeset="72245278" timestamp="2019-07-15T01:03:17Z" user="Vasiljeva" uid="10050069" lat="43.1225534" lon="131.9049976"/>
 <node id="5292898149" visible="true" version="1" changeset="54749056" timestamp="2017-12-19T05:26:32Z" user="Sasha_SH" uid="4988915" lat="43.1225026" lon="131.9049551"/>
 <node id="5292898150" visible="true" version="2" changeset="74601947" timestamp="2019-09-18T00:23:30Z" user="Vasiljeva" uid="10050069" lat="43.1225236" lon="131.9049705"/>
 <node id="5292898151" visible="true" version="3" changeset="163472164" timestamp="2025-03-11T07:27:26Z" user="Александр Синявский" uid="3798127" lat="43.1225808" lon="131.9049325"/>
 <node id="5292898152" visible="true" version="3" changeset="163472164" timestamp="2025-03-11T07:27:26Z" user="Александр Синявский" uid="3798127" lat="43.1225370" lon="131.9049029"/>
 <node id="5292898153" visible="true" version="3" changeset="163472164" timestamp="2025-03-11T07:27:26Z" user="Александр Синявский" uid="3798127" lat="43.1225489" lon="131.9048697"/>
 <node id="5292898154" visible="true" version="3" changeset="163472164" timestamp="2025-03-11T07:27:26Z" user="Александр Синявский" uid="3798127" lat="43.1225927" lon="131.9048993"/>
 <node id="5292898158" visible="true" version="2" changeset="163472164" timestamp="2025-03-11T07:27:26Z" user="Александр Синявский" uid="3798127" lat="43.1225604" lon="131.9046784"/>
 <node id="5292898159" visible="true" version="2" changeset="163472164" timestamp="2025-03-11T07:27:26Z" user="Александр Синявский" uid="3798127" lat="43.1225068" lon="131.9048255"/>
 <node id="5292898160" visible="true" version="2" changeset="163472164" timestamp="2025-03-11T07:27:26Z" user="Александр Синявский" uid="3798127" lat="43.1225181" lon="131.9048332"/>
 <node id="5292898161" visible="true" version="2" changeset="163472164" timestamp="2025-03-11T07:27:26Z" user="Александр Синявский" uid="3798127" lat="43.1225717" lon="131.9046861"/>
 <node id="5292898177" visible="true" version="2" changeset="72245278" timestamp="2019-07-15T01:03:17Z" user="Vasiljeva" uid="10050069" lat="43.1225846" lon="131.9046677"/>
 <node id="5293175699" visible="true" version="2" changeset="72411435" timestamp="2019-07-19T02:41:25Z" user="Vasiljeva" uid="10050069" lat="43.1225349" lon="131.9030698"/>
 <node id="5293175700" visible="true" version="2" changeset="72411435" timestamp="2019-07-19T02:41:25Z" user="Vasiljeva" uid="10050069" lat="43.1220650" lon="131.9032603"/>
 <node id="5293175720" visible="true" version="2" changeset="72411435" timestamp="2019-07-19T02:41:25Z" user="Vasiljeva" uid="10050069" lat="43.1212946" lon="131.9032256"/>
 <node id="5293175722" visible="true" version="2" changeset="72411435" timestamp="2019-07-19T02:41:25Z" user="Vasiljeva" uid="10050069" lat="43.1221582" lon="131.9034985"/>
 <node id="5293175723" visible="true" version="2" changeset="72411435" timestamp="2019-07-19T02:41:25Z" user="Vasiljeva" uid="10050069" lat="43.1221707" lon="131.9034930"/>
 <node id="5293175724" visible="true" version="2" changeset="72411435" timestamp="2019-07-19T02:41:25Z" user="Vasiljeva" uid="10050069" lat="43.1222648" lon="131.9035757"/>
 <node id="5293175725" visible="true" version="2" changeset="72411435" timestamp="2019-07-19T02:41:25Z" user="Vasiljeva" uid="10050069" lat="43.1222402" lon="131.9035593"/>
 <node id="5293175726" visible="true" version="2" changeset="72411435" timestamp="2019-07-19T02:41:25Z" user="Vasiljeva" uid="10050069" lat="43.1222340" lon="131.9035769"/>
 <node id="5293175727" visible="true" version="2" changeset="72411435" timestamp="2019-07-19T02:41:25Z" user="Vasiljeva" uid="10050069" lat="43.1222585" lon="131.9035934"/>
 <node id="5293175728" visible="true" version="2" changeset="72411435" timestamp="2019-07-19T02:41:25Z" user="Vasiljeva" uid="10050069" lat="43.1222647" lon="131.9035151"/>
 <node id="5293175729" visible="true" version="2" changeset="72411435" timestamp="2019-07-19T02:41:25Z" user="Vasiljeva" uid="10050069" lat="43.1224472" lon="131.9036828"/>
 <node id="5293175730" visible="true" version="2" changeset="72411435" timestamp="2019-07-19T02:41:25Z" user="Vasiljeva" uid="10050069" lat="43.1222886" lon="131.9035770"/>
 <node id="5293175731" visible="true" version="2" changeset="72411435" timestamp="2019-07-19T02:41:25Z" user="Vasiljeva" uid="10050069" lat="43.1222781" lon="131.9036065"/>
 <node id="5293175732" visible="true" version="2" changeset="72411435" timestamp="2019-07-19T02:41:25Z" user="Vasiljeva" uid="10050069" lat="43.1224378" lon="131.9037094"/>
 <node id="5293175733" visible="true" version="3" changeset="74601947" timestamp="2019-09-18T00:23:30Z" user="Vasiljeva" uid="10050069" lat="43.1223621" lon="131.9035685"/>
 <node id="5293175734" visible="true" version="3" changeset="74934543" timestamp="2019-09-26T02:52:09Z" user="Vasiljeva" uid="10050069" lat="43.1224514" lon="131.9040792"/>
 <node id="5293175735" visible="true" version="2" changeset="72411435" timestamp="2019-07-19T02:41:25Z" user="Vasiljeva" uid="10050069" lat="43.1224903" lon="131.9039811"/>
 <node id="5293175736" visible="true" version="2" changeset="72411435" timestamp="2019-07-19T02:41:25Z" user="Vasiljeva" uid="10050069" lat="43.1225021" lon="131.9039577"/>
 <node id="5293175737" visible="true" version="2" changeset="72411435" timestamp="2019-07-19T02:41:25Z" user="Vasiljeva" uid="10050069" lat="43.1225202" lon="131.9039436"/>
 <node id="5293175738" visible="true" version="2" changeset="72411435" timestamp="2019-07-19T02:41:25Z" user="Vasiljeva" uid="10050069" lat="43.1225451" lon="131.9039436"/>
 <node id="5293175739" visible="true" version="2" changeset="72411435" timestamp="2019-07-19T02:41:25Z" user="Vasiljeva" uid="10050069" lat="43.1225770" lon="131.9039556"/>
 <node id="5293175740" visible="true" version="2" changeset="72411435" timestamp="2019-07-19T02:41:25Z" user="Vasiljeva" uid="10050069" lat="43.1226390" lon="131.9039922"/>
 <node id="5293175753" visible="true" version="2" changeset="72245278" timestamp="2019-07-15T01:03:17Z" user="Vasiljeva" uid="10050069" lat="43.1219632" lon="131.9041109"/>
 <node id="5293175759" visible="true" version="2" changeset="72245278" timestamp="2019-07-15T01:03:17Z" user="Vasiljeva" uid="10050069" lat="43.1217648" lon="131.9039749"/>
 <node id="5309687535" visible="true" version="4" changeset="137313069" timestamp="2023-06-14T06:58:28Z" user="KhoraKavat" uid="11346447" lat="43.1197418" lon="131.9061938"/>
 <node id="5309687536" visible="true" version="4" changeset="137313069" timestamp="2023-06-14T06:58:28Z" user="KhoraKavat" uid="11346447" lat="43.1197475" lon="131.9064658"/>
 <node id="5309687537" visible="true" version="4" changeset="137313069" timestamp="2023-06-14T06:58:28Z" user="KhoraKavat" uid="11346447" lat="43.1200879" lon="131.9064523"/>
 <node id="5330301107" visible="true" version="3" changeset="72251503" timestamp="2019-07-15T07:23:53Z" user="Vasiljeva" uid="10050069" lat="43.1207005" lon="131.9059904"/>
 <node id="5330301108" visible="true" version="10" changeset="143045801" timestamp="2023-10-24T04:18:12Z" user="Fizzie-DWG" uid="461130" lat="43.1207205" lon="131.9060102">
  <tag k="amenity" v="fuel"/>
  <tag k="name" v="Бензо"/>
  <tag k="name:en" v="Benzo"/>
 </node>
 <node id="5344222849" visible="true" version="2" changeset="56338608" timestamp="2018-02-14T00:52:36Z" user="Sasha_SH" uid="4988915" lat="43.1216839" lon="131.9065346"/>
 <node id="5344222850" visible="true" version="2" changeset="56338608" timestamp="2018-02-14T00:52:36Z" user="Sasha_SH" uid="4988915" lat="43.1215134" lon="131.9063562"/>
 <node id="5344222851" visible="true" version="2" changeset="60450628" timestamp="2018-07-06T00:41:49Z" user="Sasha_SH" uid="4988915" lat="43.1215355" lon="131.9056616"/>
 <node id="5344222852" visible="true" version="4" changeset="69296285" timestamp="2019-04-17T06:26:17Z" user="Sasha_SH" uid="4988915" lat="43.1215140" lon="131.9057192"/>
 <node id="5344222854" visible="true" version="1" changeset="55511860" timestamp="2018-01-17T05:32:22Z" user="kashcheeva" uid="3808237" lat="43.1212824" lon="131.9054912"/>
 <node id="5344222855" visible="true" version="1" changeset="55511860" timestamp="2018-01-17T05:32:22Z" user="kashcheeva" uid="3808237" lat="43.1211823" lon="131.9057034"/>
 <node id="5344222856" visible="true" version="4" changeset="69296285" timestamp="2019-04-17T06:26:17Z" user="Sasha_SH" uid="4988915" lat="43.1213739" lon="131.9056327"/>
 <node id="5344222857" visible="true" version="4" changeset="69296285" timestamp="2019-04-17T06:26:17Z" user="Sasha_SH" uid="4988915" lat="43.1213832" lon="131.9056042"/>
 <node id="5344222858" visible="true" version="4" changeset="69296285" timestamp="2019-04-17T06:26:17Z" user="Sasha_SH" uid="4988915" lat="43.1212830" lon="131.9056017"/>
 <node id="5344222859" visible="true" version="4" changeset="69296285" timestamp="2019-04-17T06:26:17Z" user="Sasha_SH" uid="4988915" lat="43.1213227" lon="131.9056262"/>
 <node id="5344222860" visible="true" version="4" changeset="69296285" timestamp="2019-04-17T06:26:17Z" user="Sasha_SH" uid="4988915" lat="43.1213118" lon="131.9056595"/>
 <node id="5344222861" visible="true" version="4" changeset="69296285" timestamp="2019-04-17T06:26:17Z" user="Sasha_SH" uid="4988915" lat="43.1212724" lon="131.9056351"/>
 <node id="5344222862" visible="true" version="4" changeset="69296285" timestamp="2019-04-17T06:26:17Z" user="Sasha_SH" uid="4988915" lat="43.1213067" lon="131.9057830"/>
 <node id="5344222863" visible="true" version="4" changeset="69296285" timestamp="2019-04-17T06:26:17Z" user="Sasha_SH" uid="4988915" lat="43.1213168" lon="131.9057523"/>
 <node id="5344222864" visible="true" version="4" changeset="69296285" timestamp="2019-04-17T06:26:17Z" user="Sasha_SH" uid="4988915" lat="43.1213566" lon="131.9057769"/>
 <node id="5344222865" visible="true" version="4" changeset="69296285" timestamp="2019-04-17T06:26:17Z" user="Sasha_SH" uid="4988915" lat="43.1213468" lon="131.9058066"/>
 <node id="5344222866" visible="true" version="4" changeset="69296285" timestamp="2019-04-17T06:26:17Z" user="Sasha_SH" uid="4988915" lat="43.1213791" lon="131.9058265"/>
 <node id="5344222867" visible="true" version="4" changeset="69296285" timestamp="2019-04-17T06:26:17Z" user="Sasha_SH" uid="4988915" lat="43.1214509" lon="131.9058280"/>
 <node id="5344222885" visible="true" version="1" changeset="55511860" timestamp="2018-01-17T05:32:22Z" user="kashcheeva" uid="3808237" lat="43.1214276" lon="131.9059882"/>
 <node id="5344222886" visible="true" version="1" changeset="55511860" timestamp="2018-01-17T05:32:22Z" user="kashcheeva" uid="3808237" lat="43.1214533" lon="131.9060089"/>
 <node id="5344222887" visible="true" version="1" changeset="55511860" timestamp="2018-01-17T05:32:22Z" user="kashcheeva" uid="3808237" lat="43.1214681" lon="131.9059746"/>
 <node id="5344222888" visible="true" version="1" changeset="55511860" timestamp="2018-01-17T05:32:22Z" user="kashcheeva" uid="3808237" lat="43.1214424" lon="131.9059538"/>
 <node id="5344222889" visible="true" version="3" changeset="72245278" timestamp="2019-07-15T01:03:17Z" user="Vasiljeva" uid="10050069" lat="43.1213158" lon="131.9060545"/>
 <node id="5344222890" visible="true" version="3" changeset="72245278" timestamp="2019-07-15T01:03:17Z" user="Vasiljeva" uid="10050069" lat="43.1213399" lon="131.9060786"/>
 <node id="5344222891" visible="true" version="3" changeset="72245278" timestamp="2019-07-15T01:03:17Z" user="Vasiljeva" uid="10050069" lat="43.1213571" lon="131.9060465"/>
 <node id="5344222892" visible="true" version="3" changeset="72245278" timestamp="2019-07-15T01:03:17Z" user="Vasiljeva" uid="10050069" lat="43.1213330" lon="131.9060223"/>
 <node id="5344222893" visible="true" version="2" changeset="69296285" timestamp="2019-04-17T06:26:17Z" user="Sasha_SH" uid="4988915" lat="43.1212282" lon="131.9058869"/>
 <node id="5344222894" visible="true" version="2" changeset="69296285" timestamp="2019-04-17T06:26:17Z" user="Sasha_SH" uid="4988915" lat="43.1212257" lon="131.9059612"/>
 <node id="5344222895" visible="true" version="2" changeset="69296285" timestamp="2019-04-17T06:26:17Z" user="Sasha_SH" uid="4988915" lat="43.1212786" lon="131.9059645"/>
 <node id="5344222896" visible="true" version="2" changeset="69296285" timestamp="2019-04-17T06:26:17Z" user="Sasha_SH" uid="4988915" lat="43.1212811" lon="131.9058903"/>
 <node id="5344222897" visible="true" version="1" changeset="55511860" timestamp="2018-01-17T05:32:22Z" user="kashcheeva" uid="3808237" lat="43.1211478" lon="131.9058148"/>
 <node id="5344222898" visible="true" version="1" changeset="55511860" timestamp="2018-01-17T05:32:22Z" user="kashcheeva" uid="3808237" lat="43.1211917" lon="131.9058548"/>
 <node id="5344222899" visible="true" version="1" changeset="55511860" timestamp="2018-01-17T05:32:22Z" user="kashcheeva" uid="3808237" lat="43.1212076" lon="131.9058220"/>
 <node id="5344222900" visible="true" version="1" changeset="55511860" timestamp="2018-01-17T05:32:22Z" user="kashcheeva" uid="3808237" lat="43.1211636" lon="131.9057821"/>
 <node id="5344222907" visible="true" version="2" changeset="56338608" timestamp="2018-02-14T00:52:36Z" user="Sasha_SH" uid="4988915" lat="43.1206051" lon="131.9061470"/>
 <node id="5344222908" visible="true" version="2" changeset="56338608" timestamp="2018-02-14T00:52:36Z" user="Sasha_SH" uid="4988915" lat="43.1206569" lon="131.9063670"/>
 <node id="5344222910" visible="true" version="1" changeset="55511860" timestamp="2018-01-17T05:32:23Z" user="kashcheeva" uid="3808237" lat="43.1208277" lon="131.9061843"/>
 <node id="5344222911" visible="true" version="1" changeset="55511860" timestamp="2018-01-17T05:32:23Z" user="kashcheeva" uid="3808237" lat="43.1205473" lon="131.9063897"/>
 <node id="5344222912" visible="true" version="1" changeset="55511860" timestamp="2018-01-17T05:32:23Z" user="kashcheeva" uid="3808237" lat="43.1205453" lon="131.9061188"/>
 <node id="5344222913" visible="true" version="1" changeset="55511860" timestamp="2018-01-17T05:32:23Z" user="kashcheeva" uid="3808237" lat="43.1205806" lon="131.9061175"/>
 <node id="5344222914" visible="true" version="3" changeset="74601947" timestamp="2019-09-18T00:23:30Z" user="Vasiljeva" uid="10050069" lat="43.1205855" lon="131.9059992"/>
 <node id="5344222915" visible="true" version="3" changeset="74601947" timestamp="2019-09-18T00:23:30Z" user="Vasiljeva" uid="10050069" lat="43.1206148" lon="131.9059982"/>
 <node id="5344222916" visible="true" version="3" changeset="74601947" timestamp="2019-09-18T00:23:30Z" user="Vasiljeva" uid="10050069" lat="43.1206123" lon="131.9058574"/>
 <node id="5344222917" visible="true" version="3" changeset="74601947" timestamp="2019-09-18T00:23:30Z" user="Vasiljeva" uid="10050069" lat="43.1205819" lon="131.9058404"/>
 <node id="5344222918" visible="true" version="3" changeset="74601947" timestamp="2019-09-18T00:23:30Z" user="Vasiljeva" uid="10050069" lat="43.1206384" lon="131.9058548"/>
 <node id="5344222919" visible="true" version="3" changeset="74601947" timestamp="2019-09-18T00:23:30Z" user="Vasiljeva" uid="10050069" lat="43.1206027" lon="131.9056477"/>
 <node id="5344222920" visible="true" version="3" changeset="74601947" timestamp="2019-09-18T00:23:30Z" user="Vasiljeva" uid="10050069" lat="43.1205740" lon="131.9056487"/>
 <node id="5344223021" visible="true" version="2" changeset="56338608" timestamp="2018-02-14T00:52:36Z" user="Sasha_SH" uid="4988915" lat="43.1205596" lon="131.9062608"/>
 <node id="5344223022" visible="true" version="2" changeset="56338608" timestamp="2018-02-14T00:52:36Z" user="Sasha_SH" uid="4988915" lat="43.1205883" lon="131.9062597"/>
 <node id="5344223023" visible="true" version="2" changeset="56338608" timestamp="2018-02-14T00:52:36Z" user="Sasha_SH" uid="4988915" lat="43.1205863" lon="131.9061552"/>
 <node id="5344223024" visible="true" version="2" changeset="56338608" timestamp="2018-02-14T00:52:36Z" user="Sasha_SH" uid="4988915" lat="43.1205576" lon="131.9061562"/>
 <node id="5344223025" visible="true" version="1" changeset="55511860" timestamp="2018-01-17T05:32:23Z" user="kashcheeva" uid="3808237" lat="43.1205594" lon="131.9063754"/>
 <node id="5344223026" visible="true" version="1" changeset="55511860" timestamp="2018-01-17T05:32:23Z" user="kashcheeva" uid="3808237" lat="43.1205897" lon="131.9063758"/>
 <node id="5344223027" visible="true" version="1" changeset="55511860" timestamp="2018-01-17T05:32:23Z" user="kashcheeva" uid="3808237" lat="43.1205899" lon="131.9063128"/>
 <node id="5344223028" visible="true" version="1" changeset="55511860" timestamp="2018-01-17T05:32:23Z" user="kashcheeva" uid="3808237" lat="43.1205597" lon="131.9063125"/>
 <node id="5344223029" visible="true" version="2" changeset="72251503" timestamp="2019-07-15T07:23:53Z" user="Vasiljeva" uid="10050069" lat="43.1204591" lon="131.9074090"/>
 <node id="5344223030" visible="true" version="2" changeset="72251503" timestamp="2019-07-15T07:23:53Z" user="Vasiljeva" uid="10050069" lat="43.1204112" lon="131.9074298"/>
 <node id="5344223031" visible="true" version="2" changeset="72251503" timestamp="2019-07-15T07:23:53Z" user="Vasiljeva" uid="10050069" lat="43.1203201" lon="131.9074345"/>
 <node id="5344223032" visible="true" version="2" changeset="72251503" timestamp="2019-07-15T07:23:53Z" user="Vasiljeva" uid="10050069" lat="43.1202403" lon="131.9074278"/>
 <node id="5344223033" visible="true" version="2" changeset="72251503" timestamp="2019-07-15T07:23:53Z" user="Vasiljeva" uid="10050069" lat="43.1202007" lon="131.9074083"/>
 <node id="5344223034" visible="true" version="2" changeset="72251503" timestamp="2019-07-15T07:23:53Z" user="Vasiljeva" uid="10050069" lat="43.1201635" lon="131.9073399"/>
 <node id="5344223035" visible="true" version="2" changeset="72251503" timestamp="2019-07-15T07:23:53Z" user="Vasiljeva" uid="10050069" lat="43.1201576" lon="131.9073031"/>
 <node id="5344223036" visible="true" version="2" changeset="72251503" timestamp="2019-07-15T07:23:53Z" user="Vasiljeva" uid="10050069" lat="43.1203725" lon="131.9070509"/>
 <node id="5344223039" visible="true" version="1" changeset="55511860" timestamp="2018-01-17T05:32:23Z" user="kashcheeva" uid="3808237" lat="43.1205159" lon="131.9055516"/>
 <node id="5344223040" visible="true" version="1" changeset="55511860" timestamp="2018-01-17T05:32:23Z" user="kashcheeva" uid="3808237" lat="43.1205355" lon="131.9056293"/>
 <node id="5344223041" visible="true" version="1" changeset="55511860" timestamp="2018-01-17T05:32:23Z" user="kashcheeva" uid="3808237" lat="43.1205169" lon="131.9057420"/>
 <node id="5344223042" visible="true" version="1" changeset="55511860" timestamp="2018-01-17T05:32:23Z" user="kashcheeva" uid="3808237" lat="43.1204386" lon="131.9059753"/>
 <node id="5344223043" visible="true" version="1" changeset="55511860" timestamp="2018-01-17T05:32:23Z" user="kashcheeva" uid="3808237" lat="43.1204298" lon="131.9061202"/>
 <node id="5344223044" visible="true" version="1" changeset="55511860" timestamp="2018-01-17T05:32:23Z" user="kashcheeva" uid="3808237" lat="43.1204768" lon="131.9063576"/>
 <node id="5344223050" visible="true" version="2" changeset="72251503" timestamp="2019-07-15T07:23:53Z" user="Vasiljeva" uid="10050069" lat="43.1199097" lon="131.9066564"/>
 <node id="5344223062" visible="true" version="3" changeset="72251503" timestamp="2019-07-15T07:23:53Z" user="Vasiljeva" uid="10050069" lat="43.1200960" lon="131.9072051"/>
 <node id="5344223063" visible="true" version="2" changeset="72251503" timestamp="2019-07-15T07:23:53Z" user="Vasiljeva" uid="10050069" lat="43.1204483" lon="131.9067542"/>
 <node id="5344223064" visible="true" version="2" changeset="72251503" timestamp="2019-07-15T07:23:53Z" user="Vasiljeva" uid="10050069" lat="43.1204311" lon="131.9067281"/>
 <node id="5344223065" visible="true" version="2" changeset="72251503" timestamp="2019-07-15T07:23:53Z" user="Vasiljeva" uid="10050069" lat="43.1204642" lon="131.9066874"/>
 <node id="5344223066" visible="true" version="2" changeset="72251503" timestamp="2019-07-15T07:23:53Z" user="Vasiljeva" uid="10050069" lat="43.1204813" lon="131.9067135"/>
 <node id="5344223067" visible="true" version="3" changeset="72251503" timestamp="2019-07-15T07:23:53Z" user="Vasiljeva" uid="10050069" lat="43.1204064" lon="131.9064406"/>
 <node id="5344223068" visible="true" version="3" changeset="72251503" timestamp="2019-07-15T07:23:53Z" user="Vasiljeva" uid="10050069" lat="43.1204837" lon="131.9065072"/>
 <node id="5344223105" visible="true" version="3" changeset="72251503" timestamp="2019-07-15T07:23:53Z" user="Vasiljeva" uid="10050069" lat="43.1201332" lon="131.9058466"/>
 <node id="5344223106" visible="true" version="3" changeset="72251503" timestamp="2019-07-15T07:23:53Z" user="Vasiljeva" uid="10050069" lat="43.1197916" lon="131.9055985"/>
 <node id="5355879597" visible="true" version="3" changeset="72251503" timestamp="2019-07-15T07:23:53Z" user="Vasiljeva" uid="10050069" lat="43.1199830" lon="131.9046544"/>
 <node id="5355879598" visible="true" version="3" changeset="72251503" timestamp="2019-07-15T07:23:53Z" user="Vasiljeva" uid="10050069" lat="43.1200823" lon="131.9047442"/>
 <node id="5355879599" visible="true" version="3" changeset="72251503" timestamp="2019-07-15T07:23:53Z" user="Vasiljeva" uid="10050069" lat="43.1201102" lon="131.9046946"/>
 <node id="5355879600" visible="true" version="3" changeset="72251503" timestamp="2019-07-15T07:23:53Z" user="Vasiljeva" uid="10050069" lat="43.1200490" lon="131.9045813"/>
 <node id="5360072395" visible="true" version="3" changeset="74934543" timestamp="2019-09-26T02:52:09Z" user="Vasiljeva" uid="10050069" lat="43.1222245" lon="131.9039476"/>
 <node id="5360072396" visible="true" version="4" changeset="74934543" timestamp="2019-09-26T02:52:09Z" user="Vasiljeva" uid="10050069" lat="43.1222554" lon="131.9039704"/>
 <node id="5411178196" visible="true" version="1" changeset="56337988" timestamp="2018-02-13T23:59:26Z" user="Sasha_SH" uid="4988915" lat="43.1205235" lon="131.9065198"/>
 <node id="5411233640" visible="true" version="2" changeset="60450628" timestamp="2018-07-06T00:41:50Z" user="Sasha_SH" uid="4988915" lat="43.1216886" lon="131.9064696"/>
 <node id="5411233644" visible="true" version="4" changeset="74601947" timestamp="2019-09-18T00:23:30Z" user="Vasiljeva" uid="10050069" lat="43.1209271" lon="131.9073814"/>
 <node id="5411233645" visible="true" version="3" changeset="74601947" timestamp="2019-09-18T00:23:30Z" user="Vasiljeva" uid="10050069" lat="43.1208179" lon="131.9071863"/>
 <node id="5411233659" visible="true" version="2" changeset="72251503" timestamp="2019-07-15T07:23:53Z" user="Vasiljeva" uid="10050069" lat="43.1209062" lon="131.9070729"/>
 <node id="5411233660" visible="true" version="2" changeset="72251503" timestamp="2019-07-15T07:23:53Z" user="Vasiljeva" uid="10050069" lat="43.1209068" lon="131.9071306"/>
 <node id="5411233661" visible="true" version="2" changeset="72251503" timestamp="2019-07-15T07:23:53Z" user="Vasiljeva" uid="10050069" lat="43.1215930" lon="131.9071167"/>
 <node id="5411233662" visible="true" version="2" changeset="72251503" timestamp="2019-07-15T07:23:53Z" user="Vasiljeva" uid="10050069" lat="43.1215924" lon="131.9070590"/>
 <node id="5411233663" visible="true" version="3" changeset="74601947" timestamp="2019-09-18T00:23:30Z" user="Vasiljeva" uid="10050069" lat="43.1208855" lon="131.9070408"/>
 <node id="5411233665" visible="true" version="1" changeset="56338608" timestamp="2018-02-14T00:52:32Z" user="Sasha_SH" uid="4988915" lat="43.1197654" lon="131.9078935"/>
 <node id="5411233666" visible="true" version="1" changeset="56338608" timestamp="2018-02-14T00:52:32Z" user="Sasha_SH" uid="4988915" lat="43.1211880" lon="131.9066868"/>
 <node id="5411233667" visible="true" version="1" changeset="56338608" timestamp="2018-02-14T00:52:32Z" user="Sasha_SH" uid="4988915" lat="43.1212824" lon="131.9066875"/>
 <node id="5411233675" visible="true" version="4" changeset="149756712" timestamp="2024-04-09T00:56:18Z" user="kashcheeva" uid="3808237" lat="43.1209389" lon="131.9042066"/>
 <node id="5411233676" visible="true" version="3" changeset="72245278" timestamp="2019-07-15T01:03:17Z" user="Vasiljeva" uid="10050069" lat="43.1206576" lon="131.9050509"/>
 <node id="5411233677" visible="true" version="3" changeset="72245278" timestamp="2019-07-15T01:03:17Z" user="Vasiljeva" uid="10050069" lat="43.1206715" lon="131.9050291"/>
 <node id="5411233678" visible="true" version="2" changeset="72251503" timestamp="2019-07-15T07:23:53Z" user="Vasiljeva" uid="10050069" lat="43.1203088" lon="131.9052669"/>
 <node id="5411233679" visible="true" version="2" changeset="72251503" timestamp="2019-07-15T07:23:53Z" user="Vasiljeva" uid="10050069" lat="43.1202980" lon="131.9052502"/>
 <node id="5411233680" visible="true" version="2" changeset="72251503" timestamp="2019-07-15T07:23:53Z" user="Vasiljeva" uid="10050069" lat="43.1201822" lon="131.9050037"/>
 <node id="5411233681" visible="true" version="2" changeset="72251503" timestamp="2019-07-15T07:23:53Z" user="Vasiljeva" uid="10050069" lat="43.1201470" lon="131.9050457"/>
 <node id="5411233682" visible="true" version="2" changeset="72251503" timestamp="2019-07-15T07:23:53Z" user="Vasiljeva" uid="10050069" lat="43.1201900" lon="131.9051133"/>
 <node id="5411233683" visible="true" version="2" changeset="72251503" timestamp="2019-07-15T07:23:53Z" user="Vasiljeva" uid="10050069" lat="43.1202937" lon="131.9058654"/>
 <node id="5411233684" visible="true" version="1" changeset="56338608" timestamp="2018-02-14T00:52:32Z" user="Sasha_SH" uid="4988915" lat="43.1206065" lon="131.9061772"/>
 <node id="5411233686" visible="true" version="1" changeset="56338608" timestamp="2018-02-14T00:52:32Z" user="Sasha_SH" uid="4988915" lat="43.1206119" lon="131.9062074"/>
 <node id="5411288521" visible="true" version="2" changeset="74601947" timestamp="2019-09-18T00:23:30Z" user="Vasiljeva" uid="10050069" lat="43.1214273" lon="131.9087152"/>
 <node id="5411288522" visible="true" version="2" changeset="74601947" timestamp="2019-09-18T00:23:30Z" user="Vasiljeva" uid="10050069" lat="43.1213930" lon="131.9087427"/>
 <node id="5411288523" visible="true" version="1" changeset="56338985" timestamp="2018-02-14T01:33:02Z" user="Sasha_SH" uid="4988915" lat="43.1216530" lon="131.9069830"/>
 <node id="5411288524" visible="true" version="1" changeset="56338985" timestamp="2018-02-14T01:33:02Z" user="Sasha_SH" uid="4988915" lat="43.1216490" lon="131.9069859"/>
 <node id="5411288525" visible="true" version="1" changeset="56338985" timestamp="2018-02-14T01:33:02Z" user="Sasha_SH" uid="4988915" lat="43.1216530" lon="131.9068046"/>
 <node id="5411288526" visible="true" version="1" changeset="56338985" timestamp="2018-02-14T01:33:02Z" user="Sasha_SH" uid="4988915" lat="43.1216485" lon="131.9067974"/>
 <node id="5411288527" visible="true" version="1" changeset="56338985" timestamp="2018-02-14T01:33:02Z" user="Sasha_SH" uid="4988915" lat="43.1215032" lon="131.9066915"/>
 <node id="5411288528" visible="true" version="1" changeset="56338985" timestamp="2018-02-14T01:33:02Z" user="Sasha_SH" uid="4988915" lat="43.1213203" lon="131.9064722"/>
 <node id="5411288529" visible="true" version="2" changeset="60450628" timestamp="2018-07-06T00:41:50Z" user="Sasha_SH" uid="4988915" lat="43.1213057" lon="131.9064594"/>
 <node id="5411288530" visible="true" version="2" changeset="60450628" timestamp="2018-07-06T00:41:50Z" user="Sasha_SH" uid="4988915" lat="43.1212731" lon="131.9064277"/>
 <node id="5411288531" visible="true" version="3" changeset="60522356" timestamp="2018-07-09T03:07:01Z" user="Sasha_SH" uid="4988915" lat="43.1211990" lon="131.9063610"/>
 <node id="5411288532" visible="true" version="2" changeset="60450628" timestamp="2018-07-06T00:41:50Z" user="Sasha_SH" uid="4988915" lat="43.1212851" lon="131.9065289"/>
 <node id="5411288533" visible="true" version="1" changeset="56338985" timestamp="2018-02-14T01:33:03Z" user="Sasha_SH" uid="4988915" lat="43.1213262" lon="131.9067874"/>
 <node id="5411288534" visible="true" version="1" changeset="56338985" timestamp="2018-02-14T01:33:03Z" user="Sasha_SH" uid="4988915" lat="43.1213309" lon="131.9067907"/>
 <node id="5411288535" visible="true" version="1" changeset="56338985" timestamp="2018-02-14T01:33:03Z" user="Sasha_SH" uid="4988915" lat="43.1213370" lon="131.9067901"/>
 <node id="5411288536" visible="true" version="1" changeset="56338985" timestamp="2018-02-14T01:33:03Z" user="Sasha_SH" uid="4988915" lat="43.1213418" lon="131.9067802"/>
 <node id="5411288537" visible="true" version="1" changeset="56338985" timestamp="2018-02-14T01:33:03Z" user="Sasha_SH" uid="4988915" lat="43.1213509" lon="131.9067653"/>
 <node id="5411288538" visible="true" version="1" changeset="56338985" timestamp="2018-02-14T01:33:03Z" user="Sasha_SH" uid="4988915" lat="43.1213632" lon="131.9067569"/>
 <node id="5411288539" visible="true" version="1" changeset="56338985" timestamp="2018-02-14T01:33:03Z" user="Sasha_SH" uid="4988915" lat="43.1213798" lon="131.9067488"/>
 <node id="5411288540" visible="true" version="1" changeset="56338985" timestamp="2018-02-14T01:33:03Z" user="Sasha_SH" uid="4988915" lat="43.1214013" lon="131.9067371"/>
 <node id="5411288541" visible="true" version="1" changeset="56338985" timestamp="2018-02-14T01:33:03Z" user="Sasha_SH" uid="4988915" lat="43.1214121" lon="131.9067250"/>
 <node id="5411288542" visible="true" version="1" changeset="56338985" timestamp="2018-02-14T01:33:03Z" user="Sasha_SH" uid="4988915" lat="43.1214236" lon="131.9067036"/>
 <node id="5411288543" visible="true" version="1" changeset="56338985" timestamp="2018-02-14T01:33:03Z" user="Sasha_SH" uid="4988915" lat="43.1214349" lon="131.9066912"/>
 <node id="5411288544" visible="true" version="1" changeset="56338985" timestamp="2018-02-14T01:33:03Z" user="Sasha_SH" uid="4988915" lat="43.1214471" lon="131.9066824"/>
 <node id="5411288545" visible="true" version="1" changeset="56338985" timestamp="2018-02-14T01:33:03Z" user="Sasha_SH" uid="4988915" lat="43.1214677" lon="131.9066754"/>
 <node id="5411288546" visible="true" version="1" changeset="56338985" timestamp="2018-02-14T01:33:03Z" user="Sasha_SH" uid="4988915" lat="43.1214806" lon="131.9066771"/>
 <node id="5411288547" visible="true" version="1" changeset="56338985" timestamp="2018-02-14T01:33:03Z" user="Sasha_SH" uid="4988915" lat="43.1215166" lon="131.9067052"/>
 <node id="5411288548" visible="true" version="1" changeset="56338985" timestamp="2018-02-14T01:33:03Z" user="Sasha_SH" uid="4988915" lat="43.1215254" lon="131.9067264"/>
 <node id="5411288549" visible="true" version="1" changeset="56338985" timestamp="2018-02-14T01:33:03Z" user="Sasha_SH" uid="4988915" lat="43.1215301" lon="131.9067592"/>
 <node id="5411288550" visible="true" version="1" changeset="56338985" timestamp="2018-02-14T01:33:03Z" user="Sasha_SH" uid="4988915" lat="43.1215271" lon="131.9067887"/>
 <node id="5411288551" visible="true" version="1" changeset="56338985" timestamp="2018-02-14T01:33:03Z" user="Sasha_SH" uid="4988915" lat="43.1215183" lon="131.9068142"/>
 <node id="5411288552" visible="true" version="1" changeset="56338985" timestamp="2018-02-14T01:33:03Z" user="Sasha_SH" uid="4988915" lat="43.1215107" lon="131.9068279"/>
 <node id="5411288553" visible="true" version="1" changeset="56338985" timestamp="2018-02-14T01:33:03Z" user="Sasha_SH" uid="4988915" lat="43.1215058" lon="131.9068323"/>
 <node id="5411288554" visible="true" version="1" changeset="56338985" timestamp="2018-02-14T01:33:03Z" user="Sasha_SH" uid="4988915" lat="43.1214902" lon="131.9068414"/>
 <node id="5411288555" visible="true" version="1" changeset="56338985" timestamp="2018-02-14T01:33:03Z" user="Sasha_SH" uid="4988915" lat="43.1214652" lon="131.9068454"/>
 <node id="5411288556" visible="true" version="1" changeset="56338985" timestamp="2018-02-14T01:33:03Z" user="Sasha_SH" uid="4988915" lat="43.1214527" lon="131.9068414"/>
 <node id="5411288557" visible="true" version="1" changeset="56338985" timestamp="2018-02-14T01:33:03Z" user="Sasha_SH" uid="4988915" lat="43.1214405" lon="131.9068417"/>
 <node id="5411288558" visible="true" version="1" changeset="56338985" timestamp="2018-02-14T01:33:03Z" user="Sasha_SH" uid="4988915" lat="43.1214302" lon="131.9068464"/>
 <node id="5411288559" visible="true" version="1" changeset="56338985" timestamp="2018-02-14T01:33:03Z" user="Sasha_SH" uid="4988915" lat="43.1214136" lon="131.9068625"/>
 <node id="5411288560" visible="true" version="1" changeset="56338985" timestamp="2018-02-14T01:33:03Z" user="Sasha_SH" uid="4988915" lat="43.1213928" lon="131.9068876"/>
 <node id="5411288561" visible="true" version="1" changeset="56338985" timestamp="2018-02-14T01:33:03Z" user="Sasha_SH" uid="4988915" lat="43.1213757" lon="131.9069081"/>
 <node id="5411288562" visible="true" version="1" changeset="56338985" timestamp="2018-02-14T01:33:03Z" user="Sasha_SH" uid="4988915" lat="43.1213575" lon="131.9069225"/>
 <node id="5411288563" visible="true" version="1" changeset="56338985" timestamp="2018-02-14T01:33:03Z" user="Sasha_SH" uid="4988915" lat="43.1213487" lon="131.9069299"/>
 <node id="5411288564" visible="true" version="1" changeset="56338985" timestamp="2018-02-14T01:33:03Z" user="Sasha_SH" uid="4988915" lat="43.1213411" lon="131.9069456"/>
 <node id="5411288565" visible="true" version="1" changeset="56338985" timestamp="2018-02-14T01:33:03Z" user="Sasha_SH" uid="4988915" lat="43.1213407" lon="131.9069651"/>
 <node id="5411288566" visible="true" version="2" changeset="72251503" timestamp="2019-07-15T07:23:53Z" user="Vasiljeva" uid="10050069" lat="43.1213445" lon="131.9069768"/>
 <node id="5411288567" visible="true" version="2" changeset="72251503" timestamp="2019-07-15T07:23:53Z" user="Vasiljeva" uid="10050069" lat="43.1213506" lon="131.9069835"/>
 <node id="5411288568" visible="true" version="1" changeset="56338985" timestamp="2018-02-14T01:33:03Z" user="Sasha_SH" uid="4988915" lat="43.1214731" lon="131.9067866"/>
 <node id="5411288569" visible="true" version="1" changeset="56338985" timestamp="2018-02-14T01:33:03Z" user="Sasha_SH" uid="4988915" lat="43.1214617" lon="131.9067834"/>
 <node id="5411288570" visible="true" version="1" changeset="56338985" timestamp="2018-02-14T01:33:03Z" user="Sasha_SH" uid="4988915" lat="43.1214534" lon="131.9067723"/>
 <node id="5411288571" visible="true" version="1" changeset="56338985" timestamp="2018-02-14T01:33:03Z" user="Sasha_SH" uid="4988915" lat="43.1214508" lon="131.9067568"/>
 <node id="5411288572" visible="true" version="1" changeset="56338985" timestamp="2018-02-14T01:33:03Z" user="Sasha_SH" uid="4988915" lat="43.1214548" lon="131.9067419"/>
 <node id="5411288573" visible="true" version="1" changeset="56338985" timestamp="2018-02-14T01:33:03Z" user="Sasha_SH" uid="4988915" lat="43.1214640" lon="131.9067322"/>
 <node id="5411288574" visible="true" version="1" changeset="56338985" timestamp="2018-02-14T01:33:03Z" user="Sasha_SH" uid="4988915" lat="43.1214755" lon="131.9067309"/>
 <node id="5411288575" visible="true" version="1" changeset="56338985" timestamp="2018-02-14T01:33:03Z" user="Sasha_SH" uid="4988915" lat="43.1214857" lon="131.9067384"/>
 <node id="5411288576" visible="true" version="1" changeset="56338985" timestamp="2018-02-14T01:33:03Z" user="Sasha_SH" uid="4988915" lat="43.1214914" lon="131.9067522"/>
 <node id="5411288577" visible="true" version="1" changeset="56338985" timestamp="2018-02-14T01:33:03Z" user="Sasha_SH" uid="4988915" lat="43.1214907" lon="131.9067681"/>
 <node id="5411288578" visible="true" version="1" changeset="56338985" timestamp="2018-02-14T01:33:03Z" user="Sasha_SH" uid="4988915" lat="43.1214839" lon="131.9067809"/>
 <node id="5411288579" visible="true" version="1" changeset="56338985" timestamp="2018-02-14T01:33:03Z" user="Sasha_SH" uid="4988915" lat="43.1213544" lon="131.9068031"/>
 <node id="5411288580" visible="true" version="1" changeset="56338985" timestamp="2018-02-14T01:33:03Z" user="Sasha_SH" uid="4988915" lat="43.1213497" lon="131.9068135"/>
 <node id="5411288581" visible="true" version="1" changeset="56338985" timestamp="2018-02-14T01:33:03Z" user="Sasha_SH" uid="4988915" lat="43.1213431" lon="131.9068219"/>
 <node id="5411288582" visible="true" version="1" changeset="56338985" timestamp="2018-02-14T01:33:03Z" user="Sasha_SH" uid="4988915" lat="43.1213370" lon="131.9068290"/>
 <node id="5411288583" visible="true" version="1" changeset="56338985" timestamp="2018-02-14T01:33:03Z" user="Sasha_SH" uid="4988915" lat="43.1213336" lon="131.9068434"/>
 <node id="5411288584" visible="true" version="1" changeset="56338985" timestamp="2018-02-14T01:33:03Z" user="Sasha_SH" uid="4988915" lat="43.1213345" lon="131.9068752"/>
 <node id="5411288585" visible="true" version="1" changeset="56338985" timestamp="2018-02-14T01:33:03Z" user="Sasha_SH" uid="4988915" lat="43.1213365" lon="131.9068923"/>
 <node id="5411288586" visible="true" version="1" changeset="56338985" timestamp="2018-02-14T01:33:03Z" user="Sasha_SH" uid="4988915" lat="43.1213416" lon="131.9068994"/>
 <node id="5411288587" visible="true" version="1" changeset="56338985" timestamp="2018-02-14T01:33:03Z" user="Sasha_SH" uid="4988915" lat="43.1213497" lon="131.9068980"/>
 <node id="5411288588" visible="true" version="1" changeset="56338985" timestamp="2018-02-14T01:33:03Z" user="Sasha_SH" uid="4988915" lat="43.1213615" lon="131.9068917"/>
 <node id="5411288589" visible="true" version="1" changeset="56338985" timestamp="2018-02-14T01:33:03Z" user="Sasha_SH" uid="4988915" lat="43.1213708" lon="131.9068843"/>
 <node id="5411288590" visible="true" version="1" changeset="56338985" timestamp="2018-02-14T01:33:03Z" user="Sasha_SH" uid="4988915" lat="43.1214067" lon="131.9068393"/>
 <node id="5411288591" visible="true" version="1" changeset="56338985" timestamp="2018-02-14T01:33:03Z" user="Sasha_SH" uid="4988915" lat="43.1214209" lon="131.9068179"/>
 <node id="5411288592" visible="true" version="1" changeset="56338985" timestamp="2018-02-14T01:33:03Z" user="Sasha_SH" uid="4988915" lat="43.1214217" lon="131.9068065"/>
 <node id="5411288593" visible="true" version="1" changeset="56338985" timestamp="2018-02-14T01:33:03Z" user="Sasha_SH" uid="4988915" lat="43.1214163" lon="131.9067931"/>
 <node id="5411288594" visible="true" version="1" changeset="56338985" timestamp="2018-02-14T01:33:03Z" user="Sasha_SH" uid="4988915" lat="43.1214141" lon="131.9067767"/>
 <node id="5411288595" visible="true" version="1" changeset="56338985" timestamp="2018-02-14T01:33:03Z" user="Sasha_SH" uid="4988915" lat="43.1214106" lon="131.9067683"/>
 <node id="5411288596" visible="true" version="1" changeset="56338985" timestamp="2018-02-14T01:33:03Z" user="Sasha_SH" uid="4988915" lat="43.1214023" lon="131.9067649"/>
 <node id="5411288597" visible="true" version="1" changeset="56338985" timestamp="2018-02-14T01:33:03Z" user="Sasha_SH" uid="4988915" lat="43.1213683" lon="131.9067777"/>
 <node id="5411288598" visible="true" version="1" changeset="56338985" timestamp="2018-02-14T01:33:03Z" user="Sasha_SH" uid="4988915" lat="43.1213585" lon="131.9067891"/>
 <node id="5411288599" visible="true" version="1" changeset="56338985" timestamp="2018-02-14T01:33:03Z" user="Sasha_SH" uid="4988915" lat="43.1213451" lon="131.9068001"/>
 <node id="5411288600" visible="true" version="1" changeset="56338985" timestamp="2018-02-14T01:33:04Z" user="Sasha_SH" uid="4988915" lat="43.1213504" lon="131.9067837"/>
 <node id="5411288601" visible="true" version="1" changeset="56338985" timestamp="2018-02-14T01:33:04Z" user="Sasha_SH" uid="4988915" lat="43.1214028" lon="131.9068605"/>
 <node id="5411288602" visible="true" version="1" changeset="56338985" timestamp="2018-02-14T01:33:04Z" user="Sasha_SH" uid="4988915" lat="43.1213377" lon="131.9068122"/>
 <node id="5411288603" visible="true" version="1" changeset="56338985" timestamp="2018-02-14T01:33:04Z" user="Sasha_SH" uid="4988915" lat="43.1213646" lon="131.9067666"/>
 <node id="5411360995" visible="true" version="1" changeset="56340267" timestamp="2018-02-14T03:01:41Z" user="Sasha_SH" uid="4988915" lat="43.1220757" lon="131.9062425"/>
 <node id="5421415677" visible="true" version="3" changeset="74934543" timestamp="2019-09-26T02:52:09Z" user="Vasiljeva" uid="10050069" lat="43.1222228" lon="131.9039978">
  <tag k="access" v="private"/>
  <tag k="barrier" v="gate"/>
 </node>
 <node id="5629949167" visible="true" version="2" changeset="72411435" timestamp="2019-07-19T02:41:25Z" user="Vasiljeva" uid="10050069" lat="43.1220204" lon="131.9034986"/>
 <node id="5629949168" visible="true" version="2" changeset="72411435" timestamp="2019-07-19T02:41:25Z" user="Vasiljeva" uid="10050069" lat="43.1219413" lon="131.9036919"/>
 <node id="5629949169" visible="true" version="2" changeset="72411435" timestamp="2019-07-19T02:41:25Z" user="Vasiljeva" uid="10050069" lat="43.1220247" lon="131.9037559"/>
 <node id="5629949170" visible="true" version="2" changeset="72411435" timestamp="2019-07-19T02:41:25Z" user="Vasiljeva" uid="10050069" lat="43.1221038" lon="131.9035626"/>
 <node id="5629949175" visible="true" version="3" changeset="74934543" timestamp="2019-09-26T02:52:09Z" user="Vasiljeva" uid="10050069" lat="43.1222491" lon="131.9039330"/>
 <node id="5629949176" visible="true" version="3" changeset="74934543" timestamp="2019-09-26T02:52:09Z" user="Vasiljeva" uid="10050069" lat="43.1222758" lon="131.9038675">
  <tag k="entrance" v="yes"/>
 </node>
 <node id="5740697287" visible="true" version="2" changeset="72251503" timestamp="2019-07-15T07:23:53Z" user="Vasiljeva" uid="10050069" lat="43.1200999" lon="131.9058224"/>
 <node id="5740697288" visible="true" version="2" changeset="72251503" timestamp="2019-07-15T07:23:53Z" user="Vasiljeva" uid="10050069" lat="43.1196516" lon="131.9058707"/>
 <node id="5740697305" visible="true" version="2" changeset="72251503" timestamp="2019-07-15T07:23:53Z" user="Vasiljeva" uid="10050069" lat="43.1199188" lon="131.9043660"/>
 <node id="5740697318" visible="true" version="2" changeset="72251503" timestamp="2019-07-15T07:23:53Z" user="Vasiljeva" uid="10050069" lat="43.1199590" lon="131.9046570"/>
 <node id="5740697319" visible="true" version="2" changeset="72251503" timestamp="2019-07-15T07:23:53Z" user="Vasiljeva" uid="10050069" lat="43.1199448" lon="131.9046466"/>
 <node id="5740697732" visible="true" version="3" changeset="74601947" timestamp="2019-09-18T00:23:30Z" user="Vasiljeva" uid="10050069" lat="43.1199022" lon="131.9043003"/>
 <node id="5740697733" visible="true" version="2" changeset="72251503" timestamp="2019-07-15T07:23:53Z" user="Vasiljeva" uid="10050069" lat="43.1200216" lon="131.9045504"/>
 <node id="5740697734" visible="true" version="2" changeset="72251503" timestamp="2019-07-15T07:23:53Z" user="Vasiljeva" uid="10050069" lat="43.1199340" lon="131.9044029"/>
 <node id="5742367031" visible="true" version="1" changeset="60450628" timestamp="2018-07-06T00:41:41Z" user="Sasha_SH" uid="4988915" lat="43.1209966" lon="131.9063167"/>
 <node id="5742367032" visible="true" version="2" changeset="72251503" timestamp="2019-07-15T07:23:53Z" user="Vasiljeva" uid="10050069" lat="43.1207798" lon="131.9057286"/>
 <node id="5742367033" visible="true" version="2" changeset="72251503" timestamp="2019-07-15T07:23:53Z" user="Vasiljeva" uid="10050069" lat="43.1210298" lon="131.9060438"/>
 <node id="5742367034" visible="true" version="2" changeset="72251503" timestamp="2019-07-15T07:23:53Z" user="Vasiljeva" uid="10050069" lat="43.1210538" lon="131.9060129"/>
 <node id="5742367035" visible="true" version="2" changeset="72251503" timestamp="2019-07-15T07:23:53Z" user="Vasiljeva" uid="10050069" lat="43.1207871" lon="131.9056682"/>
 <node id="5742367036" visible="true" version="2" changeset="72251503" timestamp="2019-07-15T07:23:53Z" user="Vasiljeva" uid="10050069" lat="43.1208923" lon="131.9059452"/>
 <node id="5742367037" visible="true" version="2" changeset="72251503" timestamp="2019-07-15T07:23:53Z" user="Vasiljeva" uid="10050069" lat="43.1207617" lon="131.9062637"/>
 <node id="5742367039" visible="true" version="1" changeset="60450628" timestamp="2018-07-06T00:41:41Z" user="Sasha_SH" uid="4988915" lat="43.1207734" lon="131.9063106"/>
 <node id="5742367055" visible="true" version="3" changeset="72245278" timestamp="2019-07-15T01:03:17Z" user="Vasiljeva" uid="10050069" lat="43.1220626" lon="131.9041896"/>
 <node id="5742367056" visible="true" version="2" changeset="72245278" timestamp="2019-07-15T01:03:17Z" user="Vasiljeva" uid="10050069" lat="43.1220200" lon="131.9041588"/>
 <node id="5742367065" visible="true" version="2" changeset="72251503" timestamp="2019-07-15T07:23:53Z" user="Vasiljeva" uid="10050069" lat="43.1212961" lon="131.9066603"/>
 <node id="5742367066" visible="true" version="2" changeset="72251503" timestamp="2019-07-15T07:23:53Z" user="Vasiljeva" uid="10050069" lat="43.1212986" lon="131.9066700"/>
 <node id="5742367067" visible="true" version="2" changeset="72251503" timestamp="2019-07-15T07:23:53Z" user="Vasiljeva" uid="10050069" lat="43.1213182" lon="131.9067055"/>
 <node id="5742367068" visible="true" version="2" changeset="72251503" timestamp="2019-07-15T07:23:53Z" user="Vasiljeva" uid="10050069" lat="43.1213127" lon="131.9066941"/>
 <node id="5742367069" visible="true" version="2" changeset="72251503" timestamp="2019-07-15T07:23:53Z" user="Vasiljeva" uid="10050069" lat="43.1213020" lon="131.9066814"/>
 <node id="5742367070" visible="true" version="2" changeset="72251503" timestamp="2019-07-15T07:23:53Z" user="Vasiljeva" uid="10050069" lat="43.1212944" lon="131.9066435"/>
 <node id="5742367071" visible="true" version="1" changeset="60450628" timestamp="2018-07-06T00:41:42Z" user="Sasha_SH" uid="4988915" lat="43.1212893" lon="131.9065420"/>
 <node id="5742367072" visible="true" version="2" changeset="60522356" timestamp="2018-07-09T03:07:01Z" user="Sasha_SH" uid="4988915" lat="43.1212117" lon="131.9063663"/>
 <node id="5742367073" visible="true" version="2" changeset="60522356" timestamp="2018-07-09T03:07:01Z" user="Sasha_SH" uid="4988915" lat="43.1211930" lon="131.9063599"/>
 <node id="5742367074" visible="true" version="2" changeset="60522356" timestamp="2018-07-09T03:07:01Z" user="Sasha_SH" uid="4988915" lat="43.1211872" lon="131.9064035"/>
 <node id="5742367075" visible="true" version="2" changeset="60522356" timestamp="2018-07-09T03:07:01Z" user="Sasha_SH" uid="4988915" lat="43.1211843" lon="131.9063884"/>
 <node id="5742367076" visible="true" version="2" changeset="60522356" timestamp="2018-07-09T03:07:01Z" user="Sasha_SH" uid="4988915" lat="43.1211853" lon="131.9063750"/>
 <node id="5742367077" visible="true" version="2" changeset="60522356" timestamp="2018-07-09T03:07:01Z" user="Sasha_SH" uid="4988915" lat="43.1211867" lon="131.9063643"/>
 <node id="5742367078" visible="true" version="2" changeset="60522356" timestamp="2018-07-09T03:07:01Z" user="Sasha_SH" uid="4988915" lat="43.1211931" lon="131.9064186"/>
 <node id="5742367079" visible="true" version="1" changeset="60450628" timestamp="2018-07-06T00:41:42Z" user="Sasha_SH" uid="4988915" lat="43.1210392" lon="131.9065760"/>
 <node id="5742367080" visible="true" version="1" changeset="60450628" timestamp="2018-07-06T00:41:42Z" user="Sasha_SH" uid="4988915" lat="43.1210279" lon="131.9065601"/>
 <node id="5742367081" visible="true" version="3" changeset="72251503" timestamp="2019-07-15T07:23:53Z" user="Vasiljeva" uid="10050069" lat="43.1210337" lon="131.9063742"/>
 <node id="5742367082" visible="true" version="3" changeset="72251503" timestamp="2019-07-15T07:23:53Z" user="Vasiljeva" uid="10050069" lat="43.1210357" lon="131.9064095"/>
 <node id="5742367083" visible="true" version="3" changeset="72251503" timestamp="2019-07-15T07:23:53Z" user="Vasiljeva" uid="10050069" lat="43.1210625" lon="131.9064066"/>
 <node id="5742367084" visible="true" version="3" changeset="72251503" timestamp="2019-07-15T07:23:53Z" user="Vasiljeva" uid="10050069" lat="43.1210605" lon="131.9063712"/>
 <node id="5742367085" visible="true" version="3" changeset="72251503" timestamp="2019-07-15T07:23:53Z" user="Vasiljeva" uid="10050069" lat="43.1210651" lon="131.9064099"/>
 <node id="5742367087" visible="true" version="1" changeset="60450628" timestamp="2018-07-06T00:41:42Z" user="Sasha_SH" uid="4988915" lat="43.1204014" lon="131.9056649"/>
 <node id="5742367088" visible="true" version="1" changeset="60450628" timestamp="2018-07-06T00:41:42Z" user="Sasha_SH" uid="4988915" lat="43.1203960" lon="131.9056783"/>
 <node id="5742367089" visible="true" version="1" changeset="60450628" timestamp="2018-07-06T00:41:42Z" user="Sasha_SH" uid="4988915" lat="43.1203598" lon="131.9057286"/>
 <node id="5742367090" visible="true" version="1" changeset="60450628" timestamp="2018-07-06T00:41:42Z" user="Sasha_SH" uid="4988915" lat="43.1203441" lon="131.9057380"/>
 <node id="5742367091" visible="true" version="1" changeset="60450628" timestamp="2018-07-06T00:41:42Z" user="Sasha_SH" uid="4988915" lat="43.1203344" lon="131.9057413"/>
 <node id="5742367092" visible="true" version="2" changeset="137313069" timestamp="2023-06-14T06:58:28Z" user="KhoraKavat" uid="11346447" lat="43.1203118" lon="131.9057521"/>
 <node id="5742367093" visible="true" version="2" changeset="137313069" timestamp="2023-06-14T06:58:28Z" user="KhoraKavat" uid="11346447" lat="43.1202889" lon="131.9057883"/>
 <node id="5742367096" visible="true" version="2" changeset="137313069" timestamp="2023-06-14T06:58:28Z" user="KhoraKavat" uid="11346447" lat="43.1202869" lon="131.9058265"/>
 <node id="5742367097" visible="true" version="2" changeset="137313069" timestamp="2023-06-14T06:58:28Z" user="KhoraKavat" uid="11346447" lat="43.1203035" lon="131.9058540"/>
 <node id="5742367098" visible="true" version="2" changeset="137313069" timestamp="2023-06-14T06:58:28Z" user="KhoraKavat" uid="11346447" lat="43.1203236" lon="131.9058955"/>
 <node id="5742367099" visible="true" version="2" changeset="137313069" timestamp="2023-06-14T06:58:28Z" user="KhoraKavat" uid="11346447" lat="43.1203872" lon="131.9061040"/>
 <node id="5742367100" visible="true" version="1" changeset="60450628" timestamp="2018-07-06T00:41:42Z" user="Sasha_SH" uid="4988915" lat="43.1204846" lon="131.9064534"/>
 <node id="5742367101" visible="true" version="1" changeset="60450628" timestamp="2018-07-06T00:41:42Z" user="Sasha_SH" uid="4988915" lat="43.1205536" lon="131.9065835"/>
 <node id="5742367102" visible="true" version="1" changeset="60450628" timestamp="2018-07-06T00:41:42Z" user="Sasha_SH" uid="4988915" lat="43.1205717" lon="131.9066036"/>
 <node id="5742367103" visible="true" version="1" changeset="60450628" timestamp="2018-07-06T00:41:42Z" user="Sasha_SH" uid="4988915" lat="43.1205825" lon="131.9066150"/>
 <node id="5742367104" visible="true" version="1" changeset="60450628" timestamp="2018-07-06T00:41:42Z" user="Sasha_SH" uid="4988915" lat="43.1205982" lon="131.9066224"/>
 <node id="5742367105" visible="true" version="1" changeset="60450628" timestamp="2018-07-06T00:41:42Z" user="Sasha_SH" uid="4988915" lat="43.1206261" lon="131.9066043"/>
 <node id="5742367106" visible="true" version="1" changeset="60450628" timestamp="2018-07-06T00:41:42Z" user="Sasha_SH" uid="4988915" lat="43.1206549" lon="131.9065641"/>
 <node id="5742367107" visible="true" version="1" changeset="60450628" timestamp="2018-07-06T00:41:42Z" user="Sasha_SH" uid="4988915" lat="43.1206706" lon="131.9065192"/>
 <node id="5742367108" visible="true" version="1" changeset="60450628" timestamp="2018-07-06T00:41:42Z" user="Sasha_SH" uid="4988915" lat="43.1206672" lon="131.9064762"/>
 <node id="5742367109" visible="true" version="1" changeset="60450628" timestamp="2018-07-06T00:41:42Z" user="Sasha_SH" uid="4988915" lat="43.1206496" lon="131.9064501"/>
 <node id="5742367110" visible="true" version="1" changeset="60450628" timestamp="2018-07-06T00:41:42Z" user="Sasha_SH" uid="4988915" lat="43.1206275" lon="131.9064306"/>
 <node id="5742367111" visible="true" version="1" changeset="60450628" timestamp="2018-07-06T00:41:42Z" user="Sasha_SH" uid="4988915" lat="43.1205854" lon="131.9064132"/>
 <node id="5742367112" visible="true" version="1" changeset="60450628" timestamp="2018-07-06T00:41:42Z" user="Sasha_SH" uid="4988915" lat="43.1205629" lon="131.9064112"/>
 <node id="5742367113" visible="true" version="1" changeset="60450628" timestamp="2018-07-06T00:41:42Z" user="Sasha_SH" uid="4988915" lat="43.1205453" lon="131.9064112"/>
 <node id="5742367114" visible="true" version="1" changeset="60450628" timestamp="2018-07-06T00:41:42Z" user="Sasha_SH" uid="4988915" lat="43.1205431" lon="131.9064072"/>
 <node id="5742367115" visible="true" version="1" changeset="60450628" timestamp="2018-07-06T00:41:42Z" user="Sasha_SH" uid="4988915" lat="43.1205402" lon="131.9063867"/>
 <node id="5742367116" visible="true" version="1" changeset="60450628" timestamp="2018-07-06T00:41:42Z" user="Sasha_SH" uid="4988915" lat="43.1205377" lon="131.9061406"/>
 <node id="5742367117" visible="true" version="1" changeset="60450628" timestamp="2018-07-06T00:41:42Z" user="Sasha_SH" uid="4988915" lat="43.1205394" lon="131.9058325"/>
 <node id="5742367118" visible="true" version="1" changeset="60450628" timestamp="2018-07-06T00:41:42Z" user="Sasha_SH" uid="4988915" lat="43.1205416" lon="131.9056810"/>
 <node id="5742367119" visible="true" version="1" changeset="60450628" timestamp="2018-07-06T00:41:42Z" user="Sasha_SH" uid="4988915" lat="43.1205436" lon="131.9056635"/>
 <node id="5742367120" visible="true" version="1" changeset="60450628" timestamp="2018-07-06T00:41:42Z" user="Sasha_SH" uid="4988915" lat="43.1205443" lon="131.9056230"/>
 <node id="5742367121" visible="true" version="1" changeset="60450628" timestamp="2018-07-06T00:41:42Z" user="Sasha_SH" uid="4988915" lat="43.1205416" lon="131.9055935"/>
 <node id="5742367122" visible="true" version="1" changeset="60450628" timestamp="2018-07-06T00:41:42Z" user="Sasha_SH" uid="4988915" lat="43.1205348" lon="131.9055616"/>
 <node id="5742367123" visible="true" version="1" changeset="60450628" timestamp="2018-07-06T00:41:42Z" user="Sasha_SH" uid="4988915" lat="43.1205216" lon="131.9055331"/>
 <node id="5742367124" visible="true" version="1" changeset="60450628" timestamp="2018-07-06T00:41:42Z" user="Sasha_SH" uid="4988915" lat="43.1205159" lon="131.9055247"/>
 <node id="5742367125" visible="true" version="1" changeset="60450628" timestamp="2018-07-06T00:41:42Z" user="Sasha_SH" uid="4988915" lat="43.1205008" lon="131.9055133"/>
 <node id="5742367126" visible="true" version="1" changeset="60450628" timestamp="2018-07-06T00:41:42Z" user="Sasha_SH" uid="4988915" lat="43.1204890" lon="131.9055123"/>
 <node id="5742367127" visible="true" version="1" changeset="60450628" timestamp="2018-07-06T00:41:42Z" user="Sasha_SH" uid="4988915" lat="43.1204726" lon="131.9055204"/>
 <node id="5742367128" visible="true" version="1" changeset="60450628" timestamp="2018-07-06T00:41:42Z" user="Sasha_SH" uid="4988915" lat="43.1204589" lon="131.9055311"/>
 <node id="5742367129" visible="true" version="1" changeset="60450628" timestamp="2018-07-06T00:41:43Z" user="Sasha_SH" uid="4988915" lat="43.1204364" lon="131.9055676"/>
 <node id="5742367130" visible="true" version="2" changeset="72245278" timestamp="2019-07-15T01:03:17Z" user="Vasiljeva" uid="10050069" lat="43.1207117" lon="131.9050517">
  <tag k="entrance" v="yes"/>
 </node>
 <node id="5742367131" visible="true" version="2" changeset="72245278" timestamp="2019-07-15T01:03:17Z" user="Vasiljeva" uid="10050069" lat="43.1206342" lon="131.9047668">
  <tag k="entrance" v="yes"/>
 </node>
 <node id="5742367132" visible="true" version="2" changeset="72245278" timestamp="2019-07-15T01:03:17Z" user="Vasiljeva" uid="10050069" lat="43.1207329" lon="131.9048841">
  <tag k="entrance" v="yes"/>
 </node>
 <node id="5742367133" visible="true" version="3" changeset="72245278" timestamp="2019-07-15T01:03:17Z" user="Vasiljeva" uid="10050069" lat="43.1208262" lon="131.9047028"/>
 <node id="5742367134" visible="true" version="2" changeset="72245278" timestamp="2019-07-15T01:03:17Z" user="Vasiljeva" uid="10050069" lat="43.1207898" lon="131.9047654"/>
 <node id="5742367135" visible="true" version="3" changeset="72245278" timestamp="2019-07-15T01:03:17Z" user="Vasiljeva" uid="10050069" lat="43.1207930" lon="131.9046700"/>
 <node id="5742367136" visible="true" version="2" changeset="72245278" timestamp="2019-07-15T01:03:17Z" user="Vasiljeva" uid="10050069" lat="43.1207586" lon="131.9047320"/>
 <node id="5742367137" visible="true" version="3" changeset="72245278" timestamp="2019-07-15T01:03:17Z" user="Vasiljeva" uid="10050069" lat="43.1207582" lon="131.9046357"/>
 <node id="5742367138" visible="true" version="2" changeset="72245278" timestamp="2019-07-15T01:03:17Z" user="Vasiljeva" uid="10050069" lat="43.1207245" lon="131.9046965"/>
 <node id="5742367139" visible="true" version="3" changeset="72245278" timestamp="2019-07-15T01:03:17Z" user="Vasiljeva" uid="10050069" lat="43.1207253" lon="131.9046032"/>
 <node id="5742367140" visible="true" version="2" changeset="72245278" timestamp="2019-07-15T01:03:17Z" user="Vasiljeva" uid="10050069" lat="43.1206921" lon="131.9046627"/>
 <node id="5742367141" visible="true" version="3" changeset="72245278" timestamp="2019-07-15T01:03:17Z" user="Vasiljeva" uid="10050069" lat="43.1210332" lon="131.9046053">
  <tag k="entrance" v="yes"/>
 </node>
 <node id="5742367142" visible="true" version="3" changeset="72245278" timestamp="2019-07-15T01:03:17Z" user="Vasiljeva" uid="10050069" lat="43.1209614" lon="131.9045344">
  <tag k="entrance" v="yes"/>
 </node>
 <node id="5742367143" visible="true" version="3" changeset="72245278" timestamp="2019-07-15T01:03:17Z" user="Vasiljeva" uid="10050069" lat="43.1208988" lon="131.9044726">
  <tag k="entrance" v="yes"/>
 </node>
 <node id="5742367151" visible="true" version="2" changeset="69296285" timestamp="2019-04-17T06:26:18Z" user="Sasha_SH" uid="4988915" lat="43.1214601" lon="131.9059096"/>
 <node id="5742367152" visible="true" version="2" changeset="69296285" timestamp="2019-04-17T06:26:18Z" user="Sasha_SH" uid="4988915" lat="43.1214454" lon="131.9059002"/>
 <node id="5742367153" visible="true" version="1" changeset="60450628" timestamp="2018-07-06T00:41:43Z" user="Sasha_SH" uid="4988915" lat="43.1214307" lon="131.9058337"/>
 <node id="5742367154" visible="true" version="1" changeset="60450628" timestamp="2018-07-06T00:41:43Z" user="Sasha_SH" uid="4988915" lat="43.1214057" lon="131.9059149"/>
 <node id="5742367155" visible="true" version="1" changeset="60450628" timestamp="2018-07-06T00:41:43Z" user="Sasha_SH" uid="4988915" lat="43.1214880" lon="131.9059624"/>
 <node id="5742367156" visible="true" version="1" changeset="60450628" timestamp="2018-07-06T00:41:43Z" user="Sasha_SH" uid="4988915" lat="43.1215129" lon="131.9058812"/>
 <node id="5742367157" visible="true" version="2" changeset="69296285" timestamp="2019-04-17T06:26:18Z" user="Sasha_SH" uid="4988915" lat="43.1213353" lon="131.9058653"/>
 <node id="5742367158" visible="true" version="2" changeset="69296285" timestamp="2019-04-17T06:26:18Z" user="Sasha_SH" uid="4988915" lat="43.1214297" lon="131.9058928"/>
 <node id="5742367159" visible="true" version="2" changeset="69296285" timestamp="2019-04-17T06:26:18Z" user="Sasha_SH" uid="4988915" lat="43.1214013" lon="131.9058875"/>
 <node id="5742367160" visible="true" version="2" changeset="69296285" timestamp="2019-04-17T06:26:18Z" user="Sasha_SH" uid="4988915" lat="43.1213531" lon="131.9058741"/>
 <node id="5742367161" visible="true" version="2" changeset="60522356" timestamp="2018-07-09T03:07:01Z" user="Sasha_SH" uid="4988915" lat="43.1212623" lon="131.9060816"/>
 <node id="5742367162" visible="true" version="2" changeset="60522356" timestamp="2018-07-09T03:07:01Z" user="Sasha_SH" uid="4988915" lat="43.1212649" lon="131.9060691"/>
 <node id="5742367163" visible="true" version="2" changeset="69296285" timestamp="2019-04-17T06:26:18Z" user="Sasha_SH" uid="4988915" lat="43.1212736" lon="131.9060444"/>
 <node id="5742367165" visible="true" version="1" changeset="60450628" timestamp="2018-07-06T00:41:43Z" user="Sasha_SH" uid="4988915" lat="43.1213367" lon="131.9059331"/>
 <node id="5742367166" visible="true" version="2" changeset="60522356" timestamp="2018-07-09T03:07:01Z" user="Sasha_SH" uid="4988915" lat="43.1212619" lon="131.9060913"/>
 <node id="5742367167" visible="true" version="1" changeset="60450628" timestamp="2018-07-06T00:41:43Z" user="Sasha_SH" uid="4988915" lat="43.1215443" lon="131.9063260"/>
 <node id="5742367168" visible="true" version="2" changeset="69296285" timestamp="2019-04-17T06:26:18Z" user="Sasha_SH" uid="4988915" lat="43.1214844" lon="131.9057885">
  <tag k="entrance" v="yes"/>
 </node>
 <node id="5742367191" visible="true" version="2" changeset="72245278" timestamp="2019-07-15T01:03:17Z" user="Vasiljeva" uid="10050069" lat="43.1222821" lon="131.9055433"/>
 <node id="5742367192" visible="true" version="2" changeset="72245278" timestamp="2019-07-15T01:03:17Z" user="Vasiljeva" uid="10050069" lat="43.1222510" lon="131.9055154"/>
 <node id="5742367193" visible="true" version="2" changeset="72245278" timestamp="2019-07-15T01:03:17Z" user="Vasiljeva" uid="10050069" lat="43.1222442" lon="131.9055184"/>
 <node id="5742367194" visible="true" version="2" changeset="72245278" timestamp="2019-07-15T01:03:17Z" user="Vasiljeva" uid="10050069" lat="43.1222346" lon="131.9055263"/>
 <node id="5742367195" visible="true" version="2" changeset="72245278" timestamp="2019-07-15T01:03:17Z" user="Vasiljeva" uid="10050069" lat="43.1221335" lon="131.9058356"/>
 <node id="5742367196" visible="true" version="2" changeset="72245278" timestamp="2019-07-15T01:03:17Z" user="Vasiljeva" uid="10050069" lat="43.1221173" lon="131.9058834"/>
 <node id="5742367197" visible="true" version="2" changeset="72245278" timestamp="2019-07-15T01:03:17Z" user="Vasiljeva" uid="10050069" lat="43.1221145" lon="131.9059252"/>
 <node id="5742367198" visible="true" version="2" changeset="72245278" timestamp="2019-07-15T01:03:17Z" user="Vasiljeva" uid="10050069" lat="43.1221308" lon="131.9059485"/>
 <node id="5742367199" visible="true" version="2" changeset="72245278" timestamp="2019-07-15T01:03:17Z" user="Vasiljeva" uid="10050069" lat="43.1222165" lon="131.9059628"/>
 <node id="5742367200" visible="true" version="2" changeset="72245278" timestamp="2019-07-15T01:03:17Z" user="Vasiljeva" uid="10050069" lat="43.1222402" lon="131.9059709"/>
 <node id="5742367201" visible="true" version="2" changeset="72245278" timestamp="2019-07-15T01:03:17Z" user="Vasiljeva" uid="10050069" lat="43.1222687" lon="131.9059748"/>
 <node id="5742367202" visible="true" version="2" changeset="72245278" timestamp="2019-07-15T01:03:17Z" user="Vasiljeva" uid="10050069" lat="43.1222976" lon="131.9059585"/>
 <node id="5742367203" visible="true" version="2" changeset="72245278" timestamp="2019-07-15T01:03:17Z" user="Vasiljeva" uid="10050069" lat="43.1223091" lon="131.9059472"/>
 <node id="5742367204" visible="true" version="2" changeset="72245278" timestamp="2019-07-15T01:03:17Z" user="Vasiljeva" uid="10050069" lat="43.1223284" lon="131.9059019"/>
 <node id="5742367205" visible="true" version="2" changeset="72245278" timestamp="2019-07-15T01:03:17Z" user="Vasiljeva" uid="10050069" lat="43.1223399" lon="131.9058597"/>
 <node id="5742367206" visible="true" version="2" changeset="72245278" timestamp="2019-07-15T01:03:17Z" user="Vasiljeva" uid="10050069" lat="43.1223376" lon="131.9058464"/>
 <node id="5742367207" visible="true" version="2" changeset="72245278" timestamp="2019-07-15T01:03:17Z" user="Vasiljeva" uid="10050069" lat="43.1223248" lon="131.9058095"/>
 <node id="5742367208" visible="true" version="2" changeset="72245278" timestamp="2019-07-15T01:03:17Z" user="Vasiljeva" uid="10050069" lat="43.1223051" lon="131.9057689"/>
 <node id="5742367209" visible="true" version="3" changeset="72245278" timestamp="2019-07-15T01:03:17Z" user="Vasiljeva" uid="10050069" lat="43.1222923" lon="131.9056858"/>
 <node id="5742367210" visible="true" version="2" changeset="72245278" timestamp="2019-07-15T01:03:17Z" user="Vasiljeva" uid="10050069" lat="43.1223011" lon="131.9056282"/>
 <node id="5742367211" visible="true" version="2" changeset="72245278" timestamp="2019-07-15T01:03:17Z" user="Vasiljeva" uid="10050069" lat="43.1222927" lon="131.9055722"/>
 <node id="5742367212" visible="true" version="2" changeset="72245278" timestamp="2019-07-15T01:03:17Z" user="Vasiljeva" uid="10050069" lat="43.1222699" lon="131.9055278"/>
 <node id="5742367213" visible="true" version="3" changeset="72245278" timestamp="2019-07-15T01:03:17Z" user="Vasiljeva" uid="10050069" lat="43.1220672" lon="131.9065749">
  <tag k="entrance" v="yes"/>
 </node>
 <node id="5742367214" visible="true" version="2" changeset="72245278" timestamp="2019-07-15T01:03:17Z" user="Vasiljeva" uid="10050069" lat="43.1220824" lon="131.9063370">
  <tag k="entrance" v="yes"/>
 </node>
 <node id="5742418419" visible="true" version="2" changeset="72245278" timestamp="2019-07-15T01:03:17Z" user="Vasiljeva" uid="10050069" lat="43.1223312" lon="131.9056838"/>
 <node id="5742418420" visible="true" version="2" changeset="72245278" timestamp="2019-07-15T01:03:17Z" user="Vasiljeva" uid="10050069" lat="43.1223345" lon="131.9057463"/>
 <node id="5742418721" visible="true" version="2" changeset="72245278" timestamp="2019-07-15T01:03:17Z" user="Vasiljeva" uid="10050069" lat="43.1223650" lon="131.9057432"/>
 <node id="5742418722" visible="true" version="2" changeset="72245278" timestamp="2019-07-15T01:03:17Z" user="Vasiljeva" uid="10050069" lat="43.1223616" lon="131.9056807"/>
 <node id="5742418723" visible="true" version="2" changeset="72245278" timestamp="2019-07-15T01:03:17Z" user="Vasiljeva" uid="10050069" lat="43.1222916" lon="131.9057245"/>
 <node id="5742418725" visible="true" version="2" changeset="72245278" timestamp="2019-07-15T01:03:17Z" user="Vasiljeva" uid="10050069" lat="43.1225482" lon="131.9047658">
  <tag k="entrance" v="yes"/>
 </node>
 <node id="5742418726" visible="true" version="2" changeset="72245278" timestamp="2019-07-15T01:03:17Z" user="Vasiljeva" uid="10050069" lat="43.1226995" lon="131.9046833">
  <tag k="entrance" v="yes"/>
 </node>
 <node id="5742418727" visible="true" version="2" changeset="72245278" timestamp="2019-07-15T01:03:17Z" user="Vasiljeva" uid="10050069" lat="43.1226375" lon="131.9046401">
  <tag k="entrance" v="yes"/>
 </node>
 <node id="5742418728" visible="true" version="2" changeset="72245278" timestamp="2019-07-15T01:03:17Z" user="Vasiljeva" uid="10050069" lat="43.1225066" lon="131.9055038">
  <tag k="entrance" v="yes"/>
 </node>
 <node id="5742418729" visible="true" version="2" changeset="72245278" timestamp="2019-07-15T01:03:17Z" user="Vasiljeva" uid="10050069" lat="43.1226101" lon="131.9052098">
  <tag k="entrance" v="yes"/>
 </node>
 <node id="5742418783" visible="true" version="2" changeset="72245278" timestamp="2019-07-15T01:03:17Z" user="Vasiljeva" uid="10050069" lat="43.1220670" lon="131.9068236">
  <tag k="entrance" v="yes"/>
 </node>
 <node id="5742418784" visible="true" version="2" changeset="72245278" timestamp="2019-07-15T01:03:17Z" user="Vasiljeva" uid="10050069" lat="43.1220674" lon="131.9067811"/>
 <node id="5742418785" visible="true" version="2" changeset="72245278" timestamp="2019-07-15T01:03:17Z" user="Vasiljeva" uid="10050069" lat="43.1220666" lon="131.9068582"/>
 <node id="5742418786" visible="true" version="2" changeset="72245278" timestamp="2019-07-15T01:03:17Z" user="Vasiljeva" uid="10050069" lat="43.1221043" lon="131.9068588"/>
 <node id="5742418787" visible="true" version="2" changeset="72245278" timestamp="2019-07-15T01:03:17Z" user="Vasiljeva" uid="10050069" lat="43.1221041" lon="131.9068826"/>
 <node id="5742418791" visible="true" version="4" changeset="72245278" timestamp="2019-07-15T01:03:17Z" user="Vasiljeva" uid="10050069" lat="43.1222461" lon="131.9068179"/>
 <node id="5742418792" visible="true" version="3" changeset="74601947" timestamp="2019-09-18T00:23:30Z" user="Vasiljeva" uid="10050069" lat="43.1227742" lon="131.9053812"/>
 <node id="5742418793" visible="true" version="2" changeset="72245278" timestamp="2019-07-15T01:03:17Z" user="Vasiljeva" uid="10050069" lat="43.1226880" lon="131.9060093"/>
 <node id="5742418794" visible="true" version="2" changeset="72245278" timestamp="2019-07-15T01:03:17Z" user="Vasiljeva" uid="10050069" lat="43.1226522" lon="131.9060998"/>
 <node id="5742418795" visible="true" version="2" changeset="72245278" timestamp="2019-07-15T01:03:17Z" user="Vasiljeva" uid="10050069" lat="43.1227081" lon="131.9061412"/>
 <node id="5742418796" visible="true" version="2" changeset="72245278" timestamp="2019-07-15T01:03:17Z" user="Vasiljeva" uid="10050069" lat="43.1227439" lon="131.9060508"/>
 <node id="5742418813" visible="true" version="2" changeset="72245278" timestamp="2019-07-15T01:03:17Z" user="Vasiljeva" uid="10050069" lat="43.1230263" lon="131.9057896"/>
 <node id="5742800513" visible="true" version="2" changeset="72245278" timestamp="2019-07-15T01:03:17Z" user="Vasiljeva" uid="10050069" lat="43.1242839" lon="131.9083184"/>
 <node id="5748130400" visible="true" version="1" changeset="60521927" timestamp="2018-07-09T02:18:20Z" user="Sasha_SH" uid="4988915" lat="43.1217630" lon="131.9069999"/>
 <node id="5748130401" visible="true" version="1" changeset="60521927" timestamp="2018-07-09T02:18:20Z" user="Sasha_SH" uid="4988915" lat="43.1217611" lon="131.9069584"/>
 <node id="5748130402" visible="true" version="1" changeset="60521927" timestamp="2018-07-09T02:18:20Z" user="Sasha_SH" uid="4988915" lat="43.1217503" lon="131.9068994"/>
 <node id="5748132254" visible="true" version="2" changeset="74601947" timestamp="2019-09-18T00:23:30Z" user="Vasiljeva" uid="10050069" lat="43.1217775" lon="131.9070475"/>
 <node id="5748132258" visible="true" version="2" changeset="72251503" timestamp="2019-07-15T07:23:53Z" user="Vasiljeva" uid="10050069" lat="43.1221409" lon="131.9071857"/>
 <node id="5748132259" visible="true" version="3" changeset="72251503" timestamp="2019-07-15T07:23:53Z" user="Vasiljeva" uid="10050069" lat="43.1219102" lon="131.9070769"/>
 <node id="5748132260" visible="true" version="2" changeset="72251503" timestamp="2019-07-15T07:23:53Z" user="Vasiljeva" uid="10050069" lat="43.1218580" lon="131.9071958"/>
 <node id="5748132261" visible="true" version="2" changeset="72251503" timestamp="2019-07-15T07:23:53Z" user="Vasiljeva" uid="10050069" lat="43.1218947" lon="131.9070572"/>
 <node id="5748132262" visible="true" version="3" changeset="72251503" timestamp="2019-07-15T07:23:53Z" user="Vasiljeva" uid="10050069" lat="43.1218785" lon="131.9071133"/>
 <node id="5748132263" visible="true" version="2" changeset="72251503" timestamp="2019-07-15T07:23:53Z" user="Vasiljeva" uid="10050069" lat="43.1219603" lon="131.9070777"/>
 <node id="5748132264" visible="true" version="2" changeset="72251503" timestamp="2019-07-15T07:23:53Z" user="Vasiljeva" uid="10050069" lat="43.1218615" lon="131.9070817"/>
 <node id="5748193713" visible="true" version="2" changeset="72251503" timestamp="2019-07-15T07:23:53Z" user="Vasiljeva" uid="10050069" lat="43.1203983" lon="131.9070962">
  <tag k="entrance" v="yes"/>
 </node>
 <node id="5748193714" visible="true" version="2" changeset="72251503" timestamp="2019-07-15T07:23:53Z" user="Vasiljeva" uid="10050069" lat="43.1203916" lon="131.9070113"/>
 <node id="5748193715" visible="true" version="2" changeset="72251503" timestamp="2019-07-15T07:23:53Z" user="Vasiljeva" uid="10050069" lat="43.1203749" lon="131.9070116"/>
 <node id="5748193716" visible="true" version="2" changeset="72251503" timestamp="2019-07-15T07:23:53Z" user="Vasiljeva" uid="10050069" lat="43.1204009" lon="131.9070140"/>
 <node id="5748193717" visible="true" version="3" changeset="81577230" timestamp="2020-02-28T06:59:28Z" user="kashcheeva" uid="3808237" lat="43.1205073" lon="131.9070060"/>
 <node id="5748193718" visible="true" version="3" changeset="81577230" timestamp="2020-02-28T06:59:28Z" user="kashcheeva" uid="3808237" lat="43.1205084" lon="131.9069350"/>
 <node id="5748193719" visible="true" version="3" changeset="81577230" timestamp="2020-02-28T06:59:28Z" user="kashcheeva" uid="3808237" lat="43.1205066" lon="131.9070279"/>
 <node id="5748193720" visible="true" version="2" changeset="72251503" timestamp="2019-07-15T07:23:53Z" user="Vasiljeva" uid="10050069" lat="43.1206348" lon="131.9070183"/>
 <node id="5748195421" visible="true" version="2" changeset="72251503" timestamp="2019-07-15T07:23:53Z" user="Vasiljeva" uid="10050069" lat="43.1206310" lon="131.9067930"/>
 <node id="5748195422" visible="true" version="2" changeset="72251503" timestamp="2019-07-15T07:23:53Z" user="Vasiljeva" uid="10050069" lat="43.1206437" lon="131.9067505"/>
 <node id="5748195423" visible="true" version="2" changeset="72251503" timestamp="2019-07-15T07:23:53Z" user="Vasiljeva" uid="10050069" lat="43.1202307" lon="131.9072332">
  <tag k="entrance" v="yes"/>
 </node>
 <node id="5748195424" visible="true" version="2" changeset="72251503" timestamp="2019-07-15T07:23:53Z" user="Vasiljeva" uid="10050069" lat="43.1204472" lon="131.9073416">
  <tag k="entrance" v="yes"/>
 </node>
 <node id="5748195425" visible="true" version="2" changeset="72251503" timestamp="2019-07-15T07:23:53Z" user="Vasiljeva" uid="10050069" lat="43.1205977" lon="131.9072888">
  <tag k="entrance" v="yes"/>
 </node>
 <node id="5748195428" visible="true" version="3" changeset="72251503" timestamp="2019-07-15T07:23:53Z" user="Vasiljeva" uid="10050069" lat="43.1205335" lon="131.9072893"/>
 <node id="5748195429" visible="true" version="3" changeset="72251503" timestamp="2019-07-15T07:23:53Z" user="Vasiljeva" uid="10050069" lat="43.1205827" lon="131.9072889"/>
 <node id="5748195436" visible="true" version="3" changeset="74601947" timestamp="2019-09-18T00:23:30Z" user="Vasiljeva" uid="10050069" lat="43.1210509" lon="131.9073755"/>
 <node id="5748195437" visible="true" version="3" changeset="74601947" timestamp="2019-09-18T00:23:30Z" user="Vasiljeva" uid="10050069" lat="43.1210025" lon="131.9073828"/>
 <node id="5748195438" visible="true" version="3" changeset="74601947" timestamp="2019-09-18T00:23:30Z" user="Vasiljeva" uid="10050069" lat="43.1208859" lon="131.9073748"/>
 <node id="5748195439" visible="true" version="3" changeset="74601947" timestamp="2019-09-18T00:23:30Z" user="Vasiljeva" uid="10050069" lat="43.1208439" lon="131.9073413"/>
 <node id="5748195440" visible="true" version="3" changeset="74601947" timestamp="2019-09-18T00:23:30Z" user="Vasiljeva" uid="10050069" lat="43.1208292" lon="131.9072956"/>
 <node id="5748195441" visible="true" version="2" changeset="72251503" timestamp="2019-07-15T07:23:53Z" user="Vasiljeva" uid="10050069" lat="43.1202311" lon="131.9073342"/>
 <node id="5748195442" visible="true" version="2" changeset="72251503" timestamp="2019-07-15T07:23:53Z" user="Vasiljeva" uid="10050069" lat="43.1202304" lon="131.9071926"/>
 <node id="5748195443" visible="true" version="2" changeset="72251503" timestamp="2019-07-15T07:23:53Z" user="Vasiljeva" uid="10050069" lat="43.1202560" lon="131.9071923"/>
 <node id="5748195444" visible="true" version="2" changeset="72251503" timestamp="2019-07-15T07:23:53Z" user="Vasiljeva" uid="10050069" lat="43.1202569" lon="131.9073340"/>
 <node id="5748195445" visible="true" version="2" changeset="72251503" timestamp="2019-07-15T07:23:53Z" user="Vasiljeva" uid="10050069" lat="43.1203356" lon="131.9071462"/>
 <node id="5748195446" visible="true" version="2" changeset="72251503" timestamp="2019-07-15T07:23:53Z" user="Vasiljeva" uid="10050069" lat="43.1204274" lon="131.9070959"/>
 <node id="5748195447" visible="true" version="2" changeset="72251503" timestamp="2019-07-15T07:23:53Z" user="Vasiljeva" uid="10050069" lat="43.1204099" lon="131.9073983"/>
 <node id="5748195448" visible="true" version="2" changeset="72251503" timestamp="2019-07-15T07:23:53Z" user="Vasiljeva" uid="10050069" lat="43.1205108" lon="131.9073411"/>
 <node id="5748195449" visible="true" version="2" changeset="72251503" timestamp="2019-07-15T07:23:53Z" user="Vasiljeva" uid="10050069" lat="43.1205106" lon="131.9072895"/>
 <node id="5748195450" visible="true" version="2" changeset="72251503" timestamp="2019-07-15T07:23:53Z" user="Vasiljeva" uid="10050069" lat="43.1208044" lon="131.9069123"/>
 <node id="5748195451" visible="true" version="2" changeset="72251503" timestamp="2019-07-15T07:23:53Z" user="Vasiljeva" uid="10050069" lat="43.1208049" lon="131.9069763"/>
 <node id="5748195452" visible="true" version="2" changeset="72251503" timestamp="2019-07-15T07:23:53Z" user="Vasiljeva" uid="10050069" lat="43.1208367" lon="131.9069759"/>
 <node id="5748195453" visible="true" version="2" changeset="72251503" timestamp="2019-07-15T07:23:53Z" user="Vasiljeva" uid="10050069" lat="43.1208363" lon="131.9069119"/>
 <node id="5748195454" visible="true" version="2" changeset="72251503" timestamp="2019-07-15T07:23:53Z" user="Vasiljeva" uid="10050069" lat="43.1208243" lon="131.9063059"/>
 <node id="5748195455" visible="true" version="2" changeset="72251503" timestamp="2019-07-15T07:23:53Z" user="Vasiljeva" uid="10050069" lat="43.1207707" lon="131.9062620"/>
 <node id="5748195456" visible="true" version="2" changeset="72251503" timestamp="2019-07-15T07:23:53Z" user="Vasiljeva" uid="10050069" lat="43.1207866" lon="131.9061879"/>
 <node id="5748195457" visible="true" version="2" changeset="72251503" timestamp="2019-07-15T07:23:53Z" user="Vasiljeva" uid="10050069" lat="43.1208588" lon="131.9062398"/>
 <node id="5748195459" visible="true" version="1" changeset="60522356" timestamp="2018-07-09T03:06:58Z" user="Sasha_SH" uid="4988915" lat="43.1209813" lon="131.9063422"/>
 <node id="5748195460" visible="true" version="1" changeset="60522356" timestamp="2018-07-09T03:06:58Z" user="Sasha_SH" uid="4988915" lat="43.1209296" lon="131.9064205"/>
 <node id="5748195461" visible="true" version="1" changeset="60522356" timestamp="2018-07-09T03:06:58Z" user="Sasha_SH" uid="4988915" lat="43.1209022" lon="131.9063866"/>
 <node id="5748195462" visible="true" version="1" changeset="60522356" timestamp="2018-07-09T03:06:58Z" user="Sasha_SH" uid="4988915" lat="43.1209540" lon="131.9063083"/>
 <node id="5748195463" visible="true" version="1" changeset="60522356" timestamp="2018-07-09T03:06:58Z" user="Sasha_SH" uid="4988915" lat="43.1210078" lon="131.9063559"/>
 <node id="5748195464" visible="true" version="2" changeset="72251503" timestamp="2019-07-15T07:23:53Z" user="Vasiljeva" uid="10050069" lat="43.1210300" lon="131.9063707"/>
 <node id="5748195465" visible="true" version="2" changeset="72251503" timestamp="2019-07-15T07:23:53Z" user="Vasiljeva" uid="10050069" lat="43.1210332" lon="131.9064034"/>
 <node id="5748195466" visible="true" version="2" changeset="72251503" timestamp="2019-07-15T07:23:53Z" user="Vasiljeva" uid="10050069" lat="43.1210984" lon="131.9066322">
  <tag k="entrance" v="yes"/>
 </node>
 <node id="5748195467" visible="true" version="2" changeset="74601947" timestamp="2019-09-18T00:23:30Z" user="Vasiljeva" uid="10050069" lat="43.1208678" lon="131.9070522"/>
 <node id="5748195472" visible="true" version="1" changeset="60522356" timestamp="2018-07-09T03:06:58Z" user="Sasha_SH" uid="4988915" lat="43.1211106" lon="131.9062114"/>
 <node id="5748195473" visible="true" version="1" changeset="60522356" timestamp="2018-07-09T03:06:58Z" user="Sasha_SH" uid="4988915" lat="43.1212344" lon="131.9061175"/>
 <node id="5748195474" visible="true" version="1" changeset="60522356" timestamp="2018-07-09T03:06:58Z" user="Sasha_SH" uid="4988915" lat="43.1212714" lon="131.9060935"/>
 <node id="5748195475" visible="true" version="1" changeset="60522356" timestamp="2018-07-09T03:06:58Z" user="Sasha_SH" uid="4988915" lat="43.1212666" lon="131.9060910"/>
 <node id="5748195476" visible="true" version="1" changeset="60522356" timestamp="2018-07-09T03:06:58Z" user="Sasha_SH" uid="4988915" lat="43.1212770" lon="131.9060981"/>
 <node id="5748195477" visible="true" version="1" changeset="60522356" timestamp="2018-07-09T03:06:58Z" user="Sasha_SH" uid="4988915" lat="43.1212160" lon="131.9061491"/>
 <node id="5748195478" visible="true" version="3" changeset="72245278" timestamp="2019-07-15T01:03:17Z" user="Vasiljeva" uid="10050069" lat="43.1212538" lon="131.9060960"/>
 <node id="5748195483" visible="true" version="1" changeset="60522356" timestamp="2018-07-09T03:06:58Z" user="Sasha_SH" uid="4988915" lat="43.1207521" lon="131.9053370"/>
 <node id="5748195484" visible="true" version="1" changeset="60522356" timestamp="2018-07-09T03:06:58Z" user="Sasha_SH" uid="4988915" lat="43.1207501" lon="131.9053661"/>
 <node id="5748195485" visible="true" version="1" changeset="60522356" timestamp="2018-07-09T03:06:58Z" user="Sasha_SH" uid="4988915" lat="43.1207516" lon="131.9054087"/>
 <node id="5748195486" visible="true" version="1" changeset="60522356" timestamp="2018-07-09T03:06:58Z" user="Sasha_SH" uid="4988915" lat="43.1207568" lon="131.9053202"/>
 <node id="5748195487" visible="true" version="1" changeset="60522356" timestamp="2018-07-09T03:06:58Z" user="Sasha_SH" uid="4988915" lat="43.1207670" lon="131.9053135"/>
 <node id="5748195488" visible="true" version="1" changeset="60522356" timestamp="2018-07-09T03:06:58Z" user="Sasha_SH" uid="4988915" lat="43.1207822" lon="131.9053182"/>
 <node id="5748195489" visible="true" version="1" changeset="60522356" timestamp="2018-07-09T03:06:58Z" user="Sasha_SH" uid="4988915" lat="43.1208610" lon="131.9054007"/>
 <node id="5748195490" visible="true" version="1" changeset="60522356" timestamp="2018-07-09T03:06:58Z" user="Sasha_SH" uid="4988915" lat="43.1210206" lon="131.9055713"/>
 <node id="5748195491" visible="true" version="1" changeset="60522356" timestamp="2018-07-09T03:06:58Z" user="Sasha_SH" uid="4988915" lat="43.1210384" lon="131.9055894"/>
 <node id="5748195492" visible="true" version="1" changeset="60522356" timestamp="2018-07-09T03:06:58Z" user="Sasha_SH" uid="4988915" lat="43.1210472" lon="131.9056059"/>
 <node id="5748195493" visible="true" version="1" changeset="60522356" timestamp="2018-07-09T03:06:58Z" user="Sasha_SH" uid="4988915" lat="43.1210514" lon="131.9056166"/>
 <node id="5748195494" visible="true" version="1" changeset="60522356" timestamp="2018-07-09T03:06:58Z" user="Sasha_SH" uid="4988915" lat="43.1210526" lon="131.9056377"/>
 <node id="5748195495" visible="true" version="1" changeset="60522356" timestamp="2018-07-09T03:06:58Z" user="Sasha_SH" uid="4988915" lat="43.1210504" lon="131.9056495"/>
 <node id="5748195496" visible="true" version="1" changeset="60522356" timestamp="2018-07-09T03:06:58Z" user="Sasha_SH" uid="4988915" lat="43.1210443" lon="131.9056706"/>
 <node id="5748195497" visible="true" version="1" changeset="60522356" timestamp="2018-07-09T03:06:58Z" user="Sasha_SH" uid="4988915" lat="43.1210443" lon="131.9056823"/>
 <node id="5748195498" visible="true" version="1" changeset="60522356" timestamp="2018-07-09T03:06:58Z" user="Sasha_SH" uid="4988915" lat="43.1210492" lon="131.9056897"/>
 <node id="5748195499" visible="true" version="1" changeset="60522356" timestamp="2018-07-09T03:06:58Z" user="Sasha_SH" uid="4988915" lat="43.1210541" lon="131.9057018"/>
 <node id="5748195500" visible="true" version="1" changeset="60522356" timestamp="2018-07-09T03:06:58Z" user="Sasha_SH" uid="4988915" lat="43.1210541" lon="131.9057132"/>
 <node id="5748195501" visible="true" version="1" changeset="60522356" timestamp="2018-07-09T03:06:58Z" user="Sasha_SH" uid="4988915" lat="43.1210504" lon="131.9057225"/>
 <node id="5748195502" visible="true" version="1" changeset="60522356" timestamp="2018-07-09T03:06:59Z" user="Sasha_SH" uid="4988915" lat="43.1210460" lon="131.9057262"/>
 <node id="5748195503" visible="true" version="1" changeset="60522356" timestamp="2018-07-09T03:06:59Z" user="Sasha_SH" uid="4988915" lat="43.1210166" lon="131.9057145"/>
 <node id="5748195504" visible="true" version="1" changeset="60522356" timestamp="2018-07-09T03:06:59Z" user="Sasha_SH" uid="4988915" lat="43.1209716" lon="131.9057038"/>
 <node id="5748195505" visible="true" version="1" changeset="60522356" timestamp="2018-07-09T03:06:59Z" user="Sasha_SH" uid="4988915" lat="43.1209506" lon="131.9056964"/>
 <node id="5748195506" visible="true" version="1" changeset="60522356" timestamp="2018-07-09T03:06:59Z" user="Sasha_SH" uid="4988915" lat="43.1209305" lon="131.9056904"/>
 <node id="5748195507" visible="true" version="1" changeset="60522356" timestamp="2018-07-09T03:06:59Z" user="Sasha_SH" uid="4988915" lat="43.1207592" lon="131.9054288"/>
 <node id="5748195509" visible="true" version="3" changeset="72245278" timestamp="2019-07-15T01:03:17Z" user="Vasiljeva" uid="10050069" lat="43.1209804" lon="131.9057218"/>
 <node id="5748195510" visible="true" version="3" changeset="72245278" timestamp="2019-07-15T01:03:17Z" user="Vasiljeva" uid="10050069" lat="43.1209963" lon="131.9057255"/>
 <node id="5748195511" visible="true" version="2" changeset="74601947" timestamp="2019-09-18T00:23:30Z" user="Vasiljeva" uid="10050069" lat="43.1206129" lon="131.9058885">
  <tag k="entrance" v="yes"/>
 </node>
 <node id="5748282121" visible="true" version="1" changeset="60522950" timestamp="2018-07-09T03:59:06Z" user="Sasha_SH" uid="4988915" lat="43.1201753" lon="131.9069812"/>
 <node id="5748402600" visible="true" version="2" changeset="72251503" timestamp="2019-07-15T07:23:53Z" user="Vasiljeva" uid="10050069" lat="43.1214424" lon="131.9085188"/>
 <node id="5748402625" visible="true" version="1" changeset="60523836" timestamp="2018-07-09T05:10:47Z" user="Sasha_SH" uid="4988915" lat="43.1207450" lon="131.9087689"/>
 <node id="5769560399" visible="true" version="6" changeset="74934543" timestamp="2019-09-26T02:52:09Z" user="Vasiljeva" uid="10050069" lat="43.1218726" lon="131.9037046">
  <tag k="access" v="private"/>
  <tag k="barrier" v="lift_gate"/>
 </node>
 <node id="6410907968" visible="true" version="1" changeset="69296285" timestamp="2019-04-17T06:26:14Z" user="Sasha_SH" uid="4988915" lat="43.1211772" lon="131.9057494"/>
 <node id="6410907969" visible="true" version="2" changeset="72245278" timestamp="2019-07-15T01:03:17Z" user="Vasiljeva" uid="10050069" lat="43.1210798" lon="131.9058627"/>
 <node id="6410907970" visible="true" version="2" changeset="74601947" timestamp="2019-09-18T00:23:30Z" user="Vasiljeva" uid="10050069" lat="43.1206207" lon="131.9056287"/>
 <node id="6410907971" visible="true" version="3" changeset="74934543" timestamp="2019-09-26T02:52:09Z" user="Vasiljeva" uid="10050069" lat="43.1219299" lon="131.9037239"/>
 <node id="6410907974" visible="true" version="2" changeset="72411435" timestamp="2019-07-19T02:41:29Z" user="Vasiljeva" uid="10050069" lat="43.1213122" lon="131.9032565"/>
 <node id="6410907975" visible="true" version="3" changeset="72411435" timestamp="2019-07-19T02:41:29Z" user="Vasiljeva" uid="10050069" lat="43.1211933" lon="131.9033823"/>
 <node id="6410907977" visible="true" version="1" changeset="69296285" timestamp="2019-04-17T06:26:14Z" user="Sasha_SH" uid="4988915" lat="43.1211170" lon="131.9058064"/>
 <node id="6410907978" visible="true" version="1" changeset="69296285" timestamp="2019-04-17T06:26:15Z" user="Sasha_SH" uid="4988915" lat="43.1210852" lon="131.9058600"/>
 <node id="6410907979" visible="true" version="1" changeset="69296285" timestamp="2019-04-17T06:26:15Z" user="Sasha_SH" uid="4988915" lat="43.1211914" lon="131.9059995"/>
 <node id="6410907980" visible="true" version="1" changeset="69296285" timestamp="2019-04-17T06:26:15Z" user="Sasha_SH" uid="4988915" lat="43.1212707" lon="131.9059981"/>
 <node id="6410907981" visible="true" version="1" changeset="69296285" timestamp="2019-04-17T06:26:15Z" user="Sasha_SH" uid="4988915" lat="43.1213137" lon="131.9059237"/>
 <node id="6410907982" visible="true" version="2" changeset="71659576" timestamp="2019-06-27T06:03:17Z" user="kashcheeva" uid="3808237" lat="43.1213255" lon="131.9057940">
  <tag k="access" v="private"/>
  <tag k="barrier" v="gate"/>
 </node>
 <node id="6410907991" visible="true" version="2" changeset="72245278" timestamp="2019-07-15T01:03:17Z" user="Vasiljeva" uid="10050069" lat="43.1209829" lon="131.9052198"/>
 <node id="6410907992" visible="true" version="2" changeset="72245278" timestamp="2019-07-15T01:03:17Z" user="Vasiljeva" uid="10050069" lat="43.1209545" lon="131.9052724"/>
 <node id="6410907993" visible="true" version="2" changeset="72245278" timestamp="2019-07-15T01:03:17Z" user="Vasiljeva" uid="10050069" lat="43.1209946" lon="131.9053130"/>
 <node id="6410907994" visible="true" version="2" changeset="72245278" timestamp="2019-07-15T01:03:17Z" user="Vasiljeva" uid="10050069" lat="43.1210230" lon="131.9052604"/>
 <node id="6410907995" visible="true" version="2" changeset="72245278" timestamp="2019-07-15T01:03:17Z" user="Vasiljeva" uid="10050069" lat="43.1204460" lon="131.9046711"/>
 <node id="6410907996" visible="true" version="2" changeset="72245278" timestamp="2019-07-15T01:03:17Z" user="Vasiljeva" uid="10050069" lat="43.1204143" lon="131.9047183"/>
 <node id="6410907997" visible="true" version="2" changeset="72245278" timestamp="2019-07-15T01:03:17Z" user="Vasiljeva" uid="10050069" lat="43.1204494" lon="131.9047626"/>
 <node id="6410907998" visible="true" version="2" changeset="72245278" timestamp="2019-07-15T01:03:17Z" user="Vasiljeva" uid="10050069" lat="43.1204811" lon="131.9047154"/>
 <node id="6410907999" visible="true" version="2" changeset="72245278" timestamp="2019-07-15T01:03:17Z" user="Vasiljeva" uid="10050069" lat="43.1204734" lon="131.9048870"/>
 <node id="6410908000" visible="true" version="3" changeset="74601947" timestamp="2019-09-18T00:23:30Z" user="Vasiljeva" uid="10050069" lat="43.1207515" lon="131.9052538"/>
 <node id="6410908001" visible="true" version="2" changeset="72245278" timestamp="2019-07-15T01:03:17Z" user="Vasiljeva" uid="10050069" lat="43.1204631" lon="131.9048642"/>
 <node id="6410908002" visible="true" version="2" changeset="72245278" timestamp="2019-07-15T01:03:17Z" user="Vasiljeva" uid="10050069" lat="43.1204582" lon="131.9048327"/>
 <node id="6410908003" visible="true" version="2" changeset="72245278" timestamp="2019-07-15T01:03:17Z" user="Vasiljeva" uid="10050069" lat="43.1204582" lon="131.9048173"/>
 <node id="6410908004" visible="true" version="2" changeset="72245278" timestamp="2019-07-15T01:03:17Z" user="Vasiljeva" uid="10050069" lat="43.1204621" lon="131.9048032"/>
 <node id="6410908005" visible="true" version="2" changeset="72245278" timestamp="2019-07-15T01:03:17Z" user="Vasiljeva" uid="10050069" lat="43.1205903" lon="131.9051197"/>
 <node id="6410908006" visible="true" version="2" changeset="72245278" timestamp="2019-07-15T01:03:17Z" user="Vasiljeva" uid="10050069" lat="43.1206138" lon="131.9046768"/>
 <node id="6410908007" visible="true" version="2" changeset="72245278" timestamp="2019-07-15T01:03:17Z" user="Vasiljeva" uid="10050069" lat="43.1205908" lon="131.9046701"/>
 <node id="6410908008" visible="true" version="2" changeset="72245278" timestamp="2019-07-15T01:03:17Z" user="Vasiljeva" uid="10050069" lat="43.1205394" lon="131.9046845"/>
 <node id="6410908009" visible="true" version="2" changeset="72245278" timestamp="2019-07-15T01:03:17Z" user="Vasiljeva" uid="10050069" lat="43.1205786" lon="131.9046724"/>
 <node id="6410908010" visible="true" version="2" changeset="72245278" timestamp="2019-07-15T01:03:17Z" user="Vasiljeva" uid="10050069" lat="43.1206011" lon="131.9046718"/>
 <node id="6410908011" visible="true" version="2" changeset="72245278" timestamp="2019-07-15T01:03:17Z" user="Vasiljeva" uid="10050069" lat="43.1205551" lon="131.9046805"/>
 <node id="6410908012" visible="true" version="2" changeset="72245278" timestamp="2019-07-15T01:03:17Z" user="Vasiljeva" uid="10050069" lat="43.1207986" lon="131.9043736"/>
 <node id="6410908013" visible="true" version="2" changeset="72245278" timestamp="2019-07-15T01:03:17Z" user="Vasiljeva" uid="10050069" lat="43.1209281" lon="131.9048729"/>
 <node id="6410995573" visible="true" version="3" changeset="74286327" timestamp="2019-09-10T02:49:07Z" user="Vasiljeva" uid="10050069" lat="43.1203468" lon="131.9008888"/>
 <node id="6411000908" visible="true" version="2" changeset="72411435" timestamp="2019-07-19T02:41:29Z" user="Vasiljeva" uid="10050069" lat="43.1206324" lon="131.9016366"/>
 <node id="6411000911" visible="true" version="2" changeset="74286327" timestamp="2019-09-10T02:49:07Z" user="Vasiljeva" uid="10050069" lat="43.1208597" lon="131.9024676"/>
 <node id="6413051153" visible="true" version="2" changeset="72245278" timestamp="2019-07-15T01:03:17Z" user="Vasiljeva" uid="10050069" lat="43.1228957" lon="131.9061767">
  <tag k="access" v="private"/>
  <tag k="barrier" v="gate"/>
 </node>
 <node id="6413051154" visible="true" version="2" changeset="72245278" timestamp="2019-07-15T01:03:17Z" user="Vasiljeva" uid="10050069" lat="43.1228809" lon="131.9064219"/>
 <node id="6413051155" visible="true" version="2" changeset="72245278" timestamp="2019-07-15T01:03:17Z" user="Vasiljeva" uid="10050069" lat="43.1229113" lon="131.9062248"/>
 <node id="6413051156" visible="true" version="2" changeset="72245278" timestamp="2019-07-15T01:03:17Z" user="Vasiljeva" uid="10050069" lat="43.1227081" lon="131.9067503">
  <tag k="access" v="private"/>
  <tag k="barrier" v="gate"/>
 </node>
 <node id="6413051157" visible="true" version="2" changeset="72245278" timestamp="2019-07-15T01:03:17Z" user="Vasiljeva" uid="10050069" lat="43.1227008" lon="131.9067759"/>
 <node id="6413051158" visible="true" version="2" changeset="72245278" timestamp="2019-07-15T01:03:17Z" user="Vasiljeva" uid="10050069" lat="43.1227145" lon="131.9067277"/>
 <node id="6413051159" visible="true" version="2" changeset="72245278" timestamp="2019-07-15T01:03:17Z" user="Vasiljeva" uid="10050069" lat="43.1227051" lon="131.9068277"/>
 <node id="6413051160" visible="true" version="2" changeset="72245278" timestamp="2019-07-15T01:03:17Z" user="Vasiljeva" uid="10050069" lat="43.1227409" lon="131.9067119"/>
 <node id="6413053852" visible="true" version="2" changeset="72245278" timestamp="2019-07-15T01:03:17Z" user="Vasiljeva" uid="10050069" lat="43.1219999" lon="131.9064816"/>
 <node id="6413053853" visible="true" version="2" changeset="72245278" timestamp="2019-07-15T01:03:17Z" user="Vasiljeva" uid="10050069" lat="43.1219960" lon="131.9065185"/>
 <node id="6413053854" visible="true" version="2" changeset="72245278" timestamp="2019-07-15T01:03:17Z" user="Vasiljeva" uid="10050069" lat="43.1219941" lon="131.9066794"/>
 <node id="6413053864" visible="true" version="1" changeset="69328551" timestamp="2019-04-18T02:58:59Z" user="Sasha_SH" uid="4988915" lat="43.1217601" lon="131.9071649"/>
 <node id="6413053868" visible="true" version="2" changeset="72251503" timestamp="2019-07-15T07:23:55Z" user="Vasiljeva" uid="10050069" lat="43.1224047" lon="131.9073373"/>
 <node id="6413053869" visible="true" version="2" changeset="72251503" timestamp="2019-07-15T07:23:55Z" user="Vasiljeva" uid="10050069" lat="43.1224135" lon="131.9072682"/>
 <node id="6413053871" visible="true" version="2" changeset="72245278" timestamp="2019-07-15T01:03:17Z" user="Vasiljeva" uid="10050069" lat="43.1219640" lon="131.9061677"/>
 <node id="6413053872" visible="true" version="2" changeset="72245278" timestamp="2019-07-15T01:03:17Z" user="Vasiljeva" uid="10050069" lat="43.1223971" lon="131.9048280"/>
 <node id="6413053874" visible="true" version="2" changeset="72245278" timestamp="2019-07-15T01:03:17Z" user="Vasiljeva" uid="10050069" lat="43.1219294" lon="131.9062869"/>
 <node id="6413053875" visible="true" version="1" changeset="69328551" timestamp="2019-04-18T02:58:59Z" user="Sasha_SH" uid="4988915" lat="43.1217547" lon="131.9065379"/>
 <node id="6413053876" visible="true" version="1" changeset="69328551" timestamp="2019-04-18T02:58:59Z" user="Sasha_SH" uid="4988915" lat="43.1217177" lon="131.9065819"/>
 <node id="6413053877" visible="true" version="2" changeset="72245278" timestamp="2019-07-15T01:03:17Z" user="Vasiljeva" uid="10050069" lat="43.1220671" lon="131.9065481"/>
 <node id="6413053878" visible="true" version="2" changeset="72245278" timestamp="2019-07-15T01:03:17Z" user="Vasiljeva" uid="10050069" lat="43.1220669" lon="131.9066031"/>
 <node id="6413053879" visible="true" version="2" changeset="72245278" timestamp="2019-07-15T01:03:17Z" user="Vasiljeva" uid="10050069" lat="43.1220609" lon="131.9066030"/>
 <node id="6413053880" visible="true" version="2" changeset="72245278" timestamp="2019-07-15T01:03:17Z" user="Vasiljeva" uid="10050069" lat="43.1220615" lon="131.9065480"/>
 <node id="6413053881" visible="true" version="2" changeset="72245278" timestamp="2019-07-15T01:03:17Z" user="Vasiljeva" uid="10050069" lat="43.1225246" lon="131.9062851"/>
 <node id="6413053882" visible="true" version="2" changeset="72245278" timestamp="2019-07-15T01:03:17Z" user="Vasiljeva" uid="10050069" lat="43.1225089" lon="131.9062959"/>
 <node id="6413053883" visible="true" version="2" changeset="72245278" timestamp="2019-07-15T01:03:17Z" user="Vasiljeva" uid="10050069" lat="43.1224678" lon="131.9063388"/>
 <node id="6413053884" visible="true" version="2" changeset="72245278" timestamp="2019-07-15T01:03:17Z" user="Vasiljeva" uid="10050069" lat="43.1224463" lon="131.9063817"/>
 <node id="6413054085" visible="true" version="2" changeset="72245278" timestamp="2019-07-15T01:03:17Z" user="Vasiljeva" uid="10050069" lat="43.1224247" lon="131.9064675"/>
 <node id="6413054086" visible="true" version="2" changeset="72245278" timestamp="2019-07-15T01:03:17Z" user="Vasiljeva" uid="10050069" lat="43.1224286" lon="131.9065171"/>
 <node id="6413054087" visible="true" version="2" changeset="72245278" timestamp="2019-07-15T01:03:17Z" user="Vasiljeva" uid="10050069" lat="43.1224433" lon="131.9065574"/>
 <node id="6413054088" visible="true" version="2" changeset="72245278" timestamp="2019-07-15T01:03:17Z" user="Vasiljeva" uid="10050069" lat="43.1225118" lon="131.9066150"/>
 <node id="6413054089" visible="true" version="3" changeset="74601947" timestamp="2019-09-18T00:23:30Z" user="Vasiljeva" uid="10050069" lat="43.1227690" lon="131.9067822"/>
 <node id="6413054091" visible="true" version="2" changeset="72245278" timestamp="2019-07-15T01:03:17Z" user="Vasiljeva" uid="10050069" lat="43.1225930" lon="131.9046450"/>
 <node id="6413054092" visible="true" version="2" changeset="72245278" timestamp="2019-07-15T01:03:17Z" user="Vasiljeva" uid="10050069" lat="43.1226250" lon="131.9046314"/>
 <node id="6413054093" visible="true" version="2" changeset="72245278" timestamp="2019-07-15T01:03:17Z" user="Vasiljeva" uid="10050069" lat="43.1223284" lon="131.9056494"/>
 <node id="6413054094" visible="true" version="2" changeset="72245278" timestamp="2019-07-15T01:03:17Z" user="Vasiljeva" uid="10050069" lat="43.1223416" lon="131.9055643"/>
 <node id="6413054095" visible="true" version="2" changeset="72245278" timestamp="2019-07-15T01:03:17Z" user="Vasiljeva" uid="10050069" lat="43.1221748" lon="131.9056679"/>
 <node id="6413054096" visible="true" version="2" changeset="72245278" timestamp="2019-07-15T01:03:17Z" user="Vasiljeva" uid="10050069" lat="43.1221474" lon="131.9057512"/>
 <node id="6413054097" visible="true" version="2" changeset="72245278" timestamp="2019-07-15T01:03:17Z" user="Vasiljeva" uid="10050069" lat="43.1221931" lon="131.9057794"/>
 <node id="6413054098" visible="true" version="2" changeset="72245278" timestamp="2019-07-15T01:03:17Z" user="Vasiljeva" uid="10050069" lat="43.1222205" lon="131.9056962"/>
 <node id="6413054099" visible="true" version="2" changeset="72245278" timestamp="2019-07-15T01:03:17Z" user="Vasiljeva" uid="10050069" lat="43.1222015" lon="131.9057761"/>
 <node id="6413054100" visible="true" version="2" changeset="72245278" timestamp="2019-07-15T01:03:17Z" user="Vasiljeva" uid="10050069" lat="43.1221878" lon="131.9057949"/>
 <node id="6413054101" visible="true" version="2" changeset="72245278" timestamp="2019-07-15T01:03:17Z" user="Vasiljeva" uid="10050069" lat="43.1221687" lon="131.9058123"/>
 <node id="6413054102" visible="true" version="2" changeset="72245278" timestamp="2019-07-15T01:03:17Z" user="Vasiljeva" uid="10050069" lat="43.1221521" lon="131.9058224"/>
 <node id="6413054103" visible="true" version="2" changeset="72245278" timestamp="2019-07-15T01:03:17Z" user="Vasiljeva" uid="10050069" lat="43.1222211" lon="131.9057191"/>
 <node id="6413054104" visible="true" version="2" changeset="72245278" timestamp="2019-07-15T01:03:17Z" user="Vasiljeva" uid="10050069" lat="43.1222270" lon="131.9056789"/>
 <node id="6413054105" visible="true" version="2" changeset="72245278" timestamp="2019-07-15T01:03:17Z" user="Vasiljeva" uid="10050069" lat="43.1222231" lon="131.9056534"/>
 <node id="6413054106" visible="true" version="2" changeset="72245278" timestamp="2019-07-15T01:03:17Z" user="Vasiljeva" uid="10050069" lat="43.1222157" lon="131.9056246"/>
 <node id="6413054107" visible="true" version="2" changeset="72245278" timestamp="2019-07-15T01:03:17Z" user="Vasiljeva" uid="10050069" lat="43.1222162" lon="131.9055870"/>
 <node id="6413054110" visible="true" version="2" changeset="72245278" timestamp="2019-07-15T01:03:17Z" user="Vasiljeva" uid="10050069" lat="43.1218320" lon="131.9066385"/>
 <node id="6413054111" visible="true" version="1" changeset="69328551" timestamp="2019-04-18T02:58:59Z" user="Sasha_SH" uid="4988915" lat="43.1217666" lon="131.9067584"/>
 <node id="6413054112" visible="true" version="2" changeset="72245278" timestamp="2019-07-15T01:03:17Z" user="Vasiljeva" uid="10050069" lat="43.1222143" lon="131.9065600"/>
 <node id="6413054113" visible="true" version="2" changeset="72245278" timestamp="2019-07-15T01:03:17Z" user="Vasiljeva" uid="10050069" lat="43.1221778" lon="131.9064924"/>
 <node id="6413054114" visible="true" version="2" changeset="72245278" timestamp="2019-07-15T01:03:17Z" user="Vasiljeva" uid="10050069" lat="43.1222442" lon="131.9064741"/>
 <node id="6413054115" visible="true" version="2" changeset="72245278" timestamp="2019-07-15T01:03:17Z" user="Vasiljeva" uid="10050069" lat="43.1221546" lon="131.9068437"/>
 <node id="6413054116" visible="true" version="2" changeset="72245278" timestamp="2019-07-15T01:03:17Z" user="Vasiljeva" uid="10050069" lat="43.1221536" lon="131.9068812"/>
 <node id="6413054137" visible="true" version="2" changeset="72245278" timestamp="2019-07-15T01:03:17Z" user="Vasiljeva" uid="10050069" lat="43.1221027" lon="131.9041996"/>
 <node id="6413054142" visible="true" version="3" changeset="74601947" timestamp="2019-09-18T00:23:30Z" user="Vasiljeva" uid="10050069" lat="43.1227052" lon="131.9055715"/>
 <node id="6413054149" visible="true" version="2" changeset="72245278" timestamp="2019-07-15T01:03:17Z" user="Vasiljeva" uid="10050069" lat="43.1230155" lon="131.9058324">
  <tag k="access" v="private"/>
  <tag k="barrier" v="gate"/>
 </node>
 <node id="6413542873" visible="true" version="1" changeset="69334342" timestamp="2019-04-18T08:04:20Z" user="Sasha_SH" uid="4988915" lat="43.1234109" lon="131.9075348"/>
 <node id="6415558206" visible="true" version="2" changeset="72411435" timestamp="2019-07-19T02:41:29Z" user="Vasiljeva" uid="10050069" lat="43.1221370" lon="131.9028948"/>
 <node id="6415558209" visible="true" version="2" changeset="72411435" timestamp="2019-07-19T02:41:29Z" user="Vasiljeva" uid="10050069" lat="43.1223673" lon="131.9036295">
  <tag k="entrance" v="yes"/>
 </node>
 <node id="6609070502" visible="true" version="1" changeset="72166668" timestamp="2019-07-12T07:51:41Z" user="kashcheeva" uid="3808237" lat="43.1210724" lon="131.9061430"/>
 <node id="6609070503" visible="true" version="1" changeset="72166668" timestamp="2019-07-12T07:51:41Z" user="kashcheeva" uid="3808237" lat="43.1202722" lon="131.9041045"/>
 <node id="6609070504" visible="true" version="1" changeset="72166668" timestamp="2019-07-12T07:51:41Z" user="kashcheeva" uid="3808237" lat="43.1203799" lon="131.9041246"/>
 <node id="6615232564" visible="true" version="1" changeset="72245278" timestamp="2019-07-15T01:03:17Z" user="Vasiljeva" uid="10050069" lat="43.1204396" lon="131.9045135"/>
 <node id="6615232565" visible="true" version="1" changeset="72245278" timestamp="2019-07-15T01:03:17Z" user="Vasiljeva" uid="10050069" lat="43.1208869" lon="131.9040616"/>
 <node id="6615232566" visible="true" version="1" changeset="72245278" timestamp="2019-07-15T01:03:17Z" user="Vasiljeva" uid="10050069" lat="43.1211757" lon="131.9037370"/>
 <node id="6615790170" visible="true" version="1" changeset="72251503" timestamp="2019-07-15T07:23:51Z" user="Vasiljeva" uid="10050069" lat="43.1189399" lon="131.9075029"/>
 <node id="6615790179" visible="true" version="2" changeset="74560812" timestamp="2019-09-17T07:04:23Z" user="Vasiljeva" uid="10050069" lat="43.1189565" lon="131.9049634"/>
 <node id="6615790180" visible="true" version="1" changeset="72251503" timestamp="2019-07-15T07:23:51Z" user="Vasiljeva" uid="10050069" lat="43.1199648" lon="131.9050828"/>
 <node id="6615790182" visible="true" version="1" changeset="72251503" timestamp="2019-07-15T07:23:51Z" user="Vasiljeva" uid="10050069" lat="43.1200872" lon="131.9058023"/>
 <node id="6615790184" visible="true" version="1" changeset="72251503" timestamp="2019-07-15T07:23:51Z" user="Vasiljeva" uid="10050069" lat="43.1207000" lon="131.9057152"/>
 <node id="6615790985" visible="true" version="1" changeset="72251503" timestamp="2019-07-15T07:23:51Z" user="Vasiljeva" uid="10050069" lat="43.1207528" lon="131.9057339"/>
 <node id="6615790986" visible="true" version="1" changeset="72251503" timestamp="2019-07-15T07:23:51Z" user="Vasiljeva" uid="10050069" lat="43.1207744" lon="131.9057326"/>
 <node id="6615790987" visible="true" version="1" changeset="72251503" timestamp="2019-07-15T07:23:51Z" user="Vasiljeva" uid="10050069" lat="43.1207147" lon="131.9067559"/>
 <node id="6615790988" visible="true" version="1" changeset="72251503" timestamp="2019-07-15T07:23:51Z" user="Vasiljeva" uid="10050069" lat="43.1206476" lon="131.9067599"/>
 <node id="6615790989" visible="true" version="2" changeset="74601947" timestamp="2019-09-18T00:23:30Z" user="Vasiljeva" uid="10050069" lat="43.1200720" lon="131.9073326"/>
 <node id="6615790991" visible="true" version="1" changeset="72251503" timestamp="2019-07-15T07:23:51Z" user="Vasiljeva" uid="10050069" lat="43.1199736" lon="131.9074318"/>
 <node id="6615790992" visible="true" version="1" changeset="72251503" timestamp="2019-07-15T07:23:51Z" user="Vasiljeva" uid="10050069" lat="43.1199687" lon="131.9083893"/>
 <node id="6615790993" visible="true" version="1" changeset="72251503" timestamp="2019-07-15T07:23:51Z" user="Vasiljeva" uid="10050069" lat="43.1201694" lon="131.9085369"/>
 <node id="6615790994" visible="true" version="1" changeset="72251503" timestamp="2019-07-15T07:23:51Z" user="Vasiljeva" uid="10050069" lat="43.1203094" lon="131.9086374"/>
 <node id="6615790995" visible="true" version="1" changeset="72251503" timestamp="2019-07-15T07:23:51Z" user="Vasiljeva" uid="10050069" lat="43.1218774" lon="131.9071121"/>
 <node id="6615791007" visible="true" version="1" changeset="72251503" timestamp="2019-07-15T07:23:51Z" user="Vasiljeva" uid="10050069" lat="43.1256618" lon="131.9156501"/>
 <node id="6615791016" visible="true" version="2" changeset="74601947" timestamp="2019-09-18T00:23:30Z" user="Vasiljeva" uid="10050069" lat="43.1211385" lon="131.9073513"/>
 <node id="6630301973" visible="true" version="1" changeset="72411435" timestamp="2019-07-19T02:41:25Z" user="Vasiljeva" uid="10050069" lat="43.1202771" lon="131.9007128"/>
 <node id="6744839571" visible="true" version="3" changeset="111949729" timestamp="2021-10-01T07:49:59Z" user="pxrdsg" uid="396341" lat="43.1218035" lon="131.9070250">
  <tag k="crossing" v="uncontrolled"/>
  <tag k="crossing:island" v="no"/>
  <tag k="highway" v="crossing"/>
  <tag k="tactile_paving" v="no"/>
 </node>
 <node id="6744839572" visible="true" version="1" changeset="73728868" timestamp="2019-08-26T00:11:23Z" user="gsilidis" uid="6839079" lat="43.1217276" lon="131.9065701"/>
 <node id="6744839573" visible="true" version="1" changeset="73728868" timestamp="2019-08-26T00:11:23Z" user="gsilidis" uid="6839079" lat="43.1218609" lon="131.9067049"/>
 <node id="6744839575" visible="true" version="2" changeset="163472164" timestamp="2025-03-11T07:27:26Z" user="Александр Синявский" uid="3798127" lat="43.1226713" lon="131.9046337"/>
 <node id="6747499337" visible="true" version="2" changeset="111949729" timestamp="2021-10-01T07:49:56Z" user="pxrdsg" uid="396341" lat="43.1218189" lon="131.9066625">
  <tag k="crossing" v="uncontrolled"/>
  <tag k="highway" v="crossing"/>
  <tag k="tactile_paving" v="no"/>
 </node>
 <node id="6747499338" visible="true" version="2" changeset="111949729" timestamp="2021-10-01T07:49:55Z" user="pxrdsg" uid="396341" lat="43.1217563" lon="131.9065991">
  <tag k="crossing" v="uncontrolled"/>
  <tag k="highway" v="crossing"/>
  <tag k="tactile_paving" v="no"/>
 </node>
 <node id="6751548137" visible="true" version="1" changeset="73818362" timestamp="2019-08-28T02:00:41Z" user="gsilidis" uid="6839079" lat="43.1201662" lon="131.9004226"/>
 <node id="6758893337" visible="true" version="1" changeset="73911911" timestamp="2019-08-30T09:05:05Z" user="gsilidis" uid="6839079" lat="43.1205139" lon="131.9053198"/>
 <node id="6758893338" visible="true" version="1" changeset="73911911" timestamp="2019-08-30T09:05:05Z" user="gsilidis" uid="6839079" lat="43.1206244" lon="131.9051735"/>
 <node id="6801336000" visible="true" version="1" changeset="74560812" timestamp="2019-09-17T07:04:23Z" user="Vasiljeva" uid="10050069" lat="43.1190087" lon="131.9049689"/>
 <node id="6804331258" visible="true" version="1" changeset="74601947" timestamp="2019-09-18T00:23:30Z" user="Vasiljeva" uid="10050069" lat="43.1196472" lon="131.9077845"/>
 <node id="6824431841" visible="true" version="1" changeset="74934543" timestamp="2019-09-26T02:52:09Z" user="Vasiljeva" uid="10050069" lat="43.1218908" lon="131.9037478"/>
 <node id="6956574662" visible="true" version="1" changeset="76785957" timestamp="2019-11-08T04:37:49Z" user="Vasiljeva" uid="10050069" lat="43.1164786" lon="131.9464369"/>
 <node id="7249305185" visible="true" version="1" changeset="81577230" timestamp="2020-02-28T06:59:28Z" user="kashcheeva" uid="3808237" lat="43.1205561" lon="131.9070358">
  <tag k="entrance" v="yes"/>
 </node>
 <node id="7249305186" visible="true" version="1" changeset="81577230" timestamp="2020-02-28T06:59:28Z" user="kashcheeva" uid="3808237" lat="43.1205066" lon="131.9070362"/>
 <node id="7249305187" visible="true" version="1" changeset="81577230" timestamp="2020-02-28T06:59:28Z" user="kashcheeva" uid="3808237" lat="43.1208073" lon="131.9066588"/>
 <node id="7249305188" visible="true" version="1" changeset="81577230" timestamp="2020-02-28T06:59:28Z" user="kashcheeva" uid="3808237" lat="43.1208068" lon="131.9069089"/>
 <node id="7249305189" visible="true" version="1" changeset="81577230" timestamp="2020-02-28T06:59:28Z" user="kashcheeva" uid="3808237" lat="43.1208387" lon="131.9069089"/>
 <node id="7249305190" visible="true" version="1" changeset="81577230" timestamp="2020-02-28T06:59:28Z" user="kashcheeva" uid="3808237" lat="43.1208391" lon="131.9066589"/>
 <node id="7256849044" visible="true" version="1" changeset="81657486" timestamp="2020-03-02T01:22:08Z" user="kashcheeva" uid="3808237" lat="43.1210526" lon="131.9047791">
  <tag k="entrance" v="yes"/>
 </node>
 <node id="7256849074" visible="true" version="1" changeset="81657486" timestamp="2020-03-02T01:22:08Z" user="kashcheeva" uid="3808237" lat="43.1211874" lon="131.9037304"/>
 <node id="7256849075" visible="true" version="3" changeset="111567065" timestamp="2021-09-23T01:33:13Z" user="pxrdsg" uid="396341" lat="43.1211833" lon="131.9037087">
  <tag k="crossing" v="marked"/>
  <tag k="highway" v="crossing"/>
  <tag k="tactile_paving" v="no"/>
 </node>
 <node id="7256849076" visible="true" version="1" changeset="81657486" timestamp="2020-03-02T01:22:08Z" user="kashcheeva" uid="3808237" lat="43.1211405" lon="131.9034930"/>
 <node id="7256849077" visible="true" version="3" changeset="111567065" timestamp="2021-09-23T01:33:14Z" user="pxrdsg" uid="396341" lat="43.1211465" lon="131.9034685">
  <tag k="crossing" v="marked"/>
  <tag k="highway" v="crossing"/>
  <tag k="tactile_paving" v="no"/>
 </node>
 <node id="7256849081" visible="true" version="1" changeset="81657486" timestamp="2020-03-02T01:22:08Z" user="kashcheeva" uid="3808237" lat="43.1222897" lon="131.9028611"/>
 <node id="7256865393" visible="true" version="1" changeset="81657486" timestamp="2020-03-02T01:22:08Z" user="kashcheeva" uid="3808237" lat="43.1223976" lon="131.9029438"/>
 <node id="7256865398" visible="true" version="1" changeset="81657486" timestamp="2020-03-02T01:22:08Z" user="kashcheeva" uid="3808237" lat="43.1213828" lon="131.9058152">
  <tag k="entrance" v="yes"/>
 </node>
 <node id="7256865399" visible="true" version="1" changeset="81657486" timestamp="2020-03-02T01:22:08Z" user="kashcheeva" uid="3808237" lat="43.1214396" lon="131.9058210">
  <tag k="entrance" v="yes"/>
 </node>
 <node id="7256865401" visible="true" version="1" changeset="81657486" timestamp="2020-03-02T01:22:08Z" user="kashcheeva" uid="3808237" lat="43.1220628" lon="131.9064286">
  <tag k="entrance" v="yes"/>
 </node>
 <node id="7256865402" visible="true" version="1" changeset="81657486" timestamp="2020-03-02T01:22:08Z" user="kashcheeva" uid="3808237" lat="43.1224618" lon="131.9056312">
  <tag k="entrance" v="yes"/>
 </node>
 <node id="7353865840" visible="true" version="1" changeset="82915763" timestamp="2020-04-01T09:58:08Z" user="kashcheeva" uid="3808237" lat="43.1198787" lon="131.9075464"/>
 <node id="7361997414" visible="true" version="1" changeset="83015877" timestamp="2020-04-03T07:34:29Z" user="kashcheeva" uid="3808237" lat="43.1216134" lon="131.9077119"/>
 <node id="7361997419" visible="true" version="1" changeset="83015877" timestamp="2020-04-03T07:34:29Z" user="kashcheeva" uid="3808237" lat="43.1215070" lon="131.9081714"/>
 <node id="7886178253" visible="true" version="1" changeset="90564566" timestamp="2020-09-08T06:34:20Z" user="Natalia18" uid="3429710" lat="43.1220600" lon="131.9028797"/>
 <node id="8336969766" visible="true" version="1" changeset="97744518" timestamp="2021-01-19T07:08:46Z" user="kashcheeva" uid="3808237" lat="43.1208409" lon="131.9063871"/>
 <node id="8894517517" visible="true" version="11" changeset="163491581" timestamp="2025-03-11T16:01:27Z" user="Александр Синявский" uid="3798127" lat="43.1220911" lon="131.9068072">
  <tag k="addr:postcode" v="690014"/>
  <tag k="amenity" v="pharmacy"/>
  <tag k="email" v="info@monastirev.ru"/>
  <tag k="healthcare" v="pharmacy"/>
  <tag k="name" v="Монастырёв.рф"/>
  <tag k="opening_hours" v="Mo-Su 08:00-23:00"/>
  <tag k="website" v="http://монастырёв.рф"/>
 </node>
 <node id="9049857286" visible="true" version="1" changeset="110491274" timestamp="2021-08-31T05:49:31Z" user="KhoraKavat" uid="11346447" lat="43.1238123" lon="131.9117863"/>
 <node id="9049857297" visible="true" version="1" changeset="110491274" timestamp="2021-08-31T05:49:31Z" user="KhoraKavat" uid="11346447" lat="43.1204464" lon="131.9069530"/>
 <node id="9755154269" visible="true" version="8" changeset="163472164" timestamp="2025-03-11T07:27:26Z" user="Александр Синявский" uid="3798127" lat="43.1226509" lon="131.9049588">
  <tag k="brand" v="Винлаб"/>
  <tag k="brand:wikidata" v="Q109907753"/>
  <tag k="contact:email" v="call@winelab.ru"/>
  <tag k="contact:phone" v="+7 800 3017755"/>
  <tag k="contact:website" v="https://www.winelab.ru/"/>
  <tag k="name" v="Винлаб"/>
  <tag k="opening_hours" v="Mo-Su 09:00-22:00"/>
  <tag k="shop" v="alcohol"/>
 </node>
 <node id="10594453246" visible="true" version="1" changeset="131888129" timestamp="2023-01-30T16:23:42Z" user="Vas111" uid="16951803" lat="43.1202917" lon="131.9049773"/>
 <node id="10594453247" visible="true" version="1" changeset="131888129" timestamp="2023-01-30T16:23:42Z" user="Vas111" uid="16951803" lat="43.1203543" lon="131.9049027">
  <tag k="crossing" v="uncontrolled"/>
  <tag k="crossing:island" v="no"/>
  <tag k="crossing:markings" v="zebra:bicolour"/>
  <tag k="highway" v="crossing"/>
  <tag k="tactile_paving" v="no"/>
 </node>
 <node id="10594453248" visible="true" version="1" changeset="131888129" timestamp="2023-01-30T16:23:42Z" user="Vas111" uid="16951803" lat="43.1203828" lon="131.9048687">
  <tag k="crossing" v="uncontrolled"/>
  <tag k="crossing:island" v="no"/>
  <tag k="crossing:markings" v="zebra:bicolour"/>
  <tag k="highway" v="crossing"/>
  <tag k="tactile_paving" v="no"/>
 </node>
 <node id="10594453249" visible="true" version="1" changeset="131888129" timestamp="2023-01-30T16:23:42Z" user="Vas111" uid="16951803" lat="43.1204278" lon="131.9048149"/>
 <node id="10976037892" visible="true" version="1" changeset="137313069" timestamp="2023-06-14T06:58:28Z" user="KhoraKavat" uid="11346447" lat="43.1201029" lon="131.9061795"/>
 <node id="10976037893" visible="true" version="1" changeset="137313069" timestamp="2023-06-14T06:58:28Z" user="KhoraKavat" uid="11346447" lat="43.1201007" lon="131.9060753"/>
 <node id="10976037894" visible="true" version="1" changeset="137313069" timestamp="2023-06-14T06:58:28Z" user="KhoraKavat" uid="11346447" lat="43.1202763" lon="131.9060684"/>
 <node id="10976037895" visible="true" version="1" changeset="137313069" timestamp="2023-06-14T06:58:28Z" user="KhoraKavat" uid="11346447" lat="43.1202807" lon="131.9062786"/>
 <node id="10988928459" visible="true" version="1" changeset="137504163" timestamp="2023-06-19T07:20:27Z" user="KhoraKavat" uid="11346447" lat="43.1261257" lon="131.9140756"/>
 <node id="11726797826" visible="true" version="1" changeset="148583257" timestamp="2024-03-13T09:09:23Z" user="kate_rocketdata" uid="12100948" lat="43.1225726" lon="131.9047898">
  <tag k="contact:phone" v="+7 423 2054455;+7 423 2054488"/>
  <tag k="contact:website" v="https://intourist.ru"/>
  <tag k="name" v="Intourist"/>
  <tag k="opening_hours" v="Mo-Fr 10:00-19:00; Sa 11:00-16:00"/>
  <tag k="shop" v="travel_agency"/>
 </node>
 <node id="11726827182" visible="true" version="1" changeset="148583257" timestamp="2024-03-13T09:09:23Z" user="kate_rocketdata" uid="12100948" lat="43.1201763" lon="131.9062007">
  <tag k="contact:email" v="chistota.dv@mail.ru"/>
  <tag k="contact:phone" v="+7 995 5347595"/>
  <tag k="contact:website" v="https://chistota-dv25.ru"/>
  <tag k="name" v="Чистота Дв"/>
  <tag k="office" v="company"/>
  <tag k="opening_hours" v="Mo-Su 08:00-21:00"/>
 </node>
 <node id="11803522059" visible="true" version="1" changeset="149756712" timestamp="2024-04-09T00:56:18Z" user="kashcheeva" uid="3808237" lat="43.1219795" lon="131.9053589"/>
 <node id="11803522060" visible="true" version="1" changeset="149756712" timestamp="2024-04-09T00:56:18Z" user="kashcheeva" uid="3808237" lat="43.1221471" lon="131.9054660"/>
 <node id="11803522061" visible="true" version="1" changeset="149756712" timestamp="2024-04-09T00:56:18Z" user="kashcheeva" uid="3808237" lat="43.1222611" lon="131.9051313"/>
 <node id="11803522062" visible="true" version="1" changeset="149756712" timestamp="2024-04-09T00:56:18Z" user="kashcheeva" uid="3808237" lat="43.1220936" lon="131.9050242"/>
 <node id="11803522063" visible="true" version="1" changeset="149756712" timestamp="2024-04-09T00:56:18Z" user="kashcheeva" uid="3808237" lat="43.1220594" lon="131.9047552"/>
 <node id="11803522064" visible="true" version="1" changeset="149756712" timestamp="2024-04-09T00:56:18Z" user="kashcheeva" uid="3808237" lat="43.1223227" lon="131.9049307"/>
 <node id="11803522065" visible="true" version="1" changeset="149756712" timestamp="2024-04-09T00:56:18Z" user="kashcheeva" uid="3808237" lat="43.1224407" lon="131.9045985"/>
 <node id="11803522066" visible="true" version="1" changeset="149756712" timestamp="2024-04-09T00:56:18Z" user="kashcheeva" uid="3808237" lat="43.1221773" lon="131.9044229"/>
 <node id="11803522067" visible="true" version="1" changeset="149756712" timestamp="2024-04-09T00:56:18Z" user="kashcheeva" uid="3808237" lat="43.1216137" lon="131.9043016"/>
 <node id="11803522068" visible="true" version="1" changeset="149756712" timestamp="2024-04-09T00:56:18Z" user="kashcheeva" uid="3808237" lat="43.1216827" lon="131.9041061"/>
 <node id="11803559769" visible="true" version="1" changeset="149756712" timestamp="2024-04-09T00:56:18Z" user="kashcheeva" uid="3808237" lat="43.1212142" lon="131.9040368"/>
 <node id="11803559770" visible="true" version="1" changeset="149756712" timestamp="2024-04-09T00:56:18Z" user="kashcheeva" uid="3808237" lat="43.1220019" lon="131.9045588"/>
 <node id="11803559771" visible="true" version="1" changeset="149756712" timestamp="2024-04-09T00:56:18Z" user="kashcheeva" uid="3808237" lat="43.1220709" lon="131.9043634"/>
 <node id="11803559772" visible="true" version="1" changeset="149756712" timestamp="2024-04-09T00:56:18Z" user="kashcheeva" uid="3808237" lat="43.1212832" lon="131.9038413"/>
 <node id="11803559773" visible="true" version="1" changeset="149756712" timestamp="2024-04-09T00:56:18Z" user="kashcheeva" uid="3808237" lat="43.1213700" lon="131.9047529"/>
 <node id="11803559774" visible="true" version="1" changeset="149756712" timestamp="2024-04-09T00:56:18Z" user="kashcheeva" uid="3808237" lat="43.1211209" lon="131.9039366"/>
 <node id="11803559775" visible="true" version="1" changeset="149756712" timestamp="2024-04-09T00:56:18Z" user="kashcheeva" uid="3808237" lat="43.1211904" lon="131.9038496"/>
 <node id="11803559776" visible="true" version="1" changeset="149756712" timestamp="2024-04-09T00:56:18Z" user="kashcheeva" uid="3808237" lat="43.1212667" lon="131.9037624"/>
 <node id="11803559777" visible="true" version="1" changeset="149756712" timestamp="2024-04-09T00:56:18Z" user="kashcheeva" uid="3808237" lat="43.1214783" lon="131.9038414"/>
 <node id="11803559778" visible="true" version="1" changeset="149756712" timestamp="2024-04-09T00:56:18Z" user="kashcheeva" uid="3808237" lat="43.1217999" lon="131.9040671"/>
 <node id="11803559779" visible="true" version="1" changeset="149756712" timestamp="2024-04-09T00:56:18Z" user="kashcheeva" uid="3808237" lat="43.1224757" lon="131.9045383"/>
 <node id="11803559780" visible="true" version="1" changeset="149756712" timestamp="2024-04-09T00:56:18Z" user="kashcheeva" uid="3808237" lat="43.1219156" lon="131.9062484"/>
 <node id="11803559781" visible="true" version="1" changeset="149756712" timestamp="2024-04-09T00:56:18Z" user="kashcheeva" uid="3808237" lat="43.1217404" lon="131.9064975"/>
 <node id="11803559782" visible="true" version="1" changeset="149756712" timestamp="2024-04-09T00:56:18Z" user="kashcheeva" uid="3808237" lat="43.1214763" lon="131.9062270"/>
 <node id="11803559783" visible="true" version="1" changeset="149756712" timestamp="2024-04-09T00:56:18Z" user="kashcheeva" uid="3808237" lat="43.1216970" lon="131.9057572"/>
 <node id="11803559784" visible="true" version="1" changeset="149756712" timestamp="2024-04-09T00:56:18Z" user="kashcheeva" uid="3808237" lat="43.1212820" lon="131.9054824"/>
 <node id="11803559785" visible="true" version="1" changeset="149756712" timestamp="2024-04-09T00:56:18Z" user="kashcheeva" uid="3808237" lat="43.1211812" lon="131.9056915"/>
 <node id="11803559786" visible="true" version="1" changeset="149756712" timestamp="2024-04-09T00:56:18Z" user="kashcheeva" uid="3808237" lat="43.1210128" lon="131.9055292"/>
 <node id="11803559787" visible="true" version="1" changeset="149756712" timestamp="2024-04-09T00:56:18Z" user="kashcheeva" uid="3808237" lat="43.1209477" lon="131.9042049"/>
 <node id="11803559788" visible="true" version="1" changeset="149756712" timestamp="2024-04-09T00:56:18Z" user="kashcheeva" uid="3808237" lat="43.1212653" lon="131.9037538"/>
 <node id="11803559789" visible="true" version="1" changeset="149756712" timestamp="2024-04-09T00:56:18Z" user="kashcheeva" uid="3808237" lat="43.1214860" lon="131.9038329"/>
 <node id="11803559790" visible="true" version="1" changeset="149756712" timestamp="2024-04-09T00:56:18Z" user="kashcheeva" uid="3808237" lat="43.1224825" lon="131.9045323"/>
 <node id="11803559791" visible="true" version="1" changeset="149756712" timestamp="2024-04-09T00:56:18Z" user="kashcheeva" uid="3808237" lat="43.1219187" lon="131.9062583"/>
 <node id="11803559792" visible="true" version="1" changeset="149756712" timestamp="2024-04-09T00:56:18Z" user="kashcheeva" uid="3808237" lat="43.1217366" lon="131.9065091"/>
 <node id="11803559793" visible="true" version="1" changeset="149756712" timestamp="2024-04-09T00:56:18Z" user="kashcheeva" uid="3808237" lat="43.1214655" lon="131.9062275"/>
 <node id="11803559794" visible="true" version="1" changeset="149756712" timestamp="2024-04-09T00:56:18Z" user="kashcheeva" uid="3808237" lat="43.1216867" lon="131.9057594"/>
 <node id="11803559795" visible="true" version="1" changeset="149756712" timestamp="2024-04-09T00:56:18Z" user="kashcheeva" uid="3808237" lat="43.1211845" lon="131.9051546"/>
 <node id="11803559796" visible="true" version="1" changeset="149756712" timestamp="2024-04-09T00:56:18Z" user="kashcheeva" uid="3808237" lat="43.1213646" lon="131.9047549"/>
 <node id="11803559797" visible="true" version="1" changeset="149756712" timestamp="2024-04-09T00:56:18Z" user="kashcheeva" uid="3808237" lat="43.1210025" lon="131.9055288"/>
 <node id="11958481682" visible="true" version="1" changeset="152288217" timestamp="2024-06-05T13:23:02Z" user="kate_rocketdata" uid="12100948" lat="43.1220910" lon="131.9065413">
  <tag k="contact:email" v="i@ihealth-sn.ru"/>
  <tag k="contact:phone" v="+7 994 0235252"/>
  <tag k="name" v="iHealth"/>
  <tag k="opening_hours" v="Mo-Su 09:00-21:00"/>
  <tag k="shop" v="nutrition_supplements"/>
 </node>
 <node id="11958491782" visible="true" version="2" changeset="154551707" timestamp="2024-07-29T08:50:10Z" user="kate_rocketdata" uid="12100948" lat="43.1225824" lon="131.9047174">
  <tag k="contact:phone" v="+7 950 2924499"/>
  <tag k="contact:website" v="https://tan-go-studio.ru"/>
  <tag k="name" v="Tan Go Studio"/>
  <tag k="opening_hours" v="Mo-Su 10:00-21:00"/>
  <tag k="shop" v="beauty"/>
 </node>
 <node id="12651793719" visible="true" version="1" changeset="163472164" timestamp="2025-03-11T07:27:26Z" user="Александр Синявский" uid="3798127" lat="43.1233629" lon="131.9050630"/>
 <node id="12651793720" visible="true" version="1" changeset="163472164" timestamp="2025-03-11T07:27:26Z" user="Александр Синявский" uid="3798127" lat="43.1227029" lon="131.9043826"/>
 <node id="12651793724" visible="true" version="1" changeset="163472164" timestamp="2025-03-11T07:27:26Z" user="Александр Синявский" uid="3798127" lat="43.1226095" lon="131.9043229"/>
 <node id="12651793725" visible="true" version="1" changeset="163472164" timestamp="2025-03-11T07:27:26Z" user="Александр Синявский" uid="3798127" lat="43.1225210" lon="131.9045127"/>
 <node id="12651793726" visible="true" version="1" changeset="163472164" timestamp="2025-03-11T07:27:26Z" user="Александр Синявский" uid="3798127" lat="43.1225433" lon="131.9045535"/>
 <node id="12651793727" visible="true" version="1" changeset="163472164" timestamp="2025-03-11T07:27:26Z" user="Александр Синявский" uid="3798127" lat="43.1226237" lon="131.9046031"/>
 <node id="13620668730" visible="true" version="1" changeset="179405181" timestamp="2026-03-05T16:36:24Z" user="user_23858439" uid="23858439" lat="43.1208431" lon="131.9038124"/>
 <way id="60428880" visible="true" version="21" changeset="143045710" timestamp="2023-10-24T04:12:28Z" user="Fizzie-DWG" uid="461130">
  <nd ref="752186228"/>
  <nd ref="752186229"/>
  <nd ref="752186230"/>
  <nd ref="6413054113"/>
  <nd ref="752186231"/>
  <nd ref="6413054115"/>
  <nd ref="6413054116"/>
  <nd ref="752186232"/>
  <nd ref="5742418787"/>
  <nd ref="5742418786"/>
  <nd ref="5742418785"/>
  <nd ref="5742418783"/>
  <nd ref="5742418784"/>
  <nd ref="5021150472"/>
  <nd ref="6413053879"/>
  <nd ref="6413053878"/>
  <nd ref="5742367213"/>
  <nd ref="6413053877"/>
  <nd ref="6413053880"/>
  <nd ref="7256865401"/>
  <nd ref="752186233"/>
  <nd ref="5742367214"/>
  <nd ref="752186228"/>
  <tag k="addr:city" v="Владивосток"/>
  <tag k="addr:country" v="RU"/>
  <tag k="addr:housenumber" v="29"/>
  <tag k="addr:postcode" v="690014"/>
  <tag k="addr:street" v="Некрасовская улица"/>
  <tag k="building" v="yes"/>
  <tag k="building:levels" v="2"/>
  <tag k="email" v="marketing@ttpk.ru"/>
  <tag k="name" v="ОК!"/>
  <tag k="opening_hours" v="Mo-Su 08:00-22:00"/>
  <tag k="phone" v="+74232207599"/>
  <tag k="shop" v="supermarket"/>
 </way>
 <way id="98882355" visible="true" version="8" changeset="81577230" timestamp="2020-02-28T06:59:28Z" user="kashcheeva" uid="3808237">
  <nd ref="1143941105"/>
  <nd ref="5748195443"/>
  <nd ref="5748195442"/>
  <nd ref="5748195423"/>
  <nd ref="5748195441"/>
  <nd ref="5748195444"/>
  <nd ref="1143941083"/>
  <nd ref="5748195447"/>
  <nd ref="1143941091"/>
  <nd ref="5748195424"/>
  <nd ref="5748195448"/>
  <nd ref="5748195449"/>
  <nd ref="5748195428"/>
  <nd ref="5748195429"/>
  <nd ref="5748195425"/>
  <nd ref="1143941088"/>
  <nd ref="1143941106"/>
  <nd ref="7249305185"/>
  <nd ref="7249305186"/>
  <nd ref="1143941085"/>
  <nd ref="5748195446"/>
  <nd ref="5748193713"/>
  <nd ref="1143941093"/>
  <nd ref="5748195445"/>
  <nd ref="1143941105"/>
  <tag k="addr:city" v="Владивосток"/>
  <tag k="addr:country" v="RU"/>
  <tag k="addr:housenumber" v="48А"/>
  <tag k="addr:street" v="Некрасовская улица"/>
  <tag k="building" v="apartments"/>
  <tag k="building:levels" v="16"/>
 </way>
 <way id="101886722" visible="true" version="6" changeset="60450628" timestamp="2018-07-06T00:41:50Z" user="Sasha_SH" uid="4988915">
  <nd ref="1176216846"/>
  <nd ref="1176216866"/>
  <nd ref="5411233677"/>
  <nd ref="5411233676"/>
  <nd ref="1176216844"/>
  <nd ref="5742367130"/>
  <nd ref="1176216861"/>
  <nd ref="5742367132"/>
  <nd ref="5742367131"/>
  <nd ref="1176216846"/>
  <tag k="addr:city" v="Владивосток"/>
  <tag k="addr:country" v="RU"/>
  <tag k="addr:housenumber" v="21А"/>
  <tag k="addr:street" v="Некрасовская улица"/>
  <tag k="building" v="apartments"/>
  <tag k="building:levels" v="2"/>
 </way>
 <way id="101887016" visible="true" version="3" changeset="36997260" timestamp="2016-02-04T18:25:01Z" user="iWowik" uid="481934">
  <nd ref="1176222354"/>
  <nd ref="1176222368"/>
  <nd ref="1176222365"/>
  <nd ref="1176222370"/>
  <nd ref="1176222354"/>
  <tag k="addr:city" v="Владивосток"/>
  <tag k="addr:country" v="RU"/>
  <tag k="addr:housenumber" v="23В"/>
  <tag k="addr:street" v="Некрасовская улица"/>
  <tag k="building" v="yes"/>
 </way>
 <way id="101887452" visible="true" version="8" changeset="81657486" timestamp="2020-03-02T01:22:08Z" user="kashcheeva" uid="3808237">
  <nd ref="1176228095"/>
  <nd ref="5127620979"/>
  <nd ref="4650970727"/>
  <nd ref="5742367133"/>
  <nd ref="5742367135"/>
  <nd ref="5742367137"/>
  <nd ref="5742367139"/>
  <nd ref="1176228102"/>
  <nd ref="5127620978"/>
  <nd ref="6410908012"/>
  <nd ref="1176228105"/>
  <nd ref="5742367143"/>
  <nd ref="5742367142"/>
  <nd ref="5742367141"/>
  <nd ref="1176228098"/>
  <nd ref="7256849044"/>
  <nd ref="1176228095"/>
  <tag k="addr:city" v="Владивосток"/>
  <tag k="addr:country" v="RU"/>
  <tag k="addr:housenumber" v="33"/>
  <tag k="addr:street" v="Некрасовская улица"/>
  <tag k="building" v="yes"/>
  <tag k="building:levels" v="2"/>
 </way>
 <way id="101888271" visible="true" version="3" changeset="56338608" timestamp="2018-02-14T00:52:36Z" user="Sasha_SH" uid="4988915">
  <nd ref="1176244954"/>
  <nd ref="5411233678"/>
  <nd ref="5411233679"/>
  <nd ref="1176244956"/>
  <nd ref="1176244953"/>
  <nd ref="5411233682"/>
  <nd ref="1176244955"/>
  <nd ref="1176244954"/>
  <tag k="addr:city" v="Владивосток"/>
  <tag k="addr:country" v="RU"/>
  <tag k="addr:housenumber" v="40"/>
  <tag k="addr:street" v="Некрасовская улица"/>
  <tag k="building" v="yes"/>
  <tag k="building:levels" v="1"/>
 </way>
 <way id="101888745" visible="true" version="8" changeset="60450628" timestamp="2018-07-06T00:41:51Z" user="Sasha_SH" uid="4988915">
  <nd ref="1176253898"/>
  <nd ref="2346823646"/>
  <nd ref="5330301107"/>
  <nd ref="1176253900"/>
  <nd ref="1176253906"/>
  <nd ref="4712934802"/>
  <nd ref="5742367037"/>
  <nd ref="1176253912"/>
  <nd ref="1176253898"/>
  <tag k="building" v="roof"/>
  <tag k="layer" v="1"/>
 </way>
 <way id="104499723" visible="true" version="4" changeset="60451201" timestamp="2018-07-06T01:45:50Z" user="Sasha_SH" uid="4988915">
  <nd ref="1205675955"/>
  <nd ref="5742418729"/>
  <nd ref="5742418728"/>
  <nd ref="1205675968"/>
  <nd ref="1205675943"/>
  <nd ref="1205675993"/>
  <nd ref="1205675996"/>
  <nd ref="1205675961"/>
  <nd ref="1205675937"/>
  <nd ref="1205675991"/>
  <nd ref="1205675955"/>
  <tag k="addr:city" v="Владивосток"/>
  <tag k="addr:country" v="RU"/>
  <tag k="addr:housenumber" v="32"/>
  <tag k="addr:postcode" v="690014"/>
  <tag k="addr:street" v="улица Гоголя"/>
  <tag k="building" v="yes"/>
  <tag k="building:levels" v="1"/>
 </way>
 <way id="104499737" visible="true" version="6" changeset="69366363" timestamp="2019-04-19T06:26:16Z" user="Sasha_SH" uid="4988915">
  <nd ref="5293175731"/>
  <nd ref="5293175727"/>
  <nd ref="5293175724"/>
  <nd ref="5293175725"/>
  <nd ref="5293175726"/>
  <nd ref="1205675932"/>
  <nd ref="1205675998"/>
  <nd ref="5629949176"/>
  <nd ref="1205675964"/>
  <nd ref="1205675940"/>
  <nd ref="5293175732"/>
 </way>
 <way id="158630195" visible="true" version="22" changeset="95191668" timestamp="2020-12-03T04:37:19Z" user="user_11776996" uid="11776996">
  <nd ref="4516136181"/>
  <nd ref="4516136180"/>
  <nd ref="4516136182"/>
  <nd ref="2956618355"/>
  <nd ref="4712924853"/>
  <nd ref="4712924854"/>
  <nd ref="1612676904"/>
  <nd ref="1377433583"/>
  <nd ref="1853559852"/>
  <nd ref="1853559847"/>
  <nd ref="1853559844"/>
  <nd ref="1853559835"/>
  <nd ref="1342037198"/>
  <nd ref="1813827846"/>
  <nd ref="1813827847"/>
  <nd ref="1813827848"/>
  <nd ref="1813827845"/>
  <nd ref="1813827839"/>
  <nd ref="1813827836"/>
  <nd ref="1813827833"/>
  <nd ref="1724795241"/>
  <nd ref="1707920515"/>
  <nd ref="1707920516"/>
  <nd ref="1724795242"/>
  <nd ref="1724795243"/>
  <nd ref="1724795244"/>
  <nd ref="1724795246"/>
  <nd ref="1724795249"/>
  <nd ref="1724795247"/>
  <nd ref="1724795245"/>
  <nd ref="1838851878"/>
  <nd ref="1724795250"/>
  <nd ref="1724795248"/>
  <nd ref="1813827841"/>
  <nd ref="1813840132"/>
  <nd ref="1813840131"/>
  <nd ref="1813840130"/>
  <nd ref="1813840129"/>
  <nd ref="1813840127"/>
  <nd ref="1813840126"/>
  <nd ref="1813840125"/>
  <nd ref="1838845137"/>
  <nd ref="1838845136"/>
  <nd ref="1838845134"/>
  <nd ref="1838845133"/>
  <nd ref="1838845135"/>
  <nd ref="1619988703"/>
  <nd ref="6956574662"/>
  <nd ref="1838845139"/>
  <nd ref="1838845143"/>
  <nd ref="1838845142"/>
  <nd ref="1838845141"/>
  <nd ref="1838845140"/>
  <tag k="disused" v="yes"/>
  <tag k="power" v="line"/>
 </way>
 <way id="161753970" visible="true" version="18" changeset="179474101" timestamp="2026-03-07T05:53:37Z" user="user_23858439" uid="23858439">
  <nd ref="1737160594"/>
  <nd ref="7256849077"/>
  <nd ref="1737160593"/>
  <nd ref="1809515347"/>
  <tag k="access" v="yes"/>
  <tag k="highway" v="trunk"/>
  <tag k="lanes" v="2"/>
  <tag k="maxspeed" v="RU:urban"/>
  <tag k="oneway" v="yes"/>
  <tag k="surface" v="asphalt"/>
 </way>
 <way id="176215770" visible="true" version="24" changeset="185788486" timestamp="2026-07-15T14:40:30Z" user="user_24286090" uid="24286090">
  <nd ref="1737160594"/>
  <nd ref="4712923826"/>
  <nd ref="3372091441"/>
  <nd ref="3372091440"/>
  <nd ref="4712934199"/>
  <nd ref="3158861095"/>
  <nd ref="6411000911"/>
  <nd ref="1823687997"/>
  <nd ref="4712933976"/>
  <nd ref="1737160584"/>
  <nd ref="3372091427"/>
  <tag k="highway" v="secondary"/>
  <tag k="lanes" v="2"/>
  <tag k="maxspeed" v="RU:urban"/>
  <tag k="name" v="улица Гоголя"/>
  <tag k="name:en" v="Gogol Street"/>
  <tag k="name:etymology:wikidata" v="Q43718"/>
  <tag k="name:ru" v="улица Гоголя"/>
  <tag k="name:zh" v="果戈里街"/>
  <tag k="oneway" v="yes"/>
  <tag k="surface" v="asphalt"/>
 </way>
 <way id="178090082" visible="true" version="10" changeset="186117882" timestamp="2026-07-21T14:01:55Z" user="mavl" uid="564990">
  <nd ref="1884712424"/>
  <nd ref="3372091428"/>
  <nd ref="3372091433"/>
  <nd ref="2346825565"/>
  <nd ref="2346825567"/>
  <nd ref="13620668730"/>
  <nd ref="1884712429"/>
  <tag k="access" v="yes"/>
  <tag k="highway" v="trunk_link"/>
  <tag k="maxspeed" v="RU:urban"/>
  <tag k="oneway" v="yes"/>
  <tag k="surface" v="asphalt"/>
 </way>
 <way id="178090086" visible="true" version="10" changeset="186117882" timestamp="2026-07-21T14:01:55Z" user="mavl" uid="564990">
  <nd ref="1884712429"/>
  <nd ref="3372091437"/>
  <nd ref="2346825569"/>
  <nd ref="3372091438"/>
  <nd ref="1884712431"/>
  <tag k="access" v="yes"/>
  <tag k="bridge" v="yes"/>
  <tag k="highway" v="trunk_link"/>
  <tag k="layer" v="1"/>
  <tag k="maxspeed" v="RU:urban"/>
  <tag k="oneway" v="yes"/>
  <tag k="surface" v="asphalt"/>
 </way>
 <way id="178090097" visible="true" version="14" changeset="179474101" timestamp="2026-03-07T05:53:37Z" user="user_23858439" uid="23858439">
  <nd ref="3372091417"/>
  <nd ref="4712923903"/>
  <nd ref="1884712416"/>
  <nd ref="3372091418"/>
  <nd ref="3372091419"/>
  <nd ref="1884712418"/>
  <nd ref="3372091423"/>
  <nd ref="1884712419"/>
  <nd ref="3372091425"/>
  <nd ref="1884712424"/>
  <tag k="access" v="yes"/>
  <tag k="highway" v="trunk_link"/>
  <tag k="lanes" v="1"/>
  <tag k="maxspeed" v="RU:urban"/>
  <tag k="oneway" v="yes"/>
  <tag k="surface" v="asphalt"/>
 </way>
 <way id="190138863" visible="true" version="13" changeset="179474101" timestamp="2026-03-07T05:53:37Z" user="user_23858439" uid="23858439">
  <nd ref="1737160594"/>
  <nd ref="3372091442"/>
  <nd ref="3158861096"/>
  <nd ref="4712923827"/>
  <nd ref="7256849075"/>
  <nd ref="3372091439"/>
  <nd ref="3158861094"/>
  <nd ref="4819723032"/>
  <nd ref="4819723031"/>
  <nd ref="4819723030"/>
  <nd ref="3158861092"/>
  <nd ref="4712923828"/>
  <nd ref="3372091422"/>
  <nd ref="3372091420"/>
  <nd ref="10594453248"/>
  <nd ref="3372091421"/>
  <tag k="access" v="yes"/>
  <tag k="highway" v="trunk_link"/>
  <tag k="lanes" v="1"/>
  <tag k="maxspeed" v="RU:urban"/>
  <tag k="name" v="улица Щедрина"/>
  <tag k="oneway" v="yes"/>
  <tag k="surface" v="asphalt"/>
 </way>
 <way id="194028888" visible="true" version="4" changeset="81657486" timestamp="2020-03-02T01:22:08Z" user="kashcheeva" uid="3808237">
  <nd ref="2045400916"/>
  <nd ref="2045400914"/>
  <nd ref="7256865402"/>
  <nd ref="1205675968"/>
  <nd ref="1205675943"/>
  <nd ref="2045400916"/>
  <tag k="building" v="yes"/>
  <tag k="building:levels" v="2"/>
  <tag k="source" v="Bing"/>
 </way>
 <way id="225872599" visible="true" version="4" changeset="72251503" timestamp="2019-07-15T07:23:55Z" user="Vasiljeva" uid="10050069">
  <nd ref="5023201154"/>
  <nd ref="6615790184"/>
  <nd ref="6615790985"/>
  <nd ref="2346837652"/>
  <nd ref="5742367036"/>
  <nd ref="5023201161"/>
  <nd ref="2346837653"/>
  <tag k="highway" v="service"/>
  <tag k="source" v="Bing;survey"/>
 </way>
 <way id="225872613" visible="true" version="3" changeset="60522950" timestamp="2018-07-09T03:59:06Z" user="Sasha_SH" uid="4988915">
  <nd ref="2346837650"/>
  <nd ref="2346837648"/>
  <nd ref="2346837647"/>
  <nd ref="5344223067"/>
  <nd ref="2346837649"/>
  <nd ref="5344223068"/>
  <nd ref="2346837650"/>
  <tag k="building" v="yes"/>
  <tag k="building:levels" v="2"/>
  <tag k="source" v="Bing"/>
 </way>
 <way id="236347399" visible="true" version="6" changeset="69328551" timestamp="2019-04-18T02:59:07Z" user="Sasha_SH" uid="4988915">
  <nd ref="2443812601"/>
  <nd ref="2443812599"/>
  <nd ref="2443812597"/>
  <nd ref="4969703917"/>
  <nd ref="4969703916"/>
  <nd ref="5742418725"/>
  <nd ref="5292898177"/>
  <nd ref="6413054091"/>
  <nd ref="6413054092"/>
  <nd ref="5742418727"/>
  <nd ref="5742418726"/>
  <nd ref="2443812601"/>
  <tag k="addr:city" v="Владивосток"/>
  <tag k="addr:country" v="RU"/>
  <tag k="addr:housenumber" v="30"/>
  <tag k="addr:postcode" v="690014"/>
  <tag k="addr:street" v="улица Гоголя"/>
  <tag k="building" v="yes"/>
  <tag k="building:levels" v="4"/>
 </way>
 <way id="245017755" visible="true" version="20" changeset="179474101" timestamp="2026-03-07T05:53:37Z" user="user_23858439" uid="23858439">
  <nd ref="844644521"/>
  <nd ref="420794842"/>
  <nd ref="5291121513"/>
  <nd ref="1217372199"/>
  <nd ref="5290992704"/>
  <nd ref="420794843"/>
  <nd ref="1823687996"/>
  <nd ref="4712923865"/>
  <nd ref="4712923866"/>
  <nd ref="653020831"/>
  <nd ref="393161946"/>
  <tag k="access" v="yes"/>
  <tag k="highway" v="trunk"/>
  <tag k="lanes" v="4"/>
  <tag k="lit" v="yes"/>
  <tag k="maxspeed" v="RU:urban"/>
  <tag k="name" v="улица Гоголя"/>
  <tag k="name:en" v="Gogol Street"/>
  <tag k="name:etymology:wikidata" v="Q43718"/>
  <tag k="name:ru" v="улица Гоголя"/>
  <tag k="name:zh" v="果戈里街"/>
  <tag k="oneway" v="yes"/>
  <tag k="smoothness" v="good"/>
  <tag k="surface" v="asphalt"/>
 </way>
 <way id="245780746" visible="true" version="2" changeset="60450628" timestamp="2018-07-06T00:41:51Z" user="Sasha_SH" uid="4988915">
  <nd ref="2529071328"/>
  <nd ref="2529071334"/>
  <nd ref="2529071331"/>
  <nd ref="2529071327"/>
  <nd ref="2529071328"/>
  <tag k="building" v="yes"/>
  <tag k="building:levels" v="2"/>
  <tag k="source" v="Bing"/>
 </way>
 <way id="320898287" visible="true" version="6" changeset="56340267" timestamp="2018-02-14T03:01:42Z" user="Sasha_SH" uid="4988915">
  <nd ref="3275687064"/>
  <nd ref="5021150476"/>
  <nd ref="3275687065"/>
  <nd ref="5023361740"/>
  <nd ref="4891253221"/>
  <nd ref="3275687066"/>
  <nd ref="3275687064"/>
  <tag k="access" v="customers"/>
  <tag k="amenity" v="parking"/>
  <tag k="fee" v="no"/>
  <tag k="parking" v="surface"/>
 </way>
 <way id="320898288" visible="true" version="4" changeset="80906502" timestamp="2020-02-12T13:11:03Z" user="Seebärius" uid="10566431">
  <nd ref="3275687068"/>
  <nd ref="5411288528"/>
  <nd ref="5411288529"/>
  <nd ref="5411288530"/>
  <nd ref="5742367072"/>
  <nd ref="5411288531"/>
  <nd ref="5742367073"/>
  <nd ref="5742367077"/>
  <nd ref="5742367076"/>
  <nd ref="5742367075"/>
  <nd ref="5742367074"/>
  <nd ref="5742367078"/>
  <nd ref="5411288532"/>
  <nd ref="5742367071"/>
  <nd ref="5742367070"/>
  <nd ref="5742367065"/>
  <nd ref="5742367066"/>
  <nd ref="5742367069"/>
  <nd ref="5742367068"/>
  <nd ref="5742367067"/>
  <nd ref="5411288533"/>
  <nd ref="5411288534"/>
  <nd ref="5411288535"/>
  <nd ref="5411288536"/>
  <nd ref="5411288537"/>
  <nd ref="5411288538"/>
  <nd ref="5411288539"/>
  <nd ref="5411288540"/>
  <nd ref="5411288541"/>
  <nd ref="5411288542"/>
  <nd ref="5411288543"/>
  <nd ref="5411288544"/>
  <nd ref="5411288545"/>
  <nd ref="5411288546"/>
  <nd ref="5411288527"/>
  <nd ref="5411288547"/>
  <nd ref="5411288548"/>
  <nd ref="5411288549"/>
  <nd ref="5411288550"/>
  <nd ref="5411288551"/>
  <nd ref="5411288552"/>
  <nd ref="5411288553"/>
  <nd ref="5411288554"/>
  <nd ref="5411288555"/>
  <nd ref="5411288556"/>
  <nd ref="5411288557"/>
  <nd ref="5411288558"/>
  <nd ref="5411288559"/>
  <nd ref="5411288560"/>
  <nd ref="5411288561"/>
  <nd ref="5411288562"/>
  <nd ref="5411288563"/>
  <nd ref="5411288564"/>
  <nd ref="5411288565"/>
  <nd ref="5411288566"/>
  <nd ref="5411288567"/>
  <nd ref="3275687069"/>
  <nd ref="5411288524"/>
  <nd ref="5411288523"/>
  <nd ref="3275687070"/>
  <nd ref="3275687071"/>
  <nd ref="5411288525"/>
  <nd ref="5411288526"/>
  <nd ref="3275687068"/>
  <tag k="barrier" v="fence"/>
  <tag k="leisure" v="park"/>
  <tag k="natural" v="wood"/>
 </way>
 <way id="320898289" visible="true" version="13" changeset="136444650" timestamp="2023-05-23T08:30:13Z" user="pxrdsg" uid="396341">
  <nd ref="3275687072"/>
  <nd ref="4712923883"/>
  <nd ref="4712923884"/>
  <nd ref="5019456210"/>
  <nd ref="4712923885"/>
  <nd ref="3275687073"/>
  <nd ref="5748130400"/>
  <nd ref="5748130401"/>
  <nd ref="5748130402"/>
  <nd ref="4712923897"/>
  <nd ref="3275687074"/>
  <nd ref="4712923898"/>
  <nd ref="5748195472"/>
  <nd ref="5021094933"/>
  <nd ref="5021094932"/>
  <nd ref="5021094931"/>
  <nd ref="3275687076"/>
  <nd ref="5023200883"/>
  <nd ref="3353433909"/>
  <nd ref="5748195422"/>
  <nd ref="5748193715"/>
  <nd ref="4712923091"/>
  <nd ref="3275687078"/>
  <nd ref="4712923092"/>
  <nd ref="6615790991"/>
  <nd ref="5023200828"/>
  <nd ref="5023200865"/>
  <nd ref="5023200864"/>
  <nd ref="5023200863"/>
  <nd ref="5411233665"/>
  <nd ref="4712923089"/>
  <tag k="footway" v="sidewalk"/>
  <tag k="highway" v="footway"/>
  <tag k="surface" v="asphalt"/>
 </way>
 <way id="320898292" visible="true" version="7" changeset="81577230" timestamp="2020-02-28T06:59:28Z" user="kashcheeva" uid="3808237">
  <nd ref="3275687086"/>
  <nd ref="4891253207"/>
  <nd ref="3275687087"/>
  <nd ref="5411233667"/>
  <nd ref="5411233666"/>
  <nd ref="3275687088"/>
  <nd ref="3275687089"/>
  <nd ref="3275687090"/>
  <nd ref="5742367085"/>
  <nd ref="3275687086"/>
  <tag k="amenity" v="parking"/>
  <tag k="barrier" v="fence"/>
  <tag k="parking" v="surface"/>
 </way>
 <way id="330254504" visible="true" version="16" changeset="179474101" timestamp="2026-03-07T05:53:37Z" user="user_23858439" uid="23858439">
  <nd ref="2346823643"/>
  <nd ref="2346823645"/>
  <nd ref="4712924170"/>
  <nd ref="4712934760"/>
  <nd ref="1508164995"/>
  <nd ref="5748195477"/>
  <nd ref="5127620963"/>
  <nd ref="279211637"/>
  <nd ref="4712934936"/>
  <nd ref="6413054111"/>
  <nd ref="3275687067"/>
  <nd ref="752186184"/>
  <nd ref="4712934971"/>
  <nd ref="844644528"/>
  <nd ref="4712934988"/>
  <nd ref="5127620927"/>
  <nd ref="1877236637"/>
  <nd ref="4819723043"/>
  <nd ref="4712935010"/>
  <nd ref="3275642490"/>
  <nd ref="2620619681"/>
  <nd ref="6413542873"/>
  <nd ref="4712935083"/>
  <nd ref="1877236638"/>
  <nd ref="2079453174"/>
  <nd ref="5742800513"/>
  <nd ref="4712935559"/>
  <nd ref="4712924168"/>
  <nd ref="615091417"/>
  <tag k="access" v="yes"/>
  <tag k="highway" v="trunk"/>
  <tag k="lanes" v="3"/>
  <tag k="lit" v="yes"/>
  <tag k="maxspeed" v="RU:urban"/>
  <tag k="name" v="Некрасовская улица"/>
  <tag k="name:en" v="Nekrasovskaya Street"/>
  <tag k="name:ru" v="Некрасовская улица"/>
  <tag k="name:zh" v="涅克拉索夫斯基街"/>
  <tag k="oneway" v="yes"/>
  <tag k="source" v="yahoo imagery;survey"/>
  <tag k="surface" v="asphalt"/>
 </way>
 <way id="330254507" visible="true" version="10" changeset="179474101" timestamp="2026-03-07T05:53:37Z" user="user_23858439" uid="23858439">
  <nd ref="1884712424"/>
  <nd ref="3372091429"/>
  <nd ref="3372091431"/>
  <nd ref="2346825560"/>
  <nd ref="2346825563"/>
  <nd ref="3372091434"/>
  <nd ref="1884712426"/>
  <nd ref="3372091430"/>
  <nd ref="3372091426"/>
  <nd ref="3372091424"/>
  <nd ref="1809515347"/>
  <tag k="access" v="yes"/>
  <tag k="highway" v="trunk_link"/>
  <tag k="lanes" v="1"/>
  <tag k="maxspeed" v="RU:urban"/>
  <tag k="oneway" v="yes"/>
  <tag k="surface" v="asphalt"/>
 </way>
 <way id="330254514" visible="true" version="11" changeset="179474101" timestamp="2026-03-07T05:53:37Z" user="user_23858439" uid="23858439">
  <nd ref="393161946"/>
  <nd ref="441707663"/>
  <nd ref="1737160594"/>
  <tag k="access" v="yes"/>
  <tag k="highway" v="trunk"/>
  <tag k="lanes" v="3"/>
  <tag k="lit" v="yes"/>
  <tag k="maxspeed" v="RU:urban"/>
  <tag k="name" v="улица Гоголя"/>
  <tag k="name:en" v="Gogol Street"/>
  <tag k="name:etymology:wikidata" v="Q43718"/>
  <tag k="name:ru" v="улица Гоголя"/>
  <tag k="name:zh" v="果戈里街"/>
  <tag k="oneway" v="yes"/>
  <tag k="smoothness" v="good"/>
  <tag k="surface" v="asphalt"/>
 </way>
 <way id="382468182" visible="true" version="1" changeset="35551931" timestamp="2015-11-24T14:42:23Z" user="trolleway" uid="397326">
  <nd ref="3856676769"/>
  <nd ref="3856676766"/>
  <nd ref="3856676776"/>
  <nd ref="3856676852"/>
  <nd ref="3856676876"/>
  <nd ref="3856676969"/>
  <nd ref="3856676957"/>
  <nd ref="3856676908"/>
  <nd ref="3856676891"/>
  <nd ref="3856676851"/>
  <nd ref="3856676769"/>
  <tag k="landuse" v="residential"/>
  <tag k="residential" v="urban"/>
  <tag k="source" v="highway buffers"/>
 </way>
 <way id="382468184" visible="true" version="3" changeset="74560812" timestamp="2019-09-17T07:04:23Z" user="Vasiljeva" uid="10050069">
  <nd ref="3856672651"/>
  <nd ref="3856672634"/>
  <nd ref="3856672604"/>
  <nd ref="3856676726"/>
  <nd ref="6801336000"/>
  <nd ref="6615790179"/>
  <nd ref="3856676668"/>
  <nd ref="3856676671"/>
  <nd ref="3856676676"/>
  <nd ref="3856672615"/>
  <nd ref="3856672630"/>
  <nd ref="3856672635"/>
  <nd ref="3856672651"/>
  <tag k="landuse" v="residential"/>
  <tag k="residential" v="rural"/>
  <tag k="source" v="highway buffers"/>
 </way>
 <way id="382468185" visible="true" version="1" changeset="35551931" timestamp="2015-11-24T14:42:24Z" user="trolleway" uid="397326">
  <nd ref="3856676900"/>
  <nd ref="3856676919"/>
  <nd ref="3856676967"/>
  <nd ref="3856676975"/>
  <nd ref="3856677100"/>
  <nd ref="3856677084"/>
  <nd ref="3856677064"/>
  <nd ref="3856677060"/>
  <nd ref="3856676982"/>
  <nd ref="3856676939"/>
  <nd ref="3856676900"/>
  <tag k="landuse" v="residential"/>
  <tag k="residential" v="urban"/>
  <tag k="source" v="highway buffers"/>
 </way>
 <way id="382468213" visible="true" version="5" changeset="110491274" timestamp="2021-08-31T05:49:31Z" user="KhoraKavat" uid="11346447">
  <nd ref="3856672606"/>
  <nd ref="3856672617"/>
  <nd ref="3856672648"/>
  <nd ref="9049857297"/>
  <nd ref="3856676803"/>
  <nd ref="3856676833"/>
  <nd ref="3856676844"/>
  <nd ref="3856676906"/>
  <nd ref="4712923885"/>
  <nd ref="3856676885"/>
  <nd ref="3856676862"/>
  <nd ref="3856676857"/>
  <nd ref="3856676813"/>
  <nd ref="3856676775"/>
  <nd ref="5121126114"/>
  <nd ref="5121126115"/>
  <nd ref="5121126116"/>
  <nd ref="3856672619"/>
  <nd ref="3856672611"/>
  <nd ref="3856672606"/>
  <tag k="landuse" v="residential"/>
  <tag k="residential" v="urban"/>
  <tag k="source" v="highway buffers"/>
 </way>
 <way id="382468219" visible="true" version="6" changeset="74601947" timestamp="2019-09-18T00:23:30Z" user="Vasiljeva" uid="10050069">
  <nd ref="3856676663"/>
  <nd ref="3856676666"/>
  <nd ref="5127546457"/>
  <nd ref="5127546456"/>
  <nd ref="3856676705"/>
  <nd ref="3856676723"/>
  <nd ref="3856672608"/>
  <nd ref="6615790180"/>
  <nd ref="3856672655"/>
  <nd ref="6615790986"/>
  <nd ref="3856676841"/>
  <nd ref="5023200882"/>
  <nd ref="3856676823"/>
  <nd ref="3856676790"/>
  <nd ref="3856672640"/>
  <nd ref="3856672614"/>
  <nd ref="6804331258"/>
  <nd ref="3856676725"/>
  <nd ref="3856676694"/>
  <nd ref="6615790170"/>
  <nd ref="3856676679"/>
  <nd ref="3856676670"/>
  <nd ref="3856676665"/>
  <nd ref="3856676663"/>
  <tag k="landuse" v="residential"/>
  <tag k="residential" v="rural"/>
  <tag k="source" v="highway buffers"/>
 </way>
 <way id="382468258" visible="true" version="8" changeset="137504163" timestamp="2023-06-19T07:20:27Z" user="KhoraKavat" uid="11346447">
  <nd ref="3856676878"/>
  <nd ref="3856676886"/>
  <nd ref="6615790995"/>
  <nd ref="3856676915"/>
  <nd ref="3856676933"/>
  <nd ref="3856677086"/>
  <nd ref="3856677132"/>
  <nd ref="3856677171"/>
  <nd ref="3856676466"/>
  <nd ref="3856676518"/>
  <nd ref="3856676522"/>
  <nd ref="3856676524"/>
  <nd ref="3856676520"/>
  <nd ref="10988928459"/>
  <nd ref="3856676490"/>
  <nd ref="6615791007"/>
  <nd ref="3856676475"/>
  <nd ref="3856676942"/>
  <nd ref="4877497599"/>
  <nd ref="3856676998"/>
  <nd ref="5255044810"/>
  <nd ref="3856677090"/>
  <nd ref="3856677116"/>
  <nd ref="3856677138"/>
  <nd ref="9049857286"/>
  <nd ref="3856676122"/>
  <nd ref="3856676138"/>
  <nd ref="3856677129"/>
  <nd ref="3856677110"/>
  <nd ref="3856676993"/>
  <nd ref="3856676966"/>
  <nd ref="3856676931"/>
  <nd ref="3856676904"/>
  <nd ref="3856676845"/>
  <nd ref="3856676821"/>
  <nd ref="4923028837"/>
  <nd ref="3856676767"/>
  <nd ref="3856676757"/>
  <nd ref="3856672654"/>
  <nd ref="3856672646"/>
  <nd ref="6615790992"/>
  <nd ref="6615790993"/>
  <nd ref="6615790994"/>
  <nd ref="3856676765"/>
  <nd ref="3856676787"/>
  <nd ref="3856676817"/>
  <nd ref="3856676849"/>
  <nd ref="3856676863"/>
  <nd ref="3856676873"/>
  <nd ref="3856676878"/>
  <tag k="landuse" v="residential"/>
  <tag k="residential" v="urban"/>
  <tag k="source" v="highway buffers"/>
 </way>
 <way id="382468295" visible="true" version="2" changeset="90564566" timestamp="2020-09-08T06:34:20Z" user="Natalia18" uid="3429710">
  <nd ref="3856676972"/>
  <nd ref="3856676920"/>
  <nd ref="3856676946"/>
  <nd ref="3856676945"/>
  <nd ref="7886178253"/>
  <nd ref="3856676952"/>
  <nd ref="3856677062"/>
  <nd ref="3856676972"/>
  <tag k="landuse" v="residential"/>
  <tag k="residential" v="urban"/>
  <tag k="source" v="highway buffers"/>
 </way>
 <way id="462448569" visible="true" version="3" changeset="69328551" timestamp="2019-04-18T02:59:07Z" user="Sasha_SH" uid="4988915">
  <nd ref="6413054094"/>
  <nd ref="4578484453"/>
  <nd ref="4578483764"/>
  <nd ref="6413054093"/>
  <nd ref="6413054094"/>
  <tag k="building" v="garage"/>
 </way>
 <way id="462448604" visible="true" version="3" changeset="60450628" timestamp="2018-07-06T00:41:52Z" user="Sasha_SH" uid="4988915">
  <nd ref="4578484925"/>
  <nd ref="4650957909"/>
  <nd ref="4578483658"/>
  <nd ref="4578481370"/>
  <nd ref="4578484925"/>
  <tag k="building" v="garages"/>
 </way>
 <way id="462448817" visible="true" version="1" changeset="44745574" timestamp="2016-12-29T02:21:55Z" user="map-vl-ru" uid="4910177">
  <nd ref="4578483068"/>
  <nd ref="4578484960"/>
  <nd ref="4578484384"/>
  <nd ref="4578483693"/>
  <nd ref="4578483068"/>
  <tag k="addr:housenumber" v="26"/>
  <tag k="addr:street" v="улица Гаршина"/>
  <tag k="building" v="detached"/>
 </way>
 <way id="462448847" visible="true" version="8" changeset="81657486" timestamp="2020-03-02T01:22:08Z" user="kashcheeva" uid="3808237">
  <nd ref="4578484682"/>
  <nd ref="5344222857"/>
  <nd ref="5344222856"/>
  <nd ref="5344222852"/>
  <nd ref="4578483288"/>
  <nd ref="4578482106"/>
  <nd ref="5742367168"/>
  <nd ref="4578485010"/>
  <nd ref="5344222867"/>
  <nd ref="7256865399"/>
  <nd ref="4578484432"/>
  <nd ref="7256865398"/>
  <nd ref="5344222866"/>
  <nd ref="5344222865"/>
  <nd ref="5344222864"/>
  <nd ref="5344222863"/>
  <nd ref="5344222862"/>
  <nd ref="4578482840"/>
  <nd ref="5344222861"/>
  <nd ref="5344222860"/>
  <nd ref="5344222859"/>
  <nd ref="5344222858"/>
  <nd ref="4578484682"/>
  <tag k="addr:city" v="Владивосток"/>
  <tag k="addr:housenumber" v="25"/>
  <tag k="addr:street" v="улица Грибоедова"/>
  <tag k="building" v="detached"/>
  <tag k="building:levels" v="1"/>
 </way>
 <way id="462448937" visible="true" version="4" changeset="92200094" timestamp="2020-10-09T01:09:51Z" user="Natalia18" uid="3429710">
  <nd ref="4578481398"/>
  <nd ref="4578484703"/>
  <nd ref="4578484118"/>
  <nd ref="4578482127"/>
  <nd ref="4578481398"/>
  <tag k="building" v="yes"/>
  <tag k="building:levels" v="1"/>
 </way>
 <way id="462448979" visible="true" version="1" changeset="44745574" timestamp="2016-12-29T02:22:06Z" user="map-vl-ru" uid="4910177">
  <nd ref="4578483550"/>
  <nd ref="4578482169"/>
  <nd ref="4578485071"/>
  <nd ref="4578483880"/>
  <nd ref="4578483550"/>
  <tag k="building" v="yes"/>
 </way>
 <way id="462449139" visible="true" version="2" changeset="60428688" timestamp="2018-07-05T08:20:21Z" user="Sasha_SH" uid="4988915">
  <nd ref="4578484601"/>
  <nd ref="4578483915"/>
  <nd ref="4578483036"/>
  <nd ref="4578484926"/>
  <nd ref="4578484601"/>
  <tag k="building" v="construction"/>
  <tag k="building:levels" v="1"/>
 </way>
 <way id="471301987" visible="true" version="2" changeset="60450628" timestamp="2018-07-06T00:41:52Z" user="Sasha_SH" uid="4988915">
  <nd ref="4650954947"/>
  <nd ref="4650954948"/>
  <nd ref="4650954949"/>
  <nd ref="4650954950"/>
  <nd ref="4650954947"/>
  <tag k="building" v="garage"/>
 </way>
 <way id="471302123" visible="true" version="2" changeset="46515225" timestamp="2017-03-02T08:48:58Z" user="Hrs_365" uid="3464009">
  <nd ref="4650956826"/>
  <nd ref="4712922467"/>
  <nd ref="4650956827"/>
  <nd ref="4650956828"/>
  <nd ref="4712922466"/>
  <nd ref="4650956829"/>
  <nd ref="4650956826"/>
  <tag k="building" v="yes"/>
 </way>
 <way id="471302236" visible="true" version="3" changeset="60450628" timestamp="2018-07-06T00:41:53Z" user="Sasha_SH" uid="4988915">
  <nd ref="4650957907"/>
  <nd ref="4650957908"/>
  <nd ref="4650957909"/>
  <nd ref="4578484925"/>
  <nd ref="4650957910"/>
  <nd ref="4650957907"/>
  <tag k="building" v="garages"/>
 </way>
 <way id="471302361" visible="true" version="4" changeset="60522356" timestamp="2018-07-09T03:07:02Z" user="Sasha_SH" uid="4988915">
  <nd ref="4650958979"/>
  <nd ref="5748195466"/>
  <nd ref="4650958980"/>
  <nd ref="4650956826"/>
  <nd ref="4650956829"/>
  <nd ref="4650958981"/>
  <nd ref="4650959067"/>
  <nd ref="4650958979"/>
  <tag k="addr:housenumber" v="50А"/>
  <tag k="addr:street" v="Некрасовская улица"/>
  <tag k="building" v="yes"/>
  <tag k="building:levels" v="1"/>
 </way>
 <way id="471302932" visible="true" version="4" changeset="69296285" timestamp="2019-04-17T06:26:18Z" user="Sasha_SH" uid="4988915">
  <nd ref="5742367140"/>
  <nd ref="4650970729"/>
  <nd ref="1176228102"/>
  <nd ref="5742367139"/>
  <nd ref="5742367140"/>
  <tag k="building" v="garage"/>
 </way>
 <way id="478023845" visible="true" version="3" changeset="60450628" timestamp="2018-07-06T00:41:53Z" user="Sasha_SH" uid="4988915">
  <nd ref="1176253912"/>
  <nd ref="1176253903"/>
  <nd ref="1176253910"/>
  <nd ref="1176253898"/>
  <nd ref="1176253912"/>
  <tag k="addr:city" v="Владивосток"/>
  <tag k="addr:country" v="RU"/>
  <tag k="addr:housenumber" v="50/52"/>
  <tag k="addr:street" v="Некрасовская улица"/>
  <tag k="building" v="yes"/>
  <tag k="building:levels" v="1"/>
 </way>
 <way id="478024018" visible="true" version="1" changeset="46515090" timestamp="2017-03-02T08:04:38Z" user="Hrs_365" uid="3464009">
  <nd ref="4712922467"/>
  <nd ref="4712922466"/>
  <tag k="highway" v="service"/>
  <tag k="surface" v="paved"/>
  <tag k="tunnel" v="building_passage"/>
 </way>
 <way id="478024019" visible="true" version="1" changeset="46515090" timestamp="2017-03-02T08:04:38Z" user="Hrs_365" uid="3464009">
  <nd ref="4712922466"/>
  <nd ref="4712934947"/>
  <nd ref="4712934970"/>
  <tag k="highway" v="service"/>
  <tag k="surface" v="paved"/>
 </way>
 <way id="478024389" visible="true" version="9" changeset="163472164" timestamp="2025-03-11T07:27:26Z" user="Александр Синявский" uid="3798127">
  <nd ref="12651793724"/>
  <nd ref="4712934376"/>
  <nd ref="4712934307"/>
  <nd ref="4712934270"/>
  <nd ref="4712934218"/>
  <nd ref="6410907974"/>
  <nd ref="4712934204"/>
  <nd ref="5293175720"/>
  <nd ref="4712934145"/>
  <nd ref="4712934063"/>
  <nd ref="4712924118"/>
  <nd ref="4712933909"/>
  <nd ref="4712933854"/>
  <nd ref="6411000908"/>
  <nd ref="4712923096"/>
  <nd ref="4712923095"/>
  <nd ref="6410995573"/>
  <nd ref="6630301973"/>
  <nd ref="6751548137"/>
  <nd ref="4712933153"/>
  <nd ref="1468857041"/>
  <tag k="highway" v="footway"/>
  <tag k="surface" v="asphalt"/>
 </way>
 <way id="478024417" visible="true" version="3" changeset="56338985" timestamp="2018-02-14T01:33:06Z" user="Sasha_SH" uid="4988915">
  <nd ref="4712934966"/>
  <nd ref="5023361921"/>
  <nd ref="5411288601"/>
  <nd ref="5023361925"/>
  <tag k="highway" v="footway"/>
 </way>
 <way id="478024437" visible="true" version="4" changeset="50959532" timestamp="2017-08-09T04:19:32Z" user="Sasha_SH" uid="4988915">
  <nd ref="5023361930"/>
  <nd ref="5023361925"/>
  <nd ref="5023361926"/>
  <nd ref="4712934944"/>
  <nd ref="5023361927"/>
  <nd ref="5023361932"/>
  <nd ref="5023361928"/>
  <nd ref="5023361922"/>
  <nd ref="5023361931"/>
  <nd ref="5023361923"/>
  <nd ref="5023361929"/>
  <nd ref="5023361924"/>
  <nd ref="5023361930"/>
  <tag k="highway" v="footway"/>
 </way>
 <way id="478024685" visible="true" version="5" changeset="124217026" timestamp="2022-07-29T07:53:04Z" user="pxrdsg" uid="396341">
  <nd ref="4712934613"/>
  <nd ref="4712934620"/>
  <nd ref="4712934639"/>
  <nd ref="5292898145"/>
  <nd ref="4712934659"/>
  <nd ref="4712934676"/>
  <nd ref="5742418792"/>
  <nd ref="6413054142"/>
  <nd ref="4712934777"/>
  <tag k="highway" v="service"/>
  <tag k="surface" v="asphalt"/>
 </way>
 <way id="478024743" visible="true" version="6" changeset="60522356" timestamp="2018-07-09T03:07:03Z" user="Sasha_SH" uid="4988915">
  <nd ref="4712934921"/>
  <nd ref="3353433909"/>
  <nd ref="4712934949"/>
  <nd ref="5021094942"/>
  <nd ref="4712935023"/>
  <nd ref="4712935039"/>
  <nd ref="4712935057"/>
  <tag k="highway" v="service"/>
  <tag k="surface" v="paved"/>
 </way>
 <way id="478024761" visible="true" version="5" changeset="60522950" timestamp="2018-07-09T03:59:06Z" user="Sasha_SH" uid="4988915">
  <nd ref="5023200878"/>
  <nd ref="5023200879"/>
  <nd ref="4712935021"/>
  <nd ref="4712935006"/>
  <nd ref="4712934989"/>
  <nd ref="4712934980"/>
  <nd ref="5023200880"/>
  <nd ref="5748282121"/>
  <nd ref="5023200884"/>
  <nd ref="4712934922"/>
  <tag k="highway" v="service"/>
  <tag k="surface" v="unpaved"/>
 </way>
 <way id="478024774" visible="true" version="6" changeset="74934543" timestamp="2019-09-26T02:52:09Z" user="Vasiljeva" uid="10050069">
  <nd ref="4712934287"/>
  <nd ref="4712934288"/>
  <nd ref="6410907971"/>
  <nd ref="4712934290"/>
  <nd ref="4712934301"/>
  <nd ref="5629949175"/>
  <nd ref="4712934372"/>
  <nd ref="5293175734"/>
  <nd ref="5127746713"/>
  <nd ref="5127746712"/>
  <nd ref="5127746714"/>
  <nd ref="4712934366"/>
  <nd ref="5293175740"/>
  <nd ref="4712934295"/>
  <tag k="highway" v="service"/>
  <tag k="surface" v="paved"/>
 </way>
 <way id="478025337" visible="true" version="3" changeset="69296285" timestamp="2019-04-17T06:26:18Z" user="Sasha_SH" uid="4988915">
  <nd ref="4712934529"/>
  <nd ref="6410908006"/>
  <nd ref="6410908010"/>
  <nd ref="6410908007"/>
  <nd ref="6410908009"/>
  <nd ref="6410908011"/>
  <nd ref="6410908008"/>
  <nd ref="4712934518"/>
  <tag k="highway" v="footway"/>
 </way>
 <way id="478025480" visible="true" version="1" changeset="46515090" timestamp="2017-03-02T08:05:52Z" user="Hrs_365" uid="3464009">
  <nd ref="4712934970"/>
  <nd ref="4712934966"/>
  <tag k="highway" v="steps"/>
 </way>
 <way id="478025488" visible="true" version="1" changeset="46515090" timestamp="2017-03-02T08:05:52Z" user="Hrs_365" uid="3464009">
  <nd ref="4712934518"/>
  <nd ref="4712934496"/>
  <tag k="highway" v="steps"/>
 </way>
 <way id="478025756" visible="true" version="11" changeset="181829630" timestamp="2026-04-26T04:21:27Z" user="user_24008233" uid="24008233">
  <nd ref="5292898127"/>
  <nd ref="4712934330"/>
  <nd ref="4712934361"/>
  <nd ref="5292898129"/>
  <nd ref="4712923830"/>
  <nd ref="393161946"/>
  <tag k="highway" v="service"/>
  <tag k="name" v="улица Крылова"/>
  <tag k="name:zh" v="克雷洛夫街"/>
  <tag k="surface" v="asphalt"/>
 </way>
 <way id="478025851" visible="true" version="2" changeset="54751658" timestamp="2017-12-19T08:08:29Z" user="Sasha_SH" uid="4988915">
  <nd ref="4712934295"/>
  <nd ref="5293175733"/>
  <nd ref="5293175728"/>
  <nd ref="4712934229"/>
  <nd ref="5293175723"/>
  <nd ref="5293175722"/>
  <nd ref="4712934236"/>
  <nd ref="4712934301"/>
  <tag k="highway" v="service"/>
  <tag k="surface" v="paved"/>
 </way>
 <way id="478025945" visible="true" version="10" changeset="111949726" timestamp="2021-10-01T07:50:00Z" user="pxrdsg" uid="396341">
  <nd ref="4712934936"/>
  <nd ref="5023361745"/>
  <nd ref="6413053876"/>
  <nd ref="4712934906"/>
  <nd ref="4712934891"/>
  <nd ref="5411233640"/>
  <nd ref="4712934881"/>
  <nd ref="5742367167"/>
  <nd ref="5023361748"/>
  <nd ref="5023361747"/>
  <nd ref="5127620965"/>
  <nd ref="5127620964"/>
  <nd ref="5748195476"/>
  <nd ref="5748195474"/>
  <nd ref="5748195475"/>
  <nd ref="5742367166"/>
  <nd ref="5748195478"/>
  <nd ref="5748195473"/>
  <nd ref="5748195477"/>
  <tag k="highway" v="service"/>
  <tag k="surface" v="asphalt"/>
 </way>
 <way id="478026105" visible="true" version="7" changeset="111949726" timestamp="2021-10-01T07:49:52Z" user="pxrdsg" uid="396341">
  <nd ref="4712934971"/>
  <nd ref="6413053854"/>
  <nd ref="4712934911"/>
  <nd ref="6413053853"/>
  <nd ref="6413053852"/>
  <nd ref="4712934874"/>
  <nd ref="5411360995"/>
  <tag k="highway" v="service"/>
  <tag k="surface" v="asphalt"/>
 </way>
 <way id="478026106" visible="true" version="5" changeset="69328551" timestamp="2019-04-18T02:59:08Z" user="Sasha_SH" uid="4988915">
  <nd ref="6413054112"/>
  <nd ref="4712934950"/>
  <nd ref="5127746701"/>
  <nd ref="5127620927"/>
  <tag k="highway" v="service"/>
  <tag k="surface" v="unpaved"/>
 </way>
 <way id="478026278" visible="true" version="8" changeset="136444650" timestamp="2023-05-23T08:29:50Z" user="pxrdsg" uid="396341">
  <nd ref="4712935556"/>
  <nd ref="5021150444"/>
  <nd ref="4712935233"/>
  <nd ref="4712935204"/>
  <nd ref="4712935081"/>
  <nd ref="4712935062"/>
  <nd ref="4712935047"/>
  <nd ref="4712935026"/>
  <nd ref="4712923895"/>
  <nd ref="4712923890"/>
  <nd ref="4819723042"/>
  <nd ref="5748132263"/>
  <nd ref="4712923889"/>
  <nd ref="5023361819"/>
  <nd ref="5748132261"/>
  <nd ref="4712923888"/>
  <nd ref="5748132264"/>
  <nd ref="5023361820"/>
  <nd ref="4712923887"/>
  <nd ref="4712923886"/>
  <tag k="footway" v="sidewalk"/>
  <tag k="highway" v="footway"/>
  <tag k="surface" v="asphalt"/>
 </way>
 <way id="478026366" visible="true" version="3" changeset="131888129" timestamp="2023-01-30T16:23:42Z" user="Vas111" uid="16951803">
  <nd ref="4712934558"/>
  <nd ref="10594453246"/>
  <nd ref="4712934612"/>
  <nd ref="4712934653"/>
  <nd ref="6758893337"/>
  <nd ref="4712934679"/>
  <tag k="highway" v="footway"/>
 </way>
 <way id="478026479" visible="true" version="6" changeset="119221772" timestamp="2022-04-02T01:35:34Z" user="pxrdsg" uid="396341">
  <nd ref="5629949175"/>
  <nd ref="5421415677"/>
  <tag k="handrail" v="no"/>
  <tag k="highway" v="steps"/>
  <tag k="ramp" v="no"/>
 </way>
 <way id="478026504" visible="true" version="1" changeset="46515090" timestamp="2017-03-02T08:06:44Z" user="Hrs_365" uid="3464009">
  <nd ref="4712934947"/>
  <nd ref="4712934945"/>
  <tag k="highway" v="steps"/>
 </way>
 <way id="478026769" visible="true" version="8" changeset="140361872" timestamp="2023-08-25T09:27:12Z" user="NorthCrab" uid="15215305">
  <nd ref="4712934139"/>
  <nd ref="4712944419"/>
  <nd ref="5127670428"/>
  <nd ref="5127670429"/>
  <nd ref="5127670430"/>
  <nd ref="5127670431"/>
  <nd ref="5293175699"/>
  <nd ref="5127670432"/>
  <nd ref="7256865393"/>
  <nd ref="7256849081"/>
  <nd ref="5127670433"/>
  <nd ref="5127670434"/>
  <nd ref="5127670435"/>
  <nd ref="4712934093"/>
  <nd ref="6415558206"/>
  <nd ref="4712934120"/>
  <nd ref="4712934139"/>
  <nd ref="4712934160"/>
  <nd ref="4712934174"/>
  <nd ref="5293175700"/>
  <nd ref="4712934194"/>
  <nd ref="4712934203"/>
  <nd ref="4712934214"/>
  <nd ref="4712934244"/>
  <nd ref="5769560399"/>
  <nd ref="4712934287"/>
  <nd ref="4712934307"/>
  <nd ref="441707663"/>
  <tag k="highway" v="service"/>
  <tag k="name" v="улица Грибоедова"/>
  <tag k="surface" v="paved"/>
 </way>
 <way id="478026774" visible="true" version="4" changeset="124030677" timestamp="2022-07-25T04:18:15Z" user="pxrdsg" uid="396341">
  <nd ref="4712934580"/>
  <nd ref="4712934605"/>
  <nd ref="5292898149"/>
  <nd ref="5292898150"/>
  <nd ref="5292898148"/>
  <nd ref="4712934613"/>
  <nd ref="4712934626"/>
  <nd ref="4712934640"/>
  <nd ref="4712934730"/>
  <tag k="highway" v="service"/>
  <tag k="surface" v="asphalt"/>
 </way>
 <way id="478026795" visible="true" version="2" changeset="60450628" timestamp="2018-07-06T00:41:54Z" user="Sasha_SH" uid="4988915">
  <nd ref="4712934529"/>
  <nd ref="4712934582"/>
  <nd ref="4712934597"/>
  <nd ref="4712934608"/>
  <nd ref="4712934627"/>
  <nd ref="4712934645"/>
  <tag k="highway" v="service"/>
  <tag k="surface" v="unpaved"/>
 </way>
 <way id="478026847" visible="true" version="18" changeset="185788486" timestamp="2026-07-15T14:40:30Z" user="user_24286090" uid="24286090">
  <nd ref="4712935492"/>
  <nd ref="5121123599"/>
  <nd ref="4712935541"/>
  <nd ref="5021689721"/>
  <nd ref="5021689722"/>
  <nd ref="4712935537"/>
  <nd ref="4712935527"/>
  <nd ref="4712935529"/>
  <nd ref="4712935554"/>
  <nd ref="4712935794"/>
  <nd ref="4712935810"/>
  <nd ref="5023361818"/>
  <nd ref="4712935819"/>
  <nd ref="5748402625"/>
  <nd ref="4712935822"/>
  <nd ref="4712924264"/>
  <nd ref="5019456921"/>
  <nd ref="5411288522"/>
  <nd ref="4712935815"/>
  <nd ref="5411288521"/>
  <nd ref="4712935805"/>
  <nd ref="4712935792"/>
  <nd ref="5748402600"/>
  <nd ref="4712935553"/>
  <nd ref="4712935518"/>
  <nd ref="7361997419"/>
  <nd ref="4712935272"/>
  <nd ref="4712935227"/>
  <nd ref="7361997414"/>
  <nd ref="5008486509"/>
  <nd ref="4712935037"/>
  <nd ref="5023361749"/>
  <nd ref="6413053864"/>
  <nd ref="4712934979"/>
  <nd ref="6744839571"/>
  <nd ref="752186184"/>
  <tag k="highway" v="unclassified"/>
  <tag k="oneway" v="no"/>
  <tag k="surface" v="asphalt"/>
 </way>
 <way id="478026928" visible="true" version="2" changeset="60450628" timestamp="2018-07-06T00:41:54Z" user="Sasha_SH" uid="4988915">
  <nd ref="4712934878"/>
  <nd ref="4712934901"/>
  <nd ref="5742367080"/>
  <nd ref="4712934910"/>
  <nd ref="5742367079"/>
  <nd ref="4712934913"/>
  <nd ref="4712934914"/>
  <nd ref="4712934917"/>
  <nd ref="4712934920"/>
  <nd ref="4712922467"/>
  <tag k="highway" v="service"/>
  <tag k="surface" v="paved"/>
 </way>
 <way id="478027340" visible="true" version="1" changeset="46515090" timestamp="2017-03-02T08:07:32Z" user="Hrs_365" uid="3464009">
  <nd ref="4712934419"/>
  <nd ref="4712924203"/>
  <nd ref="4712934558"/>
  <tag k="highway" v="footway"/>
 </way>
 <way id="478027341" visible="true" version="10" changeset="163472164" timestamp="2025-03-11T07:27:26Z" user="Александр Синявский" uid="3798127">
  <nd ref="12651793726"/>
  <nd ref="12651793725"/>
  <nd ref="6413054137"/>
  <nd ref="5293175753"/>
  <nd ref="4712934381"/>
  <nd ref="4712934338"/>
  <nd ref="5293175759"/>
  <nd ref="4712934316"/>
  <nd ref="4712934308"/>
  <nd ref="4712934286"/>
  <nd ref="4712934280"/>
  <nd ref="4712934282"/>
  <nd ref="7256849074"/>
  <nd ref="6615232566"/>
  <nd ref="4712934299"/>
  <nd ref="6615232565"/>
  <nd ref="5127620977"/>
  <nd ref="4712934474"/>
  <nd ref="4712934496"/>
  <nd ref="6615232564"/>
  <nd ref="4712934513"/>
  <nd ref="4712934528"/>
  <tag k="highway" v="footway"/>
 </way>
 <way id="478027825" visible="true" version="8" changeset="136444650" timestamp="2023-05-23T08:30:33Z" user="pxrdsg" uid="396341">
  <nd ref="4712935037"/>
  <nd ref="4712923885"/>
  <nd ref="4712935035"/>
  <nd ref="6615791016"/>
  <nd ref="5748195436"/>
  <nd ref="5748195437"/>
  <nd ref="5411233644"/>
  <nd ref="5748195438"/>
  <nd ref="4712935017"/>
  <nd ref="5748195439"/>
  <nd ref="5748195440"/>
  <nd ref="5411233645"/>
  <nd ref="4712934996"/>
  <nd ref="5021094936"/>
  <nd ref="5023361753"/>
  <nd ref="5748195467"/>
  <nd ref="5411233663"/>
  <nd ref="4712934986"/>
  <nd ref="4712934983"/>
  <nd ref="3275687073"/>
  <nd ref="5748132254"/>
  <nd ref="4712934979"/>
  <tag k="highway" v="service"/>
  <tag k="surface" v="asphalt"/>
 </way>
 <way id="478028036" visible="true" version="3" changeset="60522356" timestamp="2018-07-09T03:07:03Z" user="Sasha_SH" uid="4988915">
  <nd ref="4712934878"/>
  <nd ref="5748195463"/>
  <nd ref="5742367031"/>
  <nd ref="5021094931"/>
  <nd ref="2346837653"/>
  <tag k="highway" v="service"/>
  <tag k="surface" v="paved"/>
 </way>
 <way id="478028038" visible="true" version="8" changeset="131888129" timestamp="2023-01-30T16:23:42Z" user="Vas111" uid="16951803">
  <nd ref="2346823645"/>
  <nd ref="4712934679"/>
  <nd ref="5127620922"/>
  <nd ref="6410907970"/>
  <nd ref="5023201154"/>
  <nd ref="4712934763"/>
  <nd ref="5023201162"/>
  <nd ref="4712934774"/>
  <nd ref="4819722975"/>
  <nd ref="5330301107"/>
  <tag k="highway" v="service"/>
  <tag k="maxspeed" v="5"/>
  <tag k="surface" v="paved"/>
 </way>
 <way id="478028145" visible="true" version="11" changeset="181851651" timestamp="2026-04-26T15:43:02Z" user="user_24008233" uid="24008233">
  <nd ref="4712934936"/>
  <nd ref="6747499338"/>
  <nd ref="4712934919"/>
  <nd ref="4712934879"/>
  <nd ref="4712934719"/>
  <nd ref="5021150473"/>
  <nd ref="4712934580"/>
  <tag k="highway" v="unclassified"/>
  <tag k="lit" v="no"/>
  <tag k="name" v="улица Крылова"/>
  <tag k="name:zh" v="克雷洛夫街"/>
  <tag k="oneway" v="yes"/>
  <tag k="surface" v="asphalt"/>
 </way>
 <way id="483160427" visible="true" version="1" changeset="47220097" timestamp="2017-03-28T06:43:58Z" user="Hrs_365" uid="3464009">
  <nd ref="4759122662"/>
  <nd ref="4759122661"/>
  <tag k="barrier" v="retaining_wall"/>
 </way>
 <way id="483160441" visible="true" version="3" changeset="56337988" timestamp="2018-02-13T23:59:31Z" user="Sasha_SH" uid="4988915">
  <nd ref="4759122681"/>
  <nd ref="5344223062"/>
  <nd ref="4969705549"/>
  <nd ref="4759122680"/>
  <nd ref="4759122679"/>
  <tag k="barrier" v="retaining_wall"/>
 </way>
 <way id="483160604" visible="true" version="3" changeset="81577230" timestamp="2020-02-28T06:59:28Z" user="kashcheeva" uid="3808237">
  <nd ref="5742367037"/>
  <nd ref="4759123218"/>
  <nd ref="1176253903"/>
  <tag k="barrier" v="retaining_wall"/>
 </way>
 <way id="483160693" visible="true" version="4" changeset="60522356" timestamp="2018-07-09T03:07:03Z" user="Sasha_SH" uid="4988915">
  <nd ref="1143941085"/>
  <nd ref="4759123570"/>
  <tag k="barrier" v="retaining_wall"/>
 </way>
 <way id="483160775" visible="true" version="1" changeset="47220097" timestamp="2017-03-28T06:44:15Z" user="Hrs_365" uid="3464009">
  <nd ref="4759123859"/>
  <nd ref="4759123858"/>
  <tag k="barrier" v="retaining_wall"/>
 </way>
 <way id="483160776" visible="true" version="2" changeset="55729097" timestamp="2018-01-25T02:21:42Z" user="kashcheeva" uid="3808237">
  <nd ref="4759123861"/>
  <nd ref="4759123860"/>
  <nd ref="5360072395"/>
  <tag k="barrier" v="retaining_wall"/>
 </way>
 <way id="483160805" visible="true" version="1" changeset="47220097" timestamp="2017-03-28T06:44:16Z" user="Hrs_365" uid="3464009">
  <nd ref="4759124054"/>
  <nd ref="4759124053"/>
  <tag k="barrier" v="retaining_wall"/>
 </way>
 <way id="483160823" visible="true" version="2" changeset="52344459" timestamp="2017-09-25T05:30:48Z" user="Sasha_SH" uid="4988915">
  <nd ref="4759124115"/>
  <nd ref="4759124114"/>
  <nd ref="4759124113"/>
  <nd ref="4759124112"/>
  <nd ref="5127670219"/>
  <tag k="barrier" v="retaining_wall"/>
 </way>
 <way id="483160895" visible="true" version="1" changeset="47220097" timestamp="2017-03-28T06:44:20Z" user="Hrs_365" uid="3464009">
  <nd ref="4759124344"/>
  <nd ref="4759124343"/>
  <nd ref="4759124342"/>
  <tag k="barrier" v="retaining_wall"/>
 </way>
 <way id="483160920" visible="true" version="2" changeset="55729097" timestamp="2018-01-25T02:21:42Z" user="kashcheeva" uid="3808237">
  <nd ref="5360072396"/>
  <nd ref="4759124416"/>
  <nd ref="4759124415"/>
  <nd ref="4759124414"/>
  <tag k="barrier" v="retaining_wall"/>
 </way>
 <way id="489489843" visible="true" version="16" changeset="182262228" timestamp="2026-05-05T18:04:37Z" user="user_24008233" uid="24008233">
  <nd ref="408744756"/>
  <nd ref="5121126099"/>
  <nd ref="5121126100"/>
  <nd ref="5023200827"/>
  <nd ref="5121123597"/>
  <nd ref="4712923088"/>
  <nd ref="5023200862"/>
  <nd ref="7353865840"/>
  <nd ref="5023200878"/>
  <nd ref="5023200852"/>
  <nd ref="6615790989"/>
  <nd ref="4712935015"/>
  <nd ref="4712934990"/>
  <nd ref="4712934951"/>
  <nd ref="5023361935"/>
  <nd ref="4712934921"/>
  <nd ref="4712934895"/>
  <nd ref="8336969766"/>
  <tag k="highway" v="secondary"/>
  <tag k="name" v="улица Фонвизина"/>
  <tag k="name:zh" v="冯维辛街"/>
  <tag k="surface" v="paved"/>
 </way>
 <way id="489757383" visible="true" version="2" changeset="73911911" timestamp="2019-08-30T09:05:05Z" user="gsilidis" uid="6839079">
  <nd ref="4819723035"/>
  <nd ref="4819723029"/>
  <nd ref="4819723034"/>
  <nd ref="4819723030"/>
  <tag k="highway" v="path"/>
 </way>
 <way id="489757384" visible="true" version="2" changeset="73911911" timestamp="2019-08-30T09:05:05Z" user="gsilidis" uid="6839079">
  <nd ref="4712934052"/>
  <nd ref="4819723033"/>
  <nd ref="4819723040"/>
  <nd ref="4819723039"/>
  <nd ref="4819723038"/>
  <nd ref="4819723028"/>
  <nd ref="4819723037"/>
  <nd ref="4819723036"/>
  <nd ref="3372091423"/>
  <nd ref="4819723035"/>
  <tag k="highway" v="path"/>
 </way>
 <way id="489757387" visible="true" version="2" changeset="111949724" timestamp="2021-10-01T07:49:54Z" user="pxrdsg" uid="396341">
  <nd ref="4712934936"/>
  <nd ref="4712923897"/>
  <nd ref="4819723047"/>
  <nd ref="4819723045"/>
  <nd ref="4819723046"/>
  <nd ref="4712934983"/>
  <tag k="highway" v="footway"/>
  <tag k="surface" v="asphalt"/>
 </way>
 <way id="495147225" visible="true" version="1" changeset="48879963" timestamp="2017-05-22T08:04:00Z" user="Marina Kudryavceva" uid="4997771">
  <nd ref="4869305321"/>
  <nd ref="4869308161"/>
  <nd ref="4869306613"/>
  <nd ref="4869304759"/>
  <nd ref="4869304800"/>
  <nd ref="4869307123"/>
  <nd ref="4869305316"/>
  <nd ref="4869309194"/>
  <nd ref="4869305264"/>
  <nd ref="4869305866"/>
  <nd ref="4869305149"/>
  <nd ref="4869306583"/>
  <nd ref="4869305190"/>
  <nd ref="4869305247"/>
  <nd ref="4869309066"/>
  <nd ref="4869306518"/>
  <nd ref="4869305321"/>
  <tag k="landuse" v="grass"/>
 </way>
 <way id="495147282" visible="true" version="1" changeset="48879963" timestamp="2017-05-22T08:04:09Z" user="Marina Kudryavceva" uid="4997771">
  <nd ref="4869305178"/>
  <nd ref="4869306534"/>
  <nd ref="4869307524"/>
  <nd ref="4869305109"/>
  <nd ref="4869304919"/>
  <nd ref="4869309019"/>
  <nd ref="4869305103"/>
  <nd ref="4869305178"/>
  <tag k="landuse" v="grass"/>
 </way>
 <way id="495147312" visible="true" version="2" changeset="72166668" timestamp="2019-07-12T07:51:41Z" user="kashcheeva" uid="3808237">
  <nd ref="4869306554"/>
  <nd ref="4869305331"/>
  <nd ref="4869305028"/>
  <nd ref="4869307491"/>
  <nd ref="4869306654"/>
  <nd ref="4869307452"/>
  <nd ref="4869304406"/>
  <nd ref="4869306168"/>
  <nd ref="4869307582"/>
  <nd ref="4869306791"/>
  <nd ref="4869309158"/>
  <nd ref="4869309126"/>
  <nd ref="4869307384"/>
  <nd ref="6609070504"/>
  <nd ref="4869307903"/>
  <nd ref="6609070503"/>
  <nd ref="4869306958"/>
  <nd ref="4869305627"/>
  <nd ref="4869306639"/>
  <nd ref="4869307351"/>
  <nd ref="4869307724"/>
  <nd ref="4869309166"/>
  <nd ref="4869305729"/>
  <nd ref="4869307095"/>
  <nd ref="4869304794"/>
  <nd ref="4869306554"/>
  <tag k="landuse" v="grass"/>
 </way>
 <way id="495147382" visible="true" version="1" changeset="48879963" timestamp="2017-05-22T08:04:15Z" user="Marina Kudryavceva" uid="4997771">
  <nd ref="4869307508"/>
  <nd ref="4869305764"/>
  <nd ref="4869307620"/>
  <nd ref="4869307318"/>
  <nd ref="4869306380"/>
  <nd ref="4869305210"/>
  <nd ref="4869304818"/>
  <nd ref="4869307883"/>
  <nd ref="4869305594"/>
  <nd ref="4869305087"/>
  <nd ref="4869307577"/>
  <nd ref="4869306162"/>
  <nd ref="4869305155"/>
  <nd ref="4869306202"/>
  <nd ref="4869305252"/>
  <nd ref="4869307225"/>
  <nd ref="4869307508"/>
  <tag k="landuse" v="grass"/>
 </way>
 <way id="497564792" visible="true" version="1" changeset="49183952" timestamp="2017-06-02T05:26:32Z" user="Sasha_SH" uid="4988915">
  <nd ref="4891093673"/>
  <nd ref="4891093672"/>
  <nd ref="4891093671"/>
  <nd ref="4891093670"/>
  <nd ref="4891093673"/>
  <tag k="amenity" v="parking"/>
  <tag k="fee" v="no"/>
 </way>
 <way id="497564795" visible="true" version="1" changeset="49183952" timestamp="2017-06-02T05:26:32Z" user="Sasha_SH" uid="4988915">
  <nd ref="4891093677"/>
  <nd ref="4891093676"/>
  <nd ref="4891093675"/>
  <nd ref="4891093674"/>
  <nd ref="4891093677"/>
  <tag k="amenity" v="parking"/>
  <tag k="fee" v="no"/>
 </way>
 <way id="497581779" visible="true" version="2" changeset="111481790" timestamp="2021-09-21T08:17:32Z" user="pxrdsg" uid="396341">
  <nd ref="4891253202"/>
  <nd ref="4891253201"/>
  <nd ref="4891253200"/>
  <nd ref="4891253199"/>
  <nd ref="4891253202"/>
  <tag k="amenity" v="parking"/>
  <tag k="fee" v="no"/>
  <tag k="parking" v="street_side"/>
 </way>
 <way id="497581781" visible="true" version="1" changeset="49185736" timestamp="2017-06-02T06:45:47Z" user="Sasha_SH" uid="4988915">
  <nd ref="4891253212"/>
  <nd ref="4891253211"/>
  <nd ref="4891253210"/>
  <nd ref="4891253209"/>
  <nd ref="4891253208"/>
  <nd ref="4891253212"/>
  <tag k="amenity" v="parking"/>
  <tag k="fee" v="no"/>
 </way>
 <way id="497581783" visible="true" version="4" changeset="123887900" timestamp="2022-07-21T10:51:19Z" user="pxrdsg" uid="396341">
  <nd ref="4891253225"/>
  <nd ref="5748132259"/>
  <nd ref="5748132258"/>
  <nd ref="4891253224"/>
  <nd ref="4891253223"/>
  <nd ref="4891253222"/>
  <nd ref="5748132260"/>
  <nd ref="4891253225"/>
  <tag k="amenity" v="parking"/>
  <tag k="fee" v="no"/>
  <tag k="parking" v="surface"/>
 </way>
 <way id="507476453" visible="true" version="5" changeset="69328551" timestamp="2019-04-18T02:59:09Z" user="Sasha_SH" uid="4988915">
  <nd ref="4969703913"/>
  <nd ref="5742418813"/>
  <nd ref="6413054149"/>
  <nd ref="4969703912"/>
  <nd ref="5021150464"/>
  <nd ref="4969703910"/>
  <nd ref="4759124054"/>
  <tag k="barrier" v="fence"/>
 </way>
 <way id="507476454" visible="true" version="3" changeset="69328551" timestamp="2019-04-18T02:59:09Z" user="Sasha_SH" uid="4988915">
  <nd ref="4969703916"/>
  <nd ref="4712934605"/>
  <nd ref="4969703915"/>
  <nd ref="4578481953"/>
  <nd ref="4578482584"/>
  <nd ref="4969703914"/>
  <nd ref="4759124053"/>
  <tag k="barrier" v="fence"/>
 </way>
 <way id="507476457" visible="true" version="6" changeset="149756712" timestamp="2024-04-09T00:56:18Z" user="kashcheeva" uid="3808237">
  <nd ref="6410908013"/>
  <nd ref="5127620980"/>
  <nd ref="4969705523"/>
  <nd ref="11803559797"/>
  <nd ref="5127620975"/>
  <nd ref="5344222855"/>
  <tag k="barrier" v="fence"/>
 </way>
 <way id="507476458" visible="true" version="3" changeset="60522356" timestamp="2018-07-09T03:07:03Z" user="Sasha_SH" uid="4988915">
  <nd ref="2529071329"/>
  <nd ref="5411233675"/>
  <tag k="barrier" v="fence"/>
 </way>
 <way id="507476459" visible="true" version="4" changeset="69328551" timestamp="2019-04-18T02:59:09Z" user="Sasha_SH" uid="4988915">
  <nd ref="5021150442"/>
  <nd ref="4969705530"/>
  <nd ref="5748132262"/>
  <nd ref="4712935003"/>
  <nd ref="4969705528"/>
  <nd ref="4969705527"/>
  <nd ref="4969705526"/>
  <nd ref="4969705525"/>
  <nd ref="6413053868"/>
  <nd ref="4712935019"/>
  <nd ref="6413053869"/>
  <nd ref="4969705524"/>
  <tag k="barrier" v="fence"/>
 </way>
 <way id="507476460" visible="true" version="3" changeset="60522356" timestamp="2018-07-09T03:07:03Z" user="Sasha_SH" uid="4988915">
  <nd ref="4759124344"/>
  <nd ref="4969705533"/>
  <nd ref="4969705534"/>
  <nd ref="4969705535"/>
  <nd ref="5748195464"/>
  <nd ref="5748195465"/>
  <nd ref="4712934878"/>
  <nd ref="4969705536"/>
  <nd ref="4759124342"/>
  <tag k="barrier" v="fence"/>
 </way>
 <way id="507476463" visible="true" version="4" changeset="81577230" timestamp="2020-02-28T06:59:28Z" user="kashcheeva" uid="3808237">
  <nd ref="4759124761"/>
  <nd ref="6615790987"/>
  <nd ref="4712934949"/>
  <nd ref="6615790988"/>
  <tag k="barrier" v="fence"/>
 </way>
 <way id="507476466" visible="true" version="3" changeset="60428688" timestamp="2018-07-05T08:20:22Z" user="Sasha_SH" uid="4988915">
  <nd ref="5740697319"/>
  <nd ref="2346837641"/>
  <nd ref="5023201145"/>
  <nd ref="5023201144"/>
  <nd ref="4712934584"/>
  <nd ref="4969705556"/>
  <nd ref="4759123858"/>
  <tag k="barrier" v="fence"/>
 </way>
 <way id="507491607" visible="true" version="4" changeset="74934543" timestamp="2019-09-26T02:52:09Z" user="Vasiljeva" uid="10050069">
  <nd ref="4759123861"/>
  <nd ref="6824431841"/>
  <nd ref="4712934288"/>
  <nd ref="4969809986"/>
  <nd ref="5127670218"/>
  <nd ref="5127670217"/>
  <nd ref="4969809985"/>
  <nd ref="4969809984"/>
  <nd ref="4969809983"/>
  <nd ref="5127746716"/>
  <tag k="barrier" v="fence"/>
 </way>
 <way id="513736289" visible="true" version="1" changeset="50930963" timestamp="2017-08-08T00:37:37Z" user="Sasha_SH" uid="4988915">
  <nd ref="5021150463"/>
  <nd ref="5021150462"/>
  <nd ref="5021150461"/>
  <tag k="barrier" v="fence"/>
 </way>
 <way id="513736290" visible="true" version="3" changeset="69328551" timestamp="2019-04-18T02:59:09Z" user="Sasha_SH" uid="4988915">
  <nd ref="4969703912"/>
  <nd ref="6413051153"/>
  <nd ref="5021150470"/>
  <nd ref="6413051155"/>
  <nd ref="6413051154"/>
  <nd ref="5021150463"/>
  <nd ref="6413051160"/>
  <nd ref="6413051158"/>
  <nd ref="6413051156"/>
  <nd ref="6413051157"/>
  <nd ref="6413051159"/>
  <nd ref="5021150469"/>
  <nd ref="5021150468"/>
  <nd ref="5742418791"/>
  <nd ref="5021150467"/>
  <nd ref="6413054114"/>
  <nd ref="5021150466"/>
  <nd ref="5021150465"/>
  <nd ref="752186229"/>
  <nd ref="4759124053"/>
  <tag k="barrier" v="fence"/>
 </way>
 <way id="514047508" visible="true" version="1" changeset="50957606" timestamp="2017-08-09T00:46:17Z" user="Sasha_SH" uid="4988915">
  <nd ref="5023201138"/>
  <nd ref="5023201137"/>
  <nd ref="5023201136"/>
  <nd ref="5023201135"/>
  <nd ref="5023201138"/>
  <tag k="building" v="yes"/>
 </way>
 <way id="514047509" visible="true" version="1" changeset="50957606" timestamp="2017-08-09T00:46:17Z" user="Sasha_SH" uid="4988915">
  <nd ref="5023201148"/>
  <nd ref="5023201155"/>
  <nd ref="4969705552"/>
  <tag k="barrier" v="retaining_wall"/>
 </way>
 <way id="514047510" visible="true" version="3" changeset="60428688" timestamp="2018-07-05T08:20:22Z" user="Sasha_SH" uid="4988915">
  <nd ref="4578483036"/>
  <nd ref="4578484926"/>
  <nd ref="5023201153"/>
  <nd ref="5023201152"/>
  <nd ref="4578483036"/>
  <tag k="addr:housenumber" v="12А"/>
  <tag k="addr:street" v="улица Карамзина"/>
  <tag k="building" v="construction"/>
  <tag k="building:levels" v="2"/>
 </way>
 <way id="514047511" visible="true" version="3" changeset="56338608" timestamp="2018-02-14T00:52:38Z" user="Sasha_SH" uid="4988915">
  <nd ref="5023201159"/>
  <nd ref="5127546448"/>
  <nd ref="5023201158"/>
  <nd ref="5023201157"/>
  <nd ref="5023201156"/>
  <nd ref="5023201159"/>
  <tag k="building" v="garages"/>
  <tag k="building:levels" v="2"/>
 </way>
 <way id="514075500" visible="true" version="3" changeset="56340267" timestamp="2018-02-14T03:01:42Z" user="Sasha_SH" uid="4988915">
  <nd ref="752186228"/>
  <nd ref="5127620934"/>
  <nd ref="5127620935"/>
  <nd ref="5023361741"/>
  <tag k="barrier" v="retaining_wall"/>
 </way>
 <way id="514075502" visible="true" version="2" changeset="60522356" timestamp="2018-07-09T03:07:03Z" user="Sasha_SH" uid="4988915">
  <nd ref="5023361753"/>
  <nd ref="5023361752"/>
  <nd ref="5023361755"/>
  <tag k="highway" v="footway"/>
 </way>
 <way id="514075503" visible="true" version="1" changeset="50959532" timestamp="2017-08-09T04:19:23Z" user="Sasha_SH" uid="4988915">
  <nd ref="5021094942"/>
  <nd ref="5023361755"/>
  <tag k="highway" v="steps"/>
 </way>
 <way id="514075516" visible="true" version="2" changeset="56338985" timestamp="2018-02-14T01:33:06Z" user="Sasha_SH" uid="4988915">
  <nd ref="4712934945"/>
  <nd ref="5411288602"/>
  <nd ref="5411288599"/>
  <nd ref="5411288600"/>
  <nd ref="5411288603"/>
  <nd ref="5023361924"/>
  <tag k="highway" v="footway"/>
 </way>
 <way id="527407145" visible="true" version="3" changeset="60428688" timestamp="2018-07-05T08:20:22Z" user="Sasha_SH" uid="4988915">
  <nd ref="4712934432"/>
  <nd ref="5740697732"/>
  <nd ref="5127517685"/>
  <nd ref="5740697305"/>
  <nd ref="5740697734"/>
  <nd ref="5127517684"/>
  <nd ref="5740697733"/>
  <nd ref="5127517683"/>
  <nd ref="5127546445"/>
  <nd ref="5127546444"/>
  <nd ref="5127546443"/>
  <nd ref="5127546442"/>
  <tag k="highway" v="service"/>
  <tag k="surface" v="paved"/>
 </way>
 <way id="527409159" visible="true" version="2" changeset="52343784" timestamp="2017-09-25T04:27:03Z" user="Sasha_SH" uid="4988915">
  <nd ref="4969705556"/>
  <nd ref="5127546447"/>
  <nd ref="5127546450"/>
  <nd ref="5127546449"/>
  <nd ref="5127620923"/>
  <nd ref="5127546448"/>
  <tag k="barrier" v="fence"/>
 </way>
 <way id="527409176" visible="true" version="6" changeset="140362980" timestamp="2023-08-25T09:49:35Z" user="NorthCrab" uid="15215305">
  <nd ref="5127546500"/>
  <nd ref="5127546499"/>
  <nd ref="5127546498"/>
  <nd ref="5127546497"/>
  <nd ref="5127546496"/>
  <nd ref="5344223050"/>
  <nd ref="5127546495"/>
  <nd ref="5127546494"/>
  <nd ref="5127546493"/>
  <nd ref="5740697287"/>
  <nd ref="5740697288"/>
  <nd ref="5127546500"/>
  <tag k="landuse" v="construction"/>
  <tag k="name" v="ЖК &quot;Высота&quot;"/>
 </way>
 <way id="527420722" visible="true" version="1" changeset="52343784" timestamp="2017-09-25T04:26:55Z" user="Sasha_SH" uid="4988915">
  <nd ref="5127620120"/>
  <nd ref="5127620119"/>
  <nd ref="5127620118"/>
  <nd ref="5127620117"/>
  <nd ref="5127620120"/>
  <tag k="building" v="yes"/>
 </way>
 <way id="527420723" visible="true" version="1" changeset="52343784" timestamp="2017-09-25T04:26:55Z" user="Sasha_SH" uid="4988915">
  <nd ref="5127620922"/>
  <nd ref="5127620926"/>
  <nd ref="5127620925"/>
  <nd ref="5127620924"/>
  <nd ref="5127620923"/>
  <nd ref="5127620921"/>
  <tag k="highway" v="service"/>
  <tag k="surface" v="paved"/>
 </way>
 <way id="527420731" visible="true" version="2" changeset="111949726" timestamp="2021-10-01T07:50:00Z" user="pxrdsg" uid="396341">
  <nd ref="5127620963"/>
  <nd ref="5127620964"/>
  <nd ref="5127620962"/>
  <tag k="highway" v="service"/>
  <tag k="surface" v="asphalt"/>
 </way>
 <way id="527420732" visible="true" version="1" changeset="52343784" timestamp="2017-09-25T04:26:56Z" user="Sasha_SH" uid="4988915">
  <nd ref="5127620969"/>
  <nd ref="5127620968"/>
  <nd ref="5127620967"/>
  <nd ref="5127620966"/>
  <nd ref="5127620969"/>
  <tag k="amenity" v="parking"/>
  <tag k="fee" v="no"/>
 </way>
 <way id="527420733" visible="true" version="4" changeset="69296285" timestamp="2019-04-17T06:26:19Z" user="Sasha_SH" uid="4988915">
  <nd ref="4712934760"/>
  <nd ref="5023349412"/>
  <nd ref="5748195509"/>
  <nd ref="5748195510"/>
  <nd ref="5023349414"/>
  <nd ref="4712934765"/>
  <nd ref="5023349413"/>
  <nd ref="4712934766"/>
  <nd ref="5127620974"/>
  <nd ref="6410907968"/>
  <nd ref="5127620973"/>
  <nd ref="5742367157"/>
  <nd ref="5742367160"/>
  <nd ref="5127620972"/>
  <nd ref="5742367159"/>
  <nd ref="5742367158"/>
  <nd ref="5742367152"/>
  <nd ref="5742367151"/>
  <tag k="highway" v="service"/>
  <tag k="surface" v="unpaved"/>
 </way>
 <way id="527420735" visible="true" version="1" changeset="52343784" timestamp="2017-09-25T04:26:56Z" user="Sasha_SH" uid="4988915">
  <nd ref="5127620978"/>
  <nd ref="5127620977"/>
  <tag k="bridge" v="yes"/>
  <tag k="highway" v="footway"/>
  <tag k="layer" v="1"/>
 </way>
 <way id="527438829" visible="true" version="2" changeset="69328551" timestamp="2019-04-18T02:59:09Z" user="Sasha_SH" uid="4988915">
  <nd ref="5127746701"/>
  <nd ref="5127746700"/>
  <nd ref="5127746702"/>
  <tag k="highway" v="path"/>
 </way>
 <way id="527438831" visible="true" version="1" changeset="52345409" timestamp="2017-09-25T06:27:31Z" user="Sasha_SH" uid="4988915">
  <nd ref="5127746703"/>
  <nd ref="5127746704"/>
  <nd ref="752186232"/>
  <tag k="barrier" v="retaining_wall"/>
 </way>
 <way id="547807150" visible="true" version="2" changeset="123887900" timestamp="2022-07-21T10:46:36Z" user="pxrdsg" uid="396341">
  <nd ref="5292898143"/>
  <nd ref="5292898142"/>
  <nd ref="5292898141"/>
  <nd ref="5292898140"/>
  <nd ref="5292898143"/>
  <tag k="amenity" v="parking"/>
  <tag k="fee" v="no"/>
  <tag k="parking" v="street_side"/>
 </way>
 <way id="547807151" visible="true" version="1" changeset="54749056" timestamp="2017-12-19T05:26:36Z" user="Sasha_SH" uid="4988915">
  <nd ref="5292898154"/>
  <nd ref="5292898153"/>
  <nd ref="5292898152"/>
  <nd ref="5292898151"/>
  <nd ref="5292898154"/>
  <tag k="building" v="yes"/>
 </way>
 <way id="547807153" visible="true" version="2" changeset="163472164" timestamp="2025-03-11T07:27:26Z" user="Александр Синявский" uid="3798127">
  <nd ref="5292898161"/>
  <nd ref="5292898160"/>
  <nd ref="5292898159"/>
  <nd ref="5292898158"/>
  <nd ref="5292898161"/>
  <tag k="access" v="private"/>
  <tag k="amenity" v="parking"/>
  <tag k="parking" v="surface"/>
 </way>
 <way id="547807156" visible="true" version="1" changeset="54749056" timestamp="2017-12-19T05:26:36Z" user="Sasha_SH" uid="4988915">
  <nd ref="5292898146"/>
  <nd ref="5292898147"/>
  <nd ref="4578481633"/>
  <nd ref="5021150447"/>
  <nd ref="5292898144"/>
  <nd ref="4969703906"/>
  <tag k="barrier" v="fence"/>
 </way>
 <way id="547844525" visible="true" version="1" changeset="54751658" timestamp="2017-12-19T08:08:19Z" user="Sasha_SH" uid="4988915">
  <nd ref="5293175732"/>
  <nd ref="1205675994"/>
  <nd ref="1205675958"/>
  <nd ref="1205675933"/>
  <nd ref="1205675974"/>
  <nd ref="5293175731"/>
 </way>
 <way id="547844526" visible="true" version="2" changeset="69366363" timestamp="2019-04-19T06:26:18Z" user="Sasha_SH" uid="4988915">
  <nd ref="5293175731"/>
  <nd ref="5293175730"/>
  <nd ref="6415558209"/>
  <nd ref="5293175729"/>
  <nd ref="5293175732"/>
 </way>
 <way id="547844527" visible="true" version="1" changeset="54751658" timestamp="2017-12-19T08:08:20Z" user="Sasha_SH" uid="4988915">
  <nd ref="5293175740"/>
  <nd ref="5293175739"/>
  <nd ref="5293175738"/>
  <nd ref="5293175737"/>
  <nd ref="5293175736"/>
  <nd ref="5293175735"/>
  <nd ref="5293175734"/>
  <tag k="highway" v="service"/>
  <tag k="surface" v="paved"/>
 </way>
 <way id="549673743" visible="true" version="6" changeset="137313069" timestamp="2023-06-14T06:58:28Z" user="KhoraKavat" uid="11346447">
  <nd ref="5309687535"/>
  <nd ref="5309687536"/>
  <nd ref="5309687537"/>
  <nd ref="10976037895"/>
  <nd ref="10976037894"/>
  <nd ref="10976037893"/>
  <nd ref="10976037892"/>
  <nd ref="5309687535"/>
  <tag k="addr:city" v="Владивосток"/>
  <tag k="addr:housenumber" v="2"/>
  <tag k="addr:street" v="улица Фонвизина"/>
  <tag k="building" v="apartments"/>
  <tag k="building:levels" v="24"/>
 </way>
 <way id="552014506" visible="true" version="3" changeset="60450628" timestamp="2018-07-06T00:41:55Z" user="Sasha_SH" uid="4988915">
  <nd ref="4712934802"/>
  <nd ref="5344222910"/>
  <nd ref="4712934836"/>
  <tag k="highway" v="service"/>
  <tag k="surface" v="paved"/>
 </way>
 <way id="552014508" visible="true" version="2" changeset="60450628" timestamp="2018-07-06T00:41:55Z" user="Sasha_SH" uid="4988915">
  <nd ref="5330301107"/>
  <nd ref="4712934802"/>
  <tag k="covered" v="yes"/>
  <tag k="highway" v="service"/>
  <tag k="surface" v="paved"/>
 </way>
 <way id="553675495" visible="true" version="1" changeset="55511860" timestamp="2018-01-17T05:32:26Z" user="kashcheeva" uid="3808237">
  <nd ref="5344222850"/>
  <nd ref="5344222849"/>
  <tag k="barrier" v="retaining_wall"/>
 </way>
 <way id="553675496" visible="true" version="1" changeset="55511860" timestamp="2018-01-17T05:32:26Z" user="kashcheeva" uid="3808237">
  <nd ref="5344222855"/>
  <nd ref="5344222854"/>
  <nd ref="5344222851"/>
  <nd ref="5344222852"/>
  <tag k="barrier" v="fence"/>
 </way>
 <way id="553675501" visible="true" version="1" changeset="55511860" timestamp="2018-01-17T05:32:26Z" user="kashcheeva" uid="3808237">
  <nd ref="5344222888"/>
  <nd ref="5344222887"/>
  <nd ref="5344222886"/>
  <nd ref="5344222885"/>
  <nd ref="5344222888"/>
  <tag k="building" v="yes"/>
 </way>
 <way id="553675502" visible="true" version="1" changeset="55511860" timestamp="2018-01-17T05:32:26Z" user="kashcheeva" uid="3808237">
  <nd ref="5344222892"/>
  <nd ref="5344222891"/>
  <nd ref="5344222890"/>
  <nd ref="5344222889"/>
  <nd ref="5344222892"/>
  <tag k="building" v="yes"/>
 </way>
 <way id="553675503" visible="true" version="1" changeset="55511860" timestamp="2018-01-17T05:32:26Z" user="kashcheeva" uid="3808237">
  <nd ref="5344222896"/>
  <nd ref="5344222895"/>
  <nd ref="5344222894"/>
  <nd ref="5344222893"/>
  <nd ref="5344222896"/>
  <tag k="building" v="yes"/>
 </way>
 <way id="553675504" visible="true" version="1" changeset="55511860" timestamp="2018-01-17T05:32:26Z" user="kashcheeva" uid="3808237">
  <nd ref="5344222900"/>
  <nd ref="5344222899"/>
  <nd ref="5344222898"/>
  <nd ref="5344222897"/>
  <nd ref="5344222900"/>
  <tag k="building" v="yes"/>
 </way>
 <way id="553675506" visible="true" version="5" changeset="81577230" timestamp="2020-02-28T06:59:28Z" user="kashcheeva" uid="3808237">
  <nd ref="5344222908"/>
  <nd ref="5411233686"/>
  <nd ref="5411233684"/>
  <nd ref="5344222907"/>
  <nd ref="4819722975"/>
  <tag k="highway" v="service"/>
 </way>
 <way id="553675507" visible="true" version="1" changeset="55511860" timestamp="2018-01-17T05:32:26Z" user="kashcheeva" uid="3808237">
  <nd ref="5344222911"/>
  <nd ref="5344222912"/>
  <nd ref="5344222913"/>
  <tag k="barrier" v="retaining_wall"/>
 </way>
 <way id="553675508" visible="true" version="3" changeset="60522356" timestamp="2018-07-09T03:07:04Z" user="Sasha_SH" uid="4988915">
  <nd ref="5344222920"/>
  <nd ref="5344222919"/>
  <nd ref="5344222918"/>
  <nd ref="5344222916"/>
  <nd ref="5748195511"/>
  <nd ref="5344222915"/>
  <nd ref="5344222914"/>
  <nd ref="5344222917"/>
  <nd ref="5344222920"/>
  <tag k="building" v="yes"/>
  <tag k="building:levels" v="1"/>
 </way>
 <way id="553675509" visible="true" version="2" changeset="60450628" timestamp="2018-07-06T00:41:56Z" user="Sasha_SH" uid="4988915">
  <nd ref="5344223024"/>
  <nd ref="5344223023"/>
  <nd ref="5344223022"/>
  <nd ref="5344223021"/>
  <nd ref="5344223024"/>
  <tag k="building" v="garage"/>
 </way>
 <way id="553675510" visible="true" version="2" changeset="60450628" timestamp="2018-07-06T00:41:56Z" user="Sasha_SH" uid="4988915">
  <nd ref="5344223028"/>
  <nd ref="5344223027"/>
  <nd ref="5344223026"/>
  <nd ref="5344223025"/>
  <nd ref="5344223028"/>
  <tag k="building" v="garage"/>
 </way>
 <way id="553675511" visible="true" version="1" changeset="55511860" timestamp="2018-01-17T05:32:27Z" user="kashcheeva" uid="3808237">
  <nd ref="5344223029"/>
  <nd ref="5344223030"/>
  <nd ref="5344223031"/>
  <nd ref="5344223032"/>
  <nd ref="5344223033"/>
  <nd ref="5344223034"/>
  <nd ref="5344223035"/>
  <nd ref="5344223036"/>
  <tag k="natural" v="earth_bank"/>
 </way>
 <way id="553675512" visible="true" version="2" changeset="56337988" timestamp="2018-02-13T23:59:32Z" user="Sasha_SH" uid="4988915">
  <nd ref="5411178196"/>
  <nd ref="5344223044"/>
  <nd ref="5344223043"/>
  <nd ref="5344223042"/>
  <nd ref="5344223041"/>
  <nd ref="5344223040"/>
  <nd ref="5344223039"/>
  <tag k="natural" v="earth_bank"/>
 </way>
 <way id="553675520" visible="true" version="1" changeset="55511860" timestamp="2018-01-17T05:32:27Z" user="kashcheeva" uid="3808237">
  <nd ref="5344223066"/>
  <nd ref="5344223065"/>
  <nd ref="5344223064"/>
  <nd ref="5344223063"/>
  <nd ref="5344223066"/>
  <tag k="building" v="garage"/>
 </way>
 <way id="553675531" visible="true" version="3" changeset="72251503" timestamp="2019-07-15T07:23:55Z" user="Vasiljeva" uid="10050069">
  <nd ref="5127546476"/>
  <nd ref="5344223106"/>
  <nd ref="6615790182"/>
  <nd ref="5344223105"/>
  <nd ref="5411233683"/>
  <nd ref="4969705547"/>
  <tag k="barrier" v="fence"/>
 </way>
 <way id="555033396" visible="true" version="1" changeset="55673240" timestamp="2018-01-23T04:59:21Z" user="kashcheeva" uid="3808237">
  <nd ref="5355879600"/>
  <nd ref="5355879599"/>
  <nd ref="5355879598"/>
  <nd ref="5355879597"/>
  <nd ref="5355879600"/>
  <tag k="amenity" v="parking"/>
 </way>
 <way id="561118631" visible="true" version="1" changeset="56337988" timestamp="2018-02-13T23:59:27Z" user="Sasha_SH" uid="4988915">
  <nd ref="4759122679"/>
  <nd ref="4969705547"/>
  <nd ref="4578481398"/>
  <tag k="barrier" v="fence"/>
 </way>
 <way id="561124076" visible="true" version="1" changeset="56338608" timestamp="2018-02-14T00:52:32Z" user="Sasha_SH" uid="4988915">
  <nd ref="5411233662"/>
  <nd ref="5411233661"/>
  <nd ref="5411233660"/>
  <nd ref="5411233659"/>
  <nd ref="5411233662"/>
  <tag k="amenity" v="parking"/>
 </way>
 <way id="561124078" visible="true" version="2" changeset="60522950" timestamp="2018-07-09T03:59:06Z" user="Sasha_SH" uid="4988915">
  <nd ref="1176244955"/>
  <nd ref="5411233682"/>
  <nd ref="5411233681"/>
  <nd ref="5411233680"/>
  <nd ref="1176244955"/>
  <tag k="building" v="yes"/>
  <tag k="building:levels" v="1"/>
 </way>
 <way id="561126541" visible="true" version="1" changeset="56338985" timestamp="2018-02-14T01:33:04Z" user="Sasha_SH" uid="4988915">
  <nd ref="5411288578"/>
  <nd ref="5411288577"/>
  <nd ref="5411288576"/>
  <nd ref="5411288575"/>
  <nd ref="5411288574"/>
  <nd ref="5411288573"/>
  <nd ref="5411288572"/>
  <nd ref="5411288571"/>
  <nd ref="5411288570"/>
  <nd ref="5411288569"/>
  <nd ref="5411288568"/>
  <nd ref="5411288578"/>
  <tag k="landuse" v="grass"/>
 </way>
 <way id="561126543" visible="true" version="1" changeset="56338985" timestamp="2018-02-14T01:33:04Z" user="Sasha_SH" uid="4988915">
  <nd ref="5411288598"/>
  <nd ref="5411288597"/>
  <nd ref="5411288596"/>
  <nd ref="5411288595"/>
  <nd ref="5411288594"/>
  <nd ref="5411288593"/>
  <nd ref="5411288592"/>
  <nd ref="5411288591"/>
  <nd ref="5411288590"/>
  <nd ref="5411288589"/>
  <nd ref="5411288588"/>
  <nd ref="5411288587"/>
  <nd ref="5411288586"/>
  <nd ref="5411288585"/>
  <nd ref="5411288584"/>
  <nd ref="5411288583"/>
  <nd ref="5411288582"/>
  <nd ref="5411288581"/>
  <nd ref="5411288580"/>
  <nd ref="5411288579"/>
  <nd ref="5411288598"/>
  <tag k="natural" v="wood"/>
 </way>
 <way id="561135868" visible="true" version="1" changeset="56340267" timestamp="2018-02-14T03:01:41Z" user="Sasha_SH" uid="4988915">
  <nd ref="5411360995"/>
  <nd ref="5127620932"/>
  <tag k="highway" v="footway"/>
 </way>
 <way id="589574935" visible="true" version="1" changeset="59116777" timestamp="2018-05-20T07:03:51Z" user="kashcheeva" uid="3808237">
  <nd ref="5629949170"/>
  <nd ref="5629949169"/>
  <nd ref="5629949168"/>
  <nd ref="5629949167"/>
  <nd ref="5629949170"/>
  <tag k="amenity" v="parking"/>
  <tag k="fee" v="no"/>
 </way>
 <way id="589574938" visible="true" version="1" changeset="59116777" timestamp="2018-05-20T07:03:51Z" user="kashcheeva" uid="3808237">
  <nd ref="5629949176"/>
  <nd ref="5629949175"/>
  <tag k="highway" v="steps"/>
 </way>
 <way id="605209572" visible="true" version="1" changeset="60428688" timestamp="2018-07-05T08:20:15Z" user="Sasha_SH" uid="4988915">
  <nd ref="5740697318"/>
  <nd ref="5127546442"/>
  <nd ref="4712934579"/>
  <nd ref="5127546447"/>
  <nd ref="5127546446"/>
  <tag k="highway" v="service"/>
  <tag k="surface" v="paved"/>
 </way>
 <way id="605422387" visible="true" version="1" changeset="60450628" timestamp="2018-07-06T00:41:44Z" user="Sasha_SH" uid="4988915">
  <nd ref="5742367035"/>
  <nd ref="5742367034"/>
  <nd ref="5742367033"/>
  <nd ref="5742367032"/>
  <nd ref="5742367035"/>
  <tag k="landuse" v="grass"/>
 </way>
 <way id="605422392" visible="true" version="2" changeset="149756712" timestamp="2024-04-09T00:56:18Z" user="kashcheeva" uid="3808237">
  <nd ref="5742367056"/>
  <nd ref="5742367055"/>
  <tag k="barrier" v="retaining_wall"/>
 </way>
 <way id="605422393" visible="true" version="1" changeset="60450628" timestamp="2018-07-06T00:41:44Z" user="Sasha_SH" uid="4988915">
  <nd ref="5742367084"/>
  <nd ref="5742367083"/>
  <nd ref="5742367082"/>
  <nd ref="5742367081"/>
  <nd ref="5742367084"/>
  <tag k="building" v="yes"/>
 </way>
 <way id="605422394" visible="true" version="2" changeset="137313069" timestamp="2023-06-14T06:58:28Z" user="KhoraKavat" uid="11346447">
  <nd ref="5742367129"/>
  <nd ref="5742367128"/>
  <nd ref="5742367127"/>
  <nd ref="5742367126"/>
  <nd ref="5742367125"/>
  <nd ref="5742367124"/>
  <nd ref="5742367123"/>
  <nd ref="5742367122"/>
  <nd ref="5742367121"/>
  <nd ref="5742367120"/>
  <nd ref="5742367119"/>
  <nd ref="5742367118"/>
  <nd ref="5742367117"/>
  <nd ref="5742367116"/>
  <nd ref="5742367115"/>
  <nd ref="5742367114"/>
  <nd ref="5742367113"/>
  <nd ref="5742367112"/>
  <nd ref="5742367111"/>
  <nd ref="5742367110"/>
  <nd ref="5742367109"/>
  <nd ref="5742367108"/>
  <nd ref="5742367107"/>
  <nd ref="5742367106"/>
  <nd ref="5742367105"/>
  <nd ref="5742367104"/>
  <nd ref="5742367103"/>
  <nd ref="5742367102"/>
  <nd ref="5742367101"/>
  <nd ref="5742367100"/>
  <nd ref="5742367099"/>
  <nd ref="5742367098"/>
  <nd ref="5742367097"/>
  <nd ref="5742367096"/>
  <nd ref="5742367093"/>
  <nd ref="5742367092"/>
  <nd ref="5742367091"/>
  <nd ref="5742367090"/>
  <nd ref="5742367089"/>
  <nd ref="5742367088"/>
  <nd ref="5742367087"/>
  <nd ref="5742367129"/>
  <tag k="natural" v="wood"/>
 </way>
 <way id="605422395" visible="true" version="2" changeset="69296285" timestamp="2019-04-17T06:26:19Z" user="Sasha_SH" uid="4988915">
  <nd ref="4712934645"/>
  <nd ref="6410908000"/>
  <nd ref="4712934674"/>
  <nd ref="4712923144"/>
  <nd ref="4712924170"/>
  <tag k="highway" v="service"/>
  <tag k="surface" v="paved"/>
 </way>
 <way id="605422396" visible="true" version="2" changeset="69296285" timestamp="2019-04-17T06:26:19Z" user="Sasha_SH" uid="4988915">
  <nd ref="5742367133"/>
  <nd ref="4650970727"/>
  <nd ref="4650970728"/>
  <nd ref="5742367134"/>
  <nd ref="5742367133"/>
  <tag k="building" v="garage"/>
 </way>
 <way id="605422397" visible="true" version="2" changeset="69296285" timestamp="2019-04-17T06:26:19Z" user="Sasha_SH" uid="4988915">
  <nd ref="5742367134"/>
  <nd ref="5742367136"/>
  <nd ref="5742367135"/>
  <nd ref="5742367133"/>
  <nd ref="5742367134"/>
  <tag k="building" v="garage"/>
 </way>
 <way id="605422398" visible="true" version="1" changeset="60450628" timestamp="2018-07-06T00:41:45Z" user="Sasha_SH" uid="4988915">
  <nd ref="5742367136"/>
  <nd ref="5742367138"/>
  <nd ref="5742367137"/>
  <nd ref="5742367135"/>
  <nd ref="5742367136"/>
  <tag k="building" v="garage"/>
 </way>
 <way id="605422399" visible="true" version="2" changeset="69296285" timestamp="2019-04-17T06:26:19Z" user="Sasha_SH" uid="4988915">
  <nd ref="5742367138"/>
  <nd ref="5742367140"/>
  <nd ref="5742367139"/>
  <nd ref="5742367137"/>
  <nd ref="5742367138"/>
  <tag k="building" v="garage"/>
 </way>
 <way id="605422402" visible="true" version="1" changeset="60450628" timestamp="2018-07-06T00:41:45Z" user="Sasha_SH" uid="4988915">
  <nd ref="5742367156"/>
  <nd ref="5742367155"/>
  <nd ref="5742367154"/>
  <nd ref="5742367153"/>
  <nd ref="5742367156"/>
  <tag k="amenity" v="parking"/>
  <tag k="fee" v="no"/>
 </way>
 <way id="605422403" visible="true" version="1" changeset="60450628" timestamp="2018-07-06T00:41:45Z" user="Sasha_SH" uid="4988915">
  <nd ref="5742367160"/>
  <nd ref="5742367165"/>
  <tag k="highway" v="footway"/>
 </way>
 <way id="605422404" visible="true" version="2" changeset="69296285" timestamp="2019-04-17T06:26:19Z" user="Sasha_SH" uid="4988915">
  <nd ref="5742367165"/>
  <nd ref="5742367163"/>
  <tag k="highway" v="steps"/>
 </way>
 <way id="605422405" visible="true" version="2" changeset="69296285" timestamp="2019-04-17T06:26:19Z" user="Sasha_SH" uid="4988915">
  <nd ref="5742367163"/>
  <nd ref="5742367162"/>
  <nd ref="5742367161"/>
  <nd ref="5742367166"/>
  <tag k="highway" v="footway"/>
 </way>
 <way id="605422409" visible="true" version="3" changeset="69328551" timestamp="2019-04-18T02:59:10Z" user="Sasha_SH" uid="4988915">
  <nd ref="5742367212"/>
  <nd ref="5742367191"/>
  <nd ref="5742367211"/>
  <nd ref="5742367210"/>
  <nd ref="5742367209"/>
  <nd ref="5742418723"/>
  <nd ref="5742367208"/>
  <nd ref="5742367207"/>
  <nd ref="5742367206"/>
  <nd ref="5742367205"/>
  <nd ref="5742367204"/>
  <nd ref="5742367203"/>
  <nd ref="5742367202"/>
  <nd ref="5742367201"/>
  <nd ref="5742367200"/>
  <nd ref="5742367199"/>
  <nd ref="5742367198"/>
  <nd ref="5742367197"/>
  <nd ref="5742367196"/>
  <nd ref="5742367195"/>
  <nd ref="6413054102"/>
  <nd ref="6413054101"/>
  <nd ref="6413054100"/>
  <nd ref="6413054099"/>
  <nd ref="6413054103"/>
  <nd ref="6413054104"/>
  <nd ref="6413054105"/>
  <nd ref="6413054106"/>
  <nd ref="6413054107"/>
  <nd ref="5742367194"/>
  <nd ref="5742367193"/>
  <nd ref="5742367192"/>
  <nd ref="5742367212"/>
  <tag k="natural" v="wood"/>
 </way>
 <way id="605429913" visible="true" version="1" changeset="60451201" timestamp="2018-07-06T01:45:47Z" user="Sasha_SH" uid="4988915">
  <nd ref="5742418722"/>
  <nd ref="5742418721"/>
  <nd ref="5742418420"/>
  <nd ref="5742418419"/>
  <nd ref="5742418722"/>
  <tag k="building" v="garage"/>
 </way>
 <way id="605429918" visible="true" version="1" changeset="60451201" timestamp="2018-07-06T01:45:47Z" user="Sasha_SH" uid="4988915">
  <nd ref="5742418796"/>
  <nd ref="5742418795"/>
  <nd ref="5742418794"/>
  <nd ref="5742418793"/>
  <nd ref="5742418796"/>
  <tag k="addr:housenumber" v="20"/>
  <tag k="addr:street" v="улица Гаршина"/>
  <tag k="building" v="detached"/>
  <tag k="building:levels" v="1"/>
 </way>
 <way id="606193334" visible="true" version="3" changeset="69296285" timestamp="2019-04-17T06:26:19Z" user="Sasha_SH" uid="4988915">
  <nd ref="1176228105"/>
  <nd ref="5411233675"/>
  <tag k="barrier" v="fence"/>
 </way>
 <way id="606203931" visible="true" version="1" changeset="60522356" timestamp="2018-07-09T03:06:59Z" user="Sasha_SH" uid="4988915">
  <nd ref="5748193717"/>
  <nd ref="5748193716"/>
  <tag k="highway" v="steps"/>
 </way>
 <way id="606203932" visible="true" version="1" changeset="60522356" timestamp="2018-07-09T03:06:59Z" user="Sasha_SH" uid="4988915">
  <nd ref="5748193716"/>
  <nd ref="5748193714"/>
  <nd ref="5748193715"/>
  <tag k="highway" v="footway"/>
 </way>
 <way id="606203934" visible="true" version="1" changeset="60522356" timestamp="2018-07-09T03:06:59Z" user="Sasha_SH" uid="4988915">
  <nd ref="5748195421"/>
  <nd ref="5748193720"/>
  <nd ref="5748193719"/>
  <nd ref="5748193717"/>
  <nd ref="5748193718"/>
  <nd ref="5748195421"/>
  <tag k="amenity" v="parking"/>
  <tag k="fee" v="no"/>
 </way>
 <way id="606203941" visible="true" version="1" changeset="60522356" timestamp="2018-07-09T03:06:59Z" user="Sasha_SH" uid="4988915">
  <nd ref="5748195453"/>
  <nd ref="5748195452"/>
  <nd ref="5748195451"/>
  <nd ref="5748195450"/>
  <nd ref="5748195453"/>
  <tag k="building" v="yes"/>
 </way>
 <way id="606203943" visible="true" version="1" changeset="60522356" timestamp="2018-07-09T03:06:59Z" user="Sasha_SH" uid="4988915">
  <nd ref="5748195457"/>
  <nd ref="5748195456"/>
  <nd ref="5748195455"/>
  <nd ref="5748195454"/>
  <nd ref="5748195457"/>
  <tag k="amenity" v="parking"/>
  <tag k="fee" v="no"/>
 </way>
 <way id="606203945" visible="true" version="1" changeset="60522356" timestamp="2018-07-09T03:06:59Z" user="Sasha_SH" uid="4988915">
  <nd ref="5748195462"/>
  <nd ref="5748195461"/>
  <nd ref="5748195460"/>
  <nd ref="5748195459"/>
  <nd ref="5748195462"/>
  <tag k="amenity" v="parking"/>
  <tag k="fee" v="no"/>
 </way>
 <way id="606203949" visible="true" version="1" changeset="60522356" timestamp="2018-07-09T03:06:59Z" user="Sasha_SH" uid="4988915">
  <nd ref="5748195486"/>
  <nd ref="5748195483"/>
  <nd ref="5748195484"/>
  <nd ref="5748195485"/>
  <nd ref="5748195507"/>
  <nd ref="5748195506"/>
  <nd ref="5748195505"/>
  <nd ref="5748195504"/>
  <nd ref="5748195503"/>
  <nd ref="5748195502"/>
  <nd ref="5748195501"/>
  <nd ref="5748195500"/>
  <nd ref="5748195499"/>
  <nd ref="5748195498"/>
  <nd ref="5748195497"/>
  <nd ref="5748195496"/>
  <nd ref="5748195495"/>
  <nd ref="5748195494"/>
  <nd ref="5748195493"/>
  <nd ref="5748195492"/>
  <nd ref="5748195491"/>
  <nd ref="5748195490"/>
  <nd ref="5748195489"/>
  <nd ref="5748195488"/>
  <nd ref="5748195487"/>
  <nd ref="5748195486"/>
  <tag k="natural" v="wood"/>
 </way>
 <way id="606216952" visible="true" version="1" changeset="60522950" timestamp="2018-07-09T03:59:06Z" user="Sasha_SH" uid="4988915">
  <nd ref="2007474737"/>
  <nd ref="4712934558"/>
  <nd ref="5023201151"/>
  <nd ref="4712934579"/>
  <nd ref="4712934584"/>
  <tag k="highway" v="service"/>
  <tag k="surface" v="unpaved"/>
 </way>
 <way id="684300184" visible="true" version="1" changeset="69296285" timestamp="2019-04-17T06:26:15Z" user="Sasha_SH" uid="4988915">
  <nd ref="5748195509"/>
  <nd ref="6410907969"/>
  <nd ref="5748195478"/>
  <tag k="highway" v="path"/>
 </way>
 <way id="684300186" visible="true" version="1" changeset="69296285" timestamp="2019-04-17T06:26:15Z" user="Sasha_SH" uid="4988915">
  <nd ref="6410907981"/>
  <nd ref="6410907980"/>
  <nd ref="6410907979"/>
  <nd ref="6410907978"/>
  <nd ref="6410907977"/>
  <nd ref="5344222897"/>
  <tag k="barrier" v="fence"/>
 </way>
 <way id="684300187" visible="true" version="1" changeset="69296285" timestamp="2019-04-17T06:26:15Z" user="Sasha_SH" uid="4988915">
  <nd ref="5344222865"/>
  <nd ref="6410907982"/>
  <nd ref="5344222862"/>
  <tag k="barrier" v="fence"/>
 </way>
 <way id="684300190" visible="true" version="1" changeset="69296285" timestamp="2019-04-17T06:26:15Z" user="Sasha_SH" uid="4988915">
  <nd ref="6410907994"/>
  <nd ref="6410907993"/>
  <nd ref="6410907992"/>
  <nd ref="6410907991"/>
  <nd ref="6410907994"/>
  <tag k="building" v="yes"/>
 </way>
 <way id="684300191" visible="true" version="1" changeset="69296285" timestamp="2019-04-17T06:26:15Z" user="Sasha_SH" uid="4988915">
  <nd ref="6410907998"/>
  <nd ref="6410907997"/>
  <nd ref="6410907996"/>
  <nd ref="6410907995"/>
  <nd ref="6410907998"/>
  <tag k="building" v="garage"/>
 </way>
 <way id="684300192" visible="true" version="1" changeset="69296285" timestamp="2019-04-17T06:26:15Z" user="Sasha_SH" uid="4988915">
  <nd ref="6410908008"/>
  <nd ref="6410908004"/>
  <nd ref="6410908003"/>
  <nd ref="6410908002"/>
  <nd ref="6410908001"/>
  <nd ref="6410907999"/>
  <nd ref="6410908000"/>
  <tag k="highway" v="path"/>
 </way>
 <way id="684493583" visible="true" version="5" changeset="123594729" timestamp="2022-07-14T07:44:15Z" user="pxrdsg" uid="396341">
  <nd ref="6413053876"/>
  <nd ref="6744839572"/>
  <nd ref="6413053875"/>
  <nd ref="6413053874"/>
  <nd ref="6413053871"/>
  <nd ref="6413053872"/>
  <tag k="footway" v="sidewalk"/>
  <tag k="highway" v="footway"/>
  <tag k="lit" v="no"/>
  <tag k="surface" v="asphalt"/>
 </way>
 <way id="684493585" visible="true" version="1" changeset="69328551" timestamp="2019-04-18T02:59:01Z" user="Sasha_SH" uid="4988915">
  <nd ref="6413054089"/>
  <nd ref="6413051156"/>
  <nd ref="6413054088"/>
  <nd ref="6413054087"/>
  <nd ref="6413054086"/>
  <nd ref="6413054085"/>
  <nd ref="6413053884"/>
  <nd ref="6413053883"/>
  <nd ref="6413053882"/>
  <nd ref="6413053881"/>
  <tag k="highway" v="service"/>
  <tag k="surface" v="unpaved"/>
 </way>
 <way id="684493587" visible="true" version="1" changeset="69328551" timestamp="2019-04-18T02:59:01Z" user="Sasha_SH" uid="4988915">
  <nd ref="6413054098"/>
  <nd ref="6413054097"/>
  <nd ref="6413054096"/>
  <nd ref="6413054095"/>
  <nd ref="6413054098"/>
  <tag k="amenity" v="parking"/>
  <tag k="fee" v="no"/>
 </way>
 <way id="684493588" visible="true" version="3" changeset="111949726" timestamp="2021-10-01T07:50:01Z" user="pxrdsg" uid="396341">
  <nd ref="6413054111"/>
  <nd ref="6747499337"/>
  <nd ref="6413054110"/>
  <nd ref="5127620929"/>
  <nd ref="5127620928"/>
  <nd ref="4712934904"/>
  <nd ref="4712934911"/>
  <tag k="highway" v="service"/>
  <tag k="surface" v="asphalt"/>
 </way>
 <way id="684493590" visible="true" version="1" changeset="69328551" timestamp="2019-04-18T02:59:01Z" user="Sasha_SH" uid="4988915">
  <nd ref="6413054114"/>
  <nd ref="6413054113"/>
  <tag k="barrier" v="fence"/>
 </way>
 <way id="684708918" visible="true" version="1" changeset="69366363" timestamp="2019-04-19T06:26:12Z" user="Sasha_SH" uid="4988915">
  <nd ref="5421415677"/>
  <nd ref="4712934376"/>
  <tag k="highway" v="footway"/>
 </way>
 <way id="718216770" visible="true" version="2" changeset="112293973" timestamp="2021-10-09T09:43:30Z" user="pxrdsg" uid="396341">
  <nd ref="5748130400"/>
  <nd ref="6744839571"/>
  <nd ref="4712923888"/>
  <tag k="footway" v="crossing"/>
  <tag k="highway" v="footway"/>
 </way>
 <way id="718216771" visible="true" version="4" changeset="112293973" timestamp="2021-10-09T09:43:30Z" user="pxrdsg" uid="396341">
  <nd ref="6744839572"/>
  <nd ref="6747499338"/>
  <nd ref="6747499337"/>
  <nd ref="6744839573"/>
  <nd ref="3275687067"/>
  <nd ref="5748130401"/>
  <tag k="footway" v="crossing"/>
  <tag k="highway" v="footway"/>
  <tag k="surface" v="asphalt"/>
 </way>
 <way id="720142242" visible="true" version="2" changeset="131888129" timestamp="2023-01-30T16:23:42Z" user="Vas111" uid="16951803">
  <nd ref="4712934528"/>
  <nd ref="4712934553"/>
  <nd ref="4712934576"/>
  <nd ref="10594453249"/>
  <nd ref="4712934596"/>
  <nd ref="6410908005"/>
  <nd ref="6758893338"/>
  <nd ref="4712934628"/>
  <nd ref="4712923144"/>
  <tag k="highway" v="footway"/>
  <tag k="width" v="2"/>
 </way>
 <way id="762171075" visible="true" version="6" changeset="179474101" timestamp="2026-03-07T05:53:37Z" user="user_23858439" uid="23858439">
  <nd ref="3372091421"/>
  <nd ref="2346823643"/>
  <tag k="access" v="yes"/>
  <tag k="highway" v="trunk"/>
  <tag k="lanes" v="4"/>
  <tag k="maxspeed" v="RU:urban"/>
  <tag k="name" v="Некрасовская улица"/>
  <tag k="name:en" v="Nekrasovskaya Street"/>
  <tag k="name:ru" v="Некрасовская улица"/>
  <tag k="oneway" v="yes"/>
  <tag k="source" v="yahoo imagery;survey"/>
  <tag k="surface" v="asphalt"/>
 </way>
 <way id="776918169" visible="true" version="1" changeset="81577230" timestamp="2020-02-28T06:59:28Z" user="kashcheeva" uid="3808237">
  <nd ref="7249305186"/>
  <nd ref="5748193719"/>
  <nd ref="5748193717"/>
  <nd ref="5748193718"/>
  <tag k="barrier" v="retaining_wall"/>
 </way>
 <way id="776918171" visible="true" version="1" changeset="81577230" timestamp="2020-02-28T06:59:28Z" user="kashcheeva" uid="3808237">
  <nd ref="7249305190"/>
  <nd ref="7249305189"/>
  <nd ref="7249305188"/>
  <nd ref="7249305187"/>
  <nd ref="7249305190"/>
  <tag k="building" v="yes"/>
 </way>
 <way id="776918172" visible="true" version="1" changeset="81577230" timestamp="2020-02-28T06:59:28Z" user="kashcheeva" uid="3808237">
  <nd ref="5344222910"/>
  <nd ref="5742367039"/>
  <tag k="highway" v="service"/>
 </way>
 <way id="777607515" visible="true" version="1" changeset="81657486" timestamp="2020-03-02T01:22:08Z" user="kashcheeva" uid="3808237">
  <nd ref="6410907975"/>
  <nd ref="7256849077"/>
  <nd ref="7256849076"/>
  <nd ref="7256849075"/>
  <nd ref="7256849074"/>
  <tag k="highway" v="footway"/>
 </way>
 <way id="896904466" visible="true" version="7" changeset="182262228" timestamp="2026-05-05T18:04:37Z" user="user_24008233" uid="24008233">
  <nd ref="1508164995"/>
  <nd ref="6609070502"/>
  <nd ref="2346837653"/>
  <nd ref="4712934836"/>
  <nd ref="4712934859"/>
  <nd ref="8336969766"/>
  <tag k="highway" v="secondary"/>
  <tag k="name" v="улица Фонвизина"/>
  <tag k="name:zh" v="冯维辛街"/>
  <tag k="surface" v="paved"/>
 </way>
 <way id="1136496070" visible="true" version="5" changeset="179474101" timestamp="2026-03-07T05:53:37Z" user="user_23858439" uid="23858439">
  <nd ref="4712923902"/>
  <nd ref="4712923904"/>
  <nd ref="1877430004"/>
  <nd ref="2007474737"/>
  <nd ref="10594453247"/>
  <nd ref="3372091421"/>
  <tag k="access" v="yes"/>
  <tag k="highway" v="trunk"/>
  <tag k="lanes" v="4"/>
  <tag k="maxspeed" v="RU:urban"/>
  <tag k="name" v="Некрасовская улица"/>
  <tag k="name:en" v="Nekrasovskaya Street"/>
  <tag k="name:ru" v="Некрасовская улица"/>
  <tag k="oneway" v="yes"/>
  <tag k="source" v="yahoo imagery;survey"/>
  <tag k="surface" v="asphalt"/>
 </way>
 <way id="1136496072" visible="true" version="1" changeset="131888129" timestamp="2023-01-30T16:23:42Z" user="Vas111" uid="16951803">
  <nd ref="10594453246"/>
  <nd ref="10594453247"/>
  <nd ref="10594453248"/>
  <nd ref="10594453249"/>
  <tag k="crossing" v="uncontrolled"/>
  <tag k="crossing:island" v="no"/>
  <tag k="crossing:markings" v="zebra:bicolour"/>
  <tag k="footway" v="crossing"/>
  <tag k="highway" v="footway"/>
  <tag k="surface" v="asphalt"/>
  <tag k="tactile_paving" v="no"/>
 </way>
 <way id="1271035886" visible="true" version="1" changeset="149756712" timestamp="2024-04-09T00:56:18Z" user="kashcheeva" uid="3808237">
  <nd ref="11803522062"/>
  <nd ref="11803522061"/>
  <nd ref="11803522060"/>
  <nd ref="11803522059"/>
  <nd ref="11803522062"/>
  <tag k="addr:housenumber" v="10/3"/>
  <tag k="addr:street" v="улица Крылова"/>
  <tag k="building" v="construction"/>
 </way>
 <way id="1271035887" visible="true" version="1" changeset="149756712" timestamp="2024-04-09T00:56:18Z" user="kashcheeva" uid="3808237">
  <nd ref="11803522066"/>
  <nd ref="11803522065"/>
  <nd ref="11803522064"/>
  <nd ref="11803522063"/>
  <nd ref="11803522066"/>
  <tag k="addr:housenumber" v="10/2"/>
  <tag k="addr:street" v="улица Крылова"/>
  <tag k="building" v="construction"/>
 </way>
 <way id="1271035888" visible="true" version="1" changeset="149756712" timestamp="2024-04-09T00:56:18Z" user="kashcheeva" uid="3808237">
  <nd ref="11803522068"/>
  <nd ref="11803559771"/>
  <nd ref="11803559770"/>
  <nd ref="11803522067"/>
  <nd ref="11803522068"/>
  <tag k="addr:housenumber" v="10/1"/>
  <tag k="addr:street" v="улица Крылова"/>
  <tag k="building" v="construction"/>
 </way>
 <way id="1271035889" visible="true" version="1" changeset="149756712" timestamp="2024-04-09T00:56:18Z" user="kashcheeva" uid="3808237">
  <nd ref="11803522067"/>
  <nd ref="11803559769"/>
  <nd ref="11803559772"/>
  <nd ref="11803522068"/>
  <nd ref="11803522067"/>
  <tag k="addr:housenumber" v="10"/>
  <tag k="addr:street" v="улица Крылова"/>
  <tag k="building" v="construction"/>
 </way>
 <way id="1271035890" visible="true" version="1" changeset="149756712" timestamp="2024-04-09T00:56:18Z" user="kashcheeva" uid="3808237">
  <nd ref="11803559787"/>
  <nd ref="11803559773"/>
  <nd ref="11803559786"/>
  <nd ref="11803559785"/>
  <nd ref="11803559784"/>
  <nd ref="11803559783"/>
  <nd ref="11803559782"/>
  <nd ref="11803559781"/>
  <nd ref="11803559780"/>
  <nd ref="11803559779"/>
  <nd ref="11803559778"/>
  <nd ref="11803559777"/>
  <nd ref="11803559776"/>
  <nd ref="11803559775"/>
  <nd ref="11803559774"/>
  <nd ref="11803559787"/>
  <tag k="landuse" v="construction"/>
  <tag k="name" v="ЖК Философия"/>
 </way>
 <way id="1271035891" visible="true" version="1" changeset="149756712" timestamp="2024-04-09T00:56:18Z" user="kashcheeva" uid="3808237">
  <nd ref="2529071329"/>
  <nd ref="11803559788"/>
  <nd ref="11803559789"/>
  <nd ref="11803559790"/>
  <nd ref="11803559791"/>
  <nd ref="11803559792"/>
  <nd ref="11803559793"/>
  <nd ref="11803559794"/>
  <nd ref="5344222851"/>
  <tag k="barrier" v="fence"/>
 </way>
 <way id="1271035892" visible="true" version="1" changeset="149756712" timestamp="2024-04-09T00:56:18Z" user="kashcheeva" uid="3808237">
  <nd ref="5411233675"/>
  <nd ref="11803559796"/>
  <nd ref="11803559795"/>
  <nd ref="11803559797"/>
  <tag k="barrier" v="fence"/>
 </way>
 <way id="1366166089" visible="true" version="1" changeset="163472164" timestamp="2025-03-11T07:27:26Z" user="Александр Синявский" uid="3798127">
  <nd ref="12651793720"/>
  <nd ref="4712923830"/>
  <nd ref="12651793724"/>
  <tag k="crossing" v="uncontrolled"/>
  <tag k="crossing:markings" v="yes"/>
  <tag k="footway" v="crossing"/>
  <tag k="highway" v="footway"/>
  <tag k="surface" v="asphalt"/>
 </way>
 <way id="1366166090" visible="true" version="1" changeset="163472164" timestamp="2025-03-11T07:27:26Z" user="Александр Синявский" uid="3798127">
  <nd ref="12651793719"/>
  <nd ref="4712923863"/>
  <nd ref="4712923864"/>
  <nd ref="6744839575"/>
  <nd ref="12651793727"/>
  <tag k="highway" v="footway"/>
 </way>
 <way id="1366166091" visible="true" version="1" changeset="163472164" timestamp="2025-03-11T07:27:26Z" user="Александр Синявский" uid="3798127">
  <nd ref="12651793727"/>
  <nd ref="4712923829"/>
  <nd ref="12651793726"/>
  <tag k="crossing" v="uncontrolled"/>
  <tag k="crossing:markings" v="yes"/>
  <tag k="footway" v="crossing"/>
  <tag k="highway" v="footway"/>
 </way>
 <way id="1503809891" visible="true" version="2" changeset="181851651" timestamp="2026-04-26T15:43:02Z" user="user_24008233" uid="24008233">
  <nd ref="393161946"/>
  <nd ref="4712923829"/>
  <nd ref="4712934571"/>
  <nd ref="4712934580"/>
  <tag k="highway" v="unclassified"/>
  <tag k="name" v="улица Крылова"/>
  <tag k="name:zh" v="克雷洛夫街"/>
  <tag k="surface" v="asphalt"/>
 </way>
 <relation id="2092831" visible="true" version="64" changeset="164331022" timestamp="2025-03-31T13:35:05Z" user="Александр Синявский" uid="3798127">
  <member type="node" ref="1229178202" role="stop"/>
  <member type="node" ref="4578615346" role="platform"/>
  <member type="node" ref="1684123464" role="stop"/>
  <member type="node" ref="4556561353" role="platform"/>
  <member type="node" ref="1468856918" role="stop"/>
  <member type="node" ref="4545477674" role="platform"/>
  <member type="node" ref="844644528" role="stop"/>
  <member type="node" ref="4545477673" role="platform"/>
  <member type="node" ref="638205283" role="stop"/>
  <member type="node" ref="4545477672" role="platform"/>
  <member type="node" ref="1819737629" role="stop"/>
  <member type="node" ref="1148546924" role="platform"/>
  <member type="node" ref="302949476" role="stop"/>
  <member type="node" ref="4578615344" role="platform"/>
  <member type="way" ref="242613257" role=""/>
  <member type="way" ref="588298467" role=""/>
  <member type="way" ref="440270027" role=""/>
  <member type="way" ref="316329729" role=""/>
  <member type="way" ref="480757174" role=""/>
  <member type="way" ref="204964968" role=""/>
  <member type="way" ref="480757173" role=""/>
  <member type="way" ref="480757172" role=""/>
  <member type="way" ref="480757171" role=""/>
  <member type="way" ref="480757170" role=""/>
  <member type="way" ref="440124586" role=""/>
  <member type="way" ref="71889655" role=""/>
  <member type="way" ref="245626982" role=""/>
  <member type="way" ref="256944583" role=""/>
  <member type="way" ref="256944578" role=""/>
  <member type="way" ref="242613270" role=""/>
  <member type="way" ref="256944579" role=""/>
  <member type="way" ref="483623417" role=""/>
  <member type="way" ref="213736875" role=""/>
  <member type="way" ref="213736871" role=""/>
  <member type="way" ref="315599215" role=""/>
  <member type="way" ref="460435118" role=""/>
  <member type="way" ref="483623418" role=""/>
  <member type="way" ref="487897220" role=""/>
  <member type="way" ref="213736874" role=""/>
  <member type="way" ref="460435119" role=""/>
  <member type="way" ref="491336392" role=""/>
  <member type="way" ref="256944580" role=""/>
  <member type="way" ref="180849363" role=""/>
  <member type="way" ref="180849364" role=""/>
  <member type="way" ref="219365221" role=""/>
  <member type="way" ref="347004719" role=""/>
  <member type="way" ref="180229842" role=""/>
  <member type="way" ref="330254520" role=""/>
  <member type="way" ref="219614815" role=""/>
  <member type="way" ref="245626981" role=""/>
  <member type="way" ref="489202673" role=""/>
  <member type="way" ref="315599212" role=""/>
  <member type="way" ref="343130003" role=""/>
  <member type="way" ref="23943507" role=""/>
  <member type="way" ref="91832806" role=""/>
  <member type="way" ref="156136773" role=""/>
  <member type="way" ref="315599207" role=""/>
  <member type="way" ref="478023607" role=""/>
  <member type="way" ref="91832803" role=""/>
  <member type="way" ref="1136496068" role=""/>
  <member type="way" ref="458565201" role=""/>
  <member type="way" ref="187776381" role=""/>
  <member type="way" ref="1136496070" role=""/>
  <member type="way" ref="762171075" role=""/>
  <member type="way" ref="330254504" role=""/>
  <member type="way" ref="40892450" role=""/>
  <member type="way" ref="190138862" role=""/>
  <member type="way" ref="462466187" role=""/>
  <member type="way" ref="156135373" role=""/>
  <member type="way" ref="50198550" role=""/>
  <member type="way" ref="50198552" role=""/>
  <member type="way" ref="156125703" role=""/>
  <tag k="colour" v="#FFEEDD"/>
  <tag k="interval" v="00:03"/>
  <tag k="interval:conditional" v="00:04 @ (Sa-Su 06:30-23:00)"/>
  <tag k="name" v="Автобус 38: Семеновская - Толстого"/>
  <tag k="network" v="city"/>
  <tag k="opening_hours" v="Mo-Fr 06:15-23:00; Sa-Su 06:30-23:00"/>
  <tag k="public_transport:version" v="2"/>
  <tag k="ref" v="38"/>
  <tag k="route" v="bus"/>
  <tag k="type" v="route"/>
 </relation>
 <relation id="2092879" visible="true" version="63" changeset="142989657" timestamp="2023-10-22T22:24:29Z" user="SomeoneElse" uid="61942">
  <member type="node" ref="302949476" role="stop"/>
  <member type="node" ref="4578615345" role="platform"/>
  <member type="node" ref="1819737629" role="stop"/>
  <member type="node" ref="1148546931" role="platform"/>
  <member type="node" ref="747620776" role="stop"/>
  <member type="node" ref="4545477671" role="platform"/>
  <member type="node" ref="844644521" role="stop"/>
  <member type="node" ref="4545477670" role="platform"/>
  <member type="node" ref="1823687996" role="stop"/>
  <member type="node" ref="4545477669" role="platform"/>
  <member type="node" ref="1823687997" role="stop"/>
  <member type="node" ref="4545477668" role="platform"/>
  <member type="node" ref="1468857028" role="stop"/>
  <member type="node" ref="4545477675" role="platform"/>
  <member type="node" ref="1684123466" role="stop"/>
  <member type="node" ref="4556561352" role="platform"/>
  <member type="node" ref="4512532388" role="stop"/>
  <member type="node" ref="1684261448" role="platform"/>
  <member type="node" ref="1229178202" role="stop"/>
  <member type="node" ref="4578615346" role="platform"/>
  <member type="way" ref="156125703" role=""/>
  <member type="way" ref="50198552" role=""/>
  <member type="way" ref="50198546" role=""/>
  <member type="way" ref="460860692" role=""/>
  <member type="way" ref="50198536" role=""/>
  <member type="way" ref="460864673" role=""/>
  <member type="way" ref="27612221" role=""/>
  <member type="way" ref="462466191" role=""/>
  <member type="way" ref="177288866" role=""/>
  <member type="way" ref="79733030" role=""/>
  <member type="way" ref="177288870" role=""/>
  <member type="way" ref="1192148914" role=""/>
  <member type="way" ref="24205843" role=""/>
  <member type="way" ref="200893310" role=""/>
  <member type="way" ref="459962960" role=""/>
  <member type="way" ref="762171076" role=""/>
  <member type="way" ref="245017755" role=""/>
  <member type="way" ref="330254514" role=""/>
  <member type="way" ref="176215770" role=""/>
  <member type="way" ref="458565200" role=""/>
  <member type="way" ref="245775876" role=""/>
  <member type="way" ref="179632846" role=""/>
  <member type="way" ref="102414068" role=""/>
  <member type="way" ref="219616126" role=""/>
  <member type="way" ref="458432526" role=""/>
  <member type="way" ref="82264262" role=""/>
  <member type="way" ref="94258507" role=""/>
  <member type="way" ref="23943507" role=""/>
  <member type="way" ref="343130003" role=""/>
  <member type="way" ref="315599212" role=""/>
  <member type="way" ref="489202673" role=""/>
  <member type="way" ref="245626981" role=""/>
  <member type="way" ref="219614815" role=""/>
  <member type="way" ref="330254520" role=""/>
  <member type="way" ref="180229842" role=""/>
  <member type="way" ref="347004719" role=""/>
  <member type="way" ref="219365221" role=""/>
  <member type="way" ref="180849364" role=""/>
  <member type="way" ref="180849363" role=""/>
  <member type="way" ref="256944580" role=""/>
  <member type="way" ref="491336392" role=""/>
  <member type="way" ref="460435119" role=""/>
  <member type="way" ref="213736874" role=""/>
  <member type="way" ref="487897220" role=""/>
  <member type="way" ref="483623418" role=""/>
  <member type="way" ref="460435118" role=""/>
  <member type="way" ref="315599215" role=""/>
  <member type="way" ref="213736871" role=""/>
  <member type="way" ref="213736875" role=""/>
  <member type="way" ref="483623417" role=""/>
  <member type="way" ref="256944579" role=""/>
  <member type="way" ref="256944581" role=""/>
  <member type="way" ref="256944576" role=""/>
  <member type="way" ref="178927383" role=""/>
  <member type="way" ref="256944582" role=""/>
  <member type="way" ref="245626982" role=""/>
  <member type="way" ref="71889655" role=""/>
  <member type="way" ref="440124586" role=""/>
  <member type="way" ref="480757170" role=""/>
  <member type="way" ref="480757171" role=""/>
  <member type="way" ref="480757172" role=""/>
  <member type="way" ref="480757173" role=""/>
  <member type="way" ref="204964968" role=""/>
  <member type="way" ref="480757174" role=""/>
  <member type="way" ref="316329729" role=""/>
  <member type="way" ref="440270027" role=""/>
  <member type="way" ref="170064458" role=""/>
  <member type="way" ref="461305501" role=""/>
  <member type="way" ref="158025792" role=""/>
  <member type="way" ref="26766778" role=""/>
  <member type="way" ref="178419667" role=""/>
  <member type="way" ref="455557546" role=""/>
  <tag k="from" v="Толстого"/>
  <tag k="interval" v="00:03"/>
  <tag k="interval:conditional" v="00:04 @ (Sa-Su 06:30-23:00)"/>
  <tag k="name" v="Автобус 38: Толстого - Семёновская"/>
  <tag k="network" v="city"/>
  <tag k="opening_hours" v="Mo-Fr 06:15-23:00; Sa-Su 06:30-23:00"/>
  <tag k="public_transport:version" v="2"/>
  <tag k="ref" v="38"/>
  <tag k="route" v="bus"/>
  <tag k="to" v="Семёновская"/>
  <tag k="type" v="route"/>
 </relation>
 <relation id="2092884" visible="true" version="2" changeset="62298445" timestamp="2018-09-05T04:59:30Z" user="kashcheeva" uid="3808237">
  <member type="relation" ref="2092831" role=""/>
  <member type="relation" ref="2092879" role=""/>
  <tag k="name" v="Автобус 38"/>
  <tag k="network" v="city"/>
  <tag k="ref" v="38"/>
  <tag k="route" v="bus"/>
  <tag k="route_master" v="bus"/>
  <tag k="type" v="route_master"/>
 </relation>
 <relation id="2261933" visible="true" version="48" changeset="142989657" timestamp="2023-10-22T22:24:29Z" user="SomeoneElse" uid="61942">
  <member type="node" ref="2074220662" role="stop"/>
  <member type="node" ref="4578733967" role="platform"/>
  <member type="node" ref="4534712971" role="platform"/>
  <member type="node" ref="4534712970" role="stop"/>
  <member type="node" ref="844644561" role="platform"/>
  <member type="node" ref="4534712973" role="stop"/>
  <member type="node" ref="4534712966" role="platform"/>
  <member type="node" ref="4534712965" role="stop"/>
  <member type="node" ref="4519498503" role="platform"/>
  <member type="node" ref="1579203986" role="stop"/>
  <member type="node" ref="1685290098" role="platform"/>
  <member type="node" ref="4519498500" role="stop"/>
  <member type="node" ref="1810755215" role="platform"/>
  <member type="node" ref="4519498494" role="stop"/>
  <member type="node" ref="4545477670" role="platform"/>
  <member type="node" ref="844644521" role="stop"/>
  <member type="node" ref="4545477669" role="platform"/>
  <member type="node" ref="1823687996" role="stop"/>
  <member type="node" ref="4545477668" role="platform"/>
  <member type="node" ref="1823687997" role="stop"/>
  <member type="node" ref="4545477675" role="platform"/>
  <member type="node" ref="1468857028" role="stop"/>
  <member type="way" ref="460435120" role=""/>
  <member type="way" ref="480991090" role=""/>
  <member type="way" ref="480991089" role=""/>
  <member type="way" ref="103379950" role=""/>
  <member type="way" ref="460650378" role=""/>
  <member type="way" ref="32942845" role=""/>
  <member type="way" ref="682566286" role=""/>
  <member type="way" ref="169917013" role=""/>
  <member type="way" ref="179936130" role="backward"/>
  <member type="way" ref="495625858" role="forward"/>
  <member type="way" ref="495625857" role="forward"/>
  <member type="way" ref="179936128" role="forward"/>
  <member type="way" ref="169917014" role=""/>
  <member type="way" ref="28284805" role="forward"/>
  <member type="way" ref="171632462" role="forward"/>
  <member type="way" ref="489494172" role="forward"/>
  <member type="way" ref="462252641" role="forward"/>
  <member type="way" ref="169917010" role=""/>
  <member type="way" ref="519178901" role=""/>
  <member type="way" ref="459880900" role=""/>
  <member type="way" ref="30450235" role=""/>
  <member type="way" ref="27660168" role=""/>
  <member type="way" ref="78043268" role=""/>
  <member type="way" ref="156269123" role=""/>
  <member type="way" ref="462257892" role=""/>
  <member type="way" ref="459083815" role=""/>
  <member type="way" ref="33686741" role="forward"/>
  <member type="way" ref="200893305" role="forward"/>
  <member type="way" ref="478023608" role=""/>
  <member type="way" ref="478023609" role="forward"/>
  <member type="way" ref="24205843" role="forward"/>
  <member type="way" ref="200893310" role="forward"/>
  <member type="way" ref="459962960" role="forward"/>
  <member type="way" ref="762171076" role="forward"/>
  <member type="way" ref="245017755" role="forward"/>
  <member type="way" ref="330254514" role="forward"/>
  <member type="way" ref="176215770" role="forward"/>
  <member type="way" ref="458565200" role=""/>
  <member type="way" ref="245775876" role="forward"/>
  <member type="way" ref="179632846" role="forward"/>
  <member type="way" ref="102414068" role="forward"/>
  <member type="way" ref="219616126" role="forward"/>
  <tag k="from" v="Карбышева"/>
  <tag k="interval" v="00:06"/>
  <tag k="name" v="Автобус 85: Карбышева - Фуникулёр"/>
  <tag k="network" v="city"/>
  <tag k="opening_hours" v="Mo-Su 06:00-23:00"/>
  <tag k="ref" v="85"/>
  <tag k="route" v="bus"/>
  <tag k="to" v="Фуникулёр"/>
  <tag k="type" v="route"/>
 </relation>
 <relation id="2261939" visible="true" version="39" changeset="142989657" timestamp="2023-10-22T22:24:29Z" user="SomeoneElse" uid="61942">
  <member type="node" ref="1468857028" role="stop"/>
  <member type="node" ref="4545477675" role="platform"/>
  <member type="node" ref="844644528" role="stop"/>
  <member type="node" ref="4545477673" role="platform"/>
  <member type="node" ref="6146537224" role="stop"/>
  <member type="node" ref="6146537223" role="platform"/>
  <member type="node" ref="4519498499" role="stop"/>
  <member type="node" ref="5302729501" role="platform"/>
  <member type="node" ref="844644538" role="stop"/>
  <member type="node" ref="4519498506" role="platform"/>
  <member type="node" ref="844644530" role="stop"/>
  <member type="node" ref="4519498507" role="platform"/>
  <member type="node" ref="4534712974" role="stop"/>
  <member type="node" ref="1810755214" role="platform"/>
  <member type="node" ref="4534712972" role="stop"/>
  <member type="node" ref="844644551" role="platform"/>
  <member type="node" ref="370074478" role="stop"/>
  <member type="node" ref="4562554030" role="platform"/>
  <member type="node" ref="2074220662" role="stop"/>
  <member type="node" ref="4576538848" role="platform"/>
  <member type="way" ref="458432526" role=""/>
  <member type="way" ref="91832804" role="forward"/>
  <member type="way" ref="219616127" role="forward"/>
  <member type="way" ref="169917593" role="forward"/>
  <member type="way" ref="156136773" role="forward"/>
  <member type="way" ref="315599207" role="forward"/>
  <member type="way" ref="478023607" role="forward"/>
  <member type="way" ref="91832803" role="forward"/>
  <member type="way" ref="1136496068" role="forward"/>
  <member type="way" ref="458565201" role="forward"/>
  <member type="way" ref="187776381" role="forward"/>
  <member type="way" ref="1136496070" role="forward"/>
  <member type="way" ref="762171075" role="forward"/>
  <member type="way" ref="330254504" role="forward"/>
  <member type="way" ref="156126829" role=""/>
  <member type="way" ref="79733026" role=""/>
  <member type="way" ref="194038239" role="forward"/>
  <member type="way" ref="110606549" role="forward"/>
  <member type="way" ref="156268452" role="forward"/>
  <member type="way" ref="1194187316" role="forward"/>
  <member type="way" ref="24332235" role="forward"/>
  <member type="way" ref="462258504" role=""/>
  <member type="way" ref="24332236" role=""/>
  <member type="way" ref="27660148" role=""/>
  <member type="way" ref="27659856" role="forward"/>
  <member type="way" ref="148645122" role="forward"/>
  <member type="way" ref="462035663" role="forward"/>
  <member type="way" ref="462252640" role="forward"/>
  <member type="way" ref="27659820" role="forward"/>
  <member type="way" ref="28284801" role="forward"/>
  <member type="way" ref="169917014" role=""/>
  <member type="way" ref="179936131" role=""/>
  <member type="way" ref="132995497" role=""/>
  <member type="way" ref="495625859" role=""/>
  <member type="way" ref="495625860" role=""/>
  <member type="way" ref="169917013" role=""/>
  <member type="way" ref="682566286" role=""/>
  <member type="way" ref="32942845" role=""/>
  <member type="way" ref="460650378" role=""/>
  <member type="way" ref="103379950" role=""/>
  <member type="way" ref="480991089" role=""/>
  <member type="way" ref="480991090" role=""/>
  <member type="way" ref="460435120" role=""/>
  <tag k="from" v="Фуникулёр"/>
  <tag k="interval" v="00:06"/>
  <tag k="name" v="Автобус 85: Фуникулёр - Карбышева"/>
  <tag k="network" v="city"/>
  <tag k="opening_hours" v="Mo-Su 06:00-23:00"/>
  <tag k="ref" v="85"/>
  <tag k="route" v="bus"/>
  <tag k="to" v="Карбышева"/>
  <tag k="type" v="route"/>
 </relation>
 <relation id="2261940" visible="true" version="3" changeset="62298482" timestamp="2018-09-05T05:02:45Z" user="kashcheeva" uid="3808237">
  <member type="relation" ref="2261933" role=""/>
  <member type="relation" ref="2261939" role=""/>
  <tag k="name" v="Автобус 85"/>
  <tag k="network" v="city"/>
  <tag k="ref" v="85"/>
  <tag k="route" v="bus"/>
  <tag k="route_master" v="bus"/>
  <tag k="type" v="route_master"/>
 </relation>
 <relation id="2263290" visible="true" version="65" changeset="179617530" timestamp="2026-03-10T05:46:07Z" user="user_23858439" uid="23858439">
  <member type="node" ref="293259803" role="stop"/>
  <member type="node" ref="4578617363" role="platform"/>
  <member type="node" ref="792540085" role="stop"/>
  <member type="node" ref="4556561355" role="platform"/>
  <member type="node" ref="4556561357" role="platform"/>
  <member type="node" ref="4540729922" role="stop"/>
  <member type="node" ref="1685281810" role="platform"/>
  <member type="node" ref="4556561351" role="platform"/>
  <member type="node" ref="702359353" role="stop"/>
  <member type="node" ref="4556561349" role="platform"/>
  <member type="node" ref="5623328693" role="stop"/>
  <member type="node" ref="5623328692" role="platform"/>
  <member type="node" ref="4540729921" role="stop"/>
  <member type="node" ref="2490611268" role="platform"/>
  <member type="node" ref="1684123464" role="stop"/>
  <member type="node" ref="4556561353" role="platform"/>
  <member type="node" ref="1468856918" role="stop"/>
  <member type="node" ref="4545477674" role="platform"/>
  <member type="node" ref="844644528" role="stop"/>
  <member type="node" ref="4545477673" role="platform"/>
  <member type="node" ref="638205283" role="stop"/>
  <member type="node" ref="4545477672" role="platform"/>
  <member type="node" ref="1819737629" role="stop"/>
  <member type="node" ref="1148546924" role="platform"/>
  <member type="node" ref="302949476" role="stop"/>
  <member type="node" ref="4578615344" role="platform"/>
  <member type="way" ref="1192869067" role=""/>
  <member type="way" ref="28434324" role=""/>
  <member type="way" ref="26737080" role=""/>
  <member type="way" ref="1487083371" role=""/>
  <member type="way" ref="1194158160" role=""/>
  <member type="way" ref="26737156" role=""/>
  <member type="way" ref="26766007" role=""/>
  <member type="way" ref="105464235" role=""/>
  <member type="way" ref="663667704" role=""/>
  <member type="way" ref="105464238" role=""/>
  <member type="way" ref="102757583" role=""/>
  <member type="way" ref="26766100" role=""/>
  <member type="way" ref="241189115" role=""/>
  <member type="way" ref="23734746" role=""/>
  <member type="way" ref="177000681" role=""/>
  <member type="way" ref="176994970" role=""/>
  <member type="way" ref="156269121" role=""/>
  <member type="way" ref="155383159" role=""/>
  <member type="way" ref="1263608620" role=""/>
  <member type="way" ref="1318297733" role=""/>
  <member type="way" ref="158024105" role=""/>
  <member type="way" ref="172595878" role=""/>
  <member type="way" ref="460859189" role=""/>
  <member type="way" ref="50633846" role=""/>
  <member type="way" ref="826999075" role=""/>
  <member type="way" ref="204964967" role=""/>
  <member type="way" ref="440270027" role=""/>
  <member type="way" ref="316329729" role=""/>
  <member type="way" ref="480757174" role=""/>
  <member type="way" ref="204964968" role=""/>
  <member type="way" ref="480757173" role=""/>
  <member type="way" ref="480757172" role=""/>
  <member type="way" ref="480757171" role=""/>
  <member type="way" ref="480757170" role=""/>
  <member type="way" ref="440124586" role=""/>
  <member type="way" ref="71889655" role=""/>
  <member type="way" ref="245626982" role=""/>
  <member type="way" ref="256944583" role=""/>
  <member type="way" ref="256944578" role=""/>
  <member type="way" ref="242613270" role=""/>
  <member type="way" ref="256944579" role=""/>
  <member type="way" ref="483623417" role=""/>
  <member type="way" ref="213736875" role=""/>
  <member type="way" ref="213736871" role=""/>
  <member type="way" ref="315599215" role=""/>
  <member type="way" ref="460435118" role=""/>
  <member type="way" ref="483623418" role=""/>
  <member type="way" ref="487897220" role=""/>
  <member type="way" ref="213736874" role=""/>
  <member type="way" ref="460435119" role=""/>
  <member type="way" ref="491336392" role=""/>
  <member type="way" ref="256944580" role=""/>
  <member type="way" ref="180849363" role=""/>
  <member type="way" ref="180849364" role=""/>
  <member type="way" ref="219365221" role=""/>
  <member type="way" ref="347004719" role=""/>
  <member type="way" ref="180229842" role=""/>
  <member type="way" ref="330254520" role=""/>
  <member type="way" ref="219614815" role=""/>
  <member type="way" ref="245626981" role=""/>
  <member type="way" ref="489202673" role=""/>
  <member type="way" ref="315599212" role=""/>
  <member type="way" ref="343130003" role=""/>
  <member type="way" ref="23943507" role=""/>
  <member type="way" ref="91832806" role=""/>
  <member type="way" ref="156136773" role=""/>
  <member type="way" ref="315599207" role=""/>
  <member type="way" ref="478023607" role=""/>
  <member type="way" ref="91832803" role=""/>
  <member type="way" ref="1136496068" role=""/>
  <member type="way" ref="458565201" role=""/>
  <member type="way" ref="187776381" role=""/>
  <member type="way" ref="1136496070" role=""/>
  <member type="way" ref="762171075" role=""/>
  <member type="way" ref="330254504" role=""/>
  <member type="way" ref="40892450" role=""/>
  <member type="way" ref="190138862" role=""/>
  <member type="way" ref="462466187" role=""/>
  <member type="way" ref="156135373" role=""/>
  <member type="way" ref="50198550" role=""/>
  <member type="way" ref="50198552" role=""/>
  <member type="way" ref="156125703" role=""/>
  <tag k="description" v="Маяк - Толстого"/>
  <tag k="from" v="Маяк"/>
  <tag k="interval" v="01:21"/>
  <tag k="name" v="Автобус 57: Маяк - Толстого"/>
  <tag k="network" v="city"/>
  <tag k="note" v="Маршрут прекратил существование, но отношение не удалено, на случай возврата к прежней транспортной схеме"/>
  <tag k="not:route" v="bus"/>
  <tag k="not:type" v="route"/>
  <tag k="opening_hours" v="Mo-Fr 06:00-23:00; Sa-Su 06:15-23:00"/>
  <tag k="public_transport:version" v="2"/>
  <tag k="ref" v="57"/>
  <tag k="to" v="Толстого"/>
 </relation>
 <relation id="2263307" visible="true" version="72" changeset="185390328" timestamp="2026-07-09T07:34:15Z" user="Иван19901" uid="10089317">
  <member type="node" ref="302949476" role="stop"/>
  <member type="node" ref="4578615345" role="platform"/>
  <member type="node" ref="1819737629" role="stop"/>
  <member type="node" ref="1148546931" role="platform"/>
  <member type="node" ref="747620776" role="stop"/>
  <member type="node" ref="4545477671" role="platform"/>
  <member type="node" ref="1823687996" role="stop"/>
  <member type="node" ref="4545477669" role="platform"/>
  <member type="node" ref="1823687997" role="stop"/>
  <member type="node" ref="4545477668" role="platform"/>
  <member type="node" ref="1468857028" role="stop"/>
  <member type="node" ref="4545477675" role="platform"/>
  <member type="node" ref="1684123466" role="stop"/>
  <member type="node" ref="4556561352" role="platform"/>
  <member type="node" ref="4512532388" role="stop"/>
  <member type="node" ref="1684261448" role="platform"/>
  <member type="node" ref="1724699614" role="stop"/>
  <member type="node" ref="4556561354" role="platform"/>
  <member type="node" ref="4512532373" role="stop"/>
  <member type="node" ref="1677918629" role="platform"/>
  <member type="node" ref="4542729819" role="stop"/>
  <member type="node" ref="1229178204" role="platform"/>
  <member type="node" ref="11163015770" role="stop"/>
  <member type="node" ref="5148659571" role="platform"/>
  <member type="node" ref="4542729820" role="stop"/>
  <member type="node" ref="702359358" role="platform"/>
  <member type="node" ref="4542729818" role="stop"/>
  <member type="node" ref="825898535" role="platform"/>
  <member type="node" ref="702359353" role="stop"/>
  <member type="node" ref="4556561350" role="platform"/>
  <member type="node" ref="4542729821" role="stop"/>
  <member type="node" ref="792539568" role="platform"/>
  <member type="node" ref="4542729822" role="stop"/>
  <member type="node" ref="792539140" role="platform"/>
  <member type="node" ref="4556561358" role="platform"/>
  <member type="node" ref="792540085" role="stop"/>
  <member type="node" ref="4556561356" role="platform"/>
  <member type="node" ref="293259803" role="stop"/>
  <member type="node" ref="4578629364" role="platform"/>
  <member type="way" ref="156125703" role=""/>
  <member type="way" ref="50198552" role=""/>
  <member type="way" ref="50198546" role=""/>
  <member type="way" ref="460860692" role=""/>
  <member type="way" ref="50198536" role=""/>
  <member type="way" ref="460864673" role=""/>
  <member type="way" ref="27612221" role=""/>
  <member type="way" ref="462466191" role=""/>
  <member type="way" ref="177288866" role=""/>
  <member type="way" ref="79733030" role=""/>
  <member type="way" ref="177288870" role=""/>
  <member type="way" ref="1192148914" role=""/>
  <member type="way" ref="24205843" role=""/>
  <member type="way" ref="200893310" role=""/>
  <member type="way" ref="459962960" role=""/>
  <member type="way" ref="762171076" role=""/>
  <member type="way" ref="245017755" role=""/>
  <member type="way" ref="330254514" role=""/>
  <member type="way" ref="176215770" role=""/>
  <member type="way" ref="458565200" role=""/>
  <member type="way" ref="245775876" role=""/>
  <member type="way" ref="179632846" role=""/>
  <member type="way" ref="102414068" role=""/>
  <member type="way" ref="219616126" role=""/>
  <member type="way" ref="458432526" role=""/>
  <member type="way" ref="82264262" role=""/>
  <member type="way" ref="94258507" role=""/>
  <member type="way" ref="23943507" role=""/>
  <member type="way" ref="343130003" role=""/>
  <member type="way" ref="315599212" role=""/>
  <member type="way" ref="489202673" role=""/>
  <member type="way" ref="245626981" role=""/>
  <member type="way" ref="219614815" role=""/>
  <member type="way" ref="330254520" role=""/>
  <member type="way" ref="180229842" role=""/>
  <member type="way" ref="347004719" role=""/>
  <member type="way" ref="219365221" role=""/>
  <member type="way" ref="180849364" role=""/>
  <member type="way" ref="180849363" role=""/>
  <member type="way" ref="256944580" role=""/>
  <member type="way" ref="491336392" role=""/>
  <member type="way" ref="460435119" role=""/>
  <member type="way" ref="213736874" role=""/>
  <member type="way" ref="487897220" role=""/>
  <member type="way" ref="483623418" role=""/>
  <member type="way" ref="460435118" role=""/>
  <member type="way" ref="315599215" role=""/>
  <member type="way" ref="213736871" role=""/>
  <member type="way" ref="213736875" role=""/>
  <member type="way" ref="483623417" role=""/>
  <member type="way" ref="256944579" role=""/>
  <member type="way" ref="242613270" role=""/>
  <member type="way" ref="256944578" role=""/>
  <member type="way" ref="256944583" role=""/>
  <member type="way" ref="245626982" role=""/>
  <member type="way" ref="71889655" role=""/>
  <member type="way" ref="440124586" role=""/>
  <member type="way" ref="480757170" role=""/>
  <member type="way" ref="480757171" role=""/>
  <member type="way" ref="480757172" role=""/>
  <member type="way" ref="480757173" role=""/>
  <member type="way" ref="204964968" role=""/>
  <member type="way" ref="480757174" role=""/>
  <member type="way" ref="316329729" role=""/>
  <member type="way" ref="440270027" role=""/>
  <member type="way" ref="170064458" role=""/>
  <member type="way" ref="461305501" role=""/>
  <member type="way" ref="158025792" role=""/>
  <member type="way" ref="50638456" role=""/>
  <member type="way" ref="176990247" role=""/>
  <member type="way" ref="158025790" role=""/>
  <member type="way" ref="176931293" role=""/>
  <member type="way" ref="1536769499" role=""/>
  <member type="way" ref="1318297733" role=""/>
  <member type="way" ref="1263608620" role=""/>
  <member type="way" ref="155383159" role=""/>
  <member type="way" ref="156269121" role=""/>
  <member type="way" ref="172595883" role=""/>
  <member type="way" ref="156269124" role=""/>
  <member type="way" ref="1192865897" role=""/>
  <member type="way" ref="27589219" role=""/>
  <member type="way" ref="118400617" role=""/>
  <member type="way" ref="102757583" role=""/>
  <member type="way" ref="105464238" role=""/>
  <member type="way" ref="663667704" role=""/>
  <member type="way" ref="105464235" role=""/>
  <member type="way" ref="26766007" role=""/>
  <member type="way" ref="26737156" role=""/>
  <member type="way" ref="1194158160" role=""/>
  <member type="way" ref="1487083371" role=""/>
  <member type="way" ref="26737080" role=""/>
  <member type="way" ref="28434324" role=""/>
  <member type="way" ref="1192869067" role=""/>
  <tag k="from" v="Толстого"/>
  <tag k="interval" v="01:21"/>
  <tag k="name" v="Автобус 57: Толстого - Маяк"/>
  <tag k="network" v="city"/>
  <tag k="note" v="Маршрут прекратил существование, но отношение не удалено, на случай возврата к прежней транспортной схеме"/>
  <tag k="not:route" v="bus"/>
  <tag k="not:type" v="route"/>
  <tag k="opening_hours" v="Mo-Fr 06:00-23:00; Sa-Su 06:15-23:00"/>
  <tag k="public_transport:version" v="2"/>
  <tag k="ref" v="57"/>
  <tag k="to" v="Маяк"/>
 </relation>
 <relation id="2263308" visible="true" version="2" changeset="62298454" timestamp="2018-09-05T05:00:12Z" user="kashcheeva" uid="3808237">
  <member type="relation" ref="2263307" role=""/>
  <member type="relation" ref="2263290" role=""/>
  <tag k="name" v="Автобус 57"/>
  <tag k="network" v="city"/>
  <tag k="ref" v="57"/>
  <tag k="route" v="bus"/>
  <tag k="route_master" v="bus"/>
  <tag k="type" v="route_master"/>
 </relation>
 <relation id="6778453" visible="true" version="3" changeset="140362714" timestamp="2023-08-25T09:43:40Z" user="NorthCrab" uid="15215305">
  <member type="node" ref="1823687997" role="stop"/>
  <member type="node" ref="4545477668" role="platform"/>
  <tag k="name" v="Голубиная падь"/>
  <tag k="public_transport" v="stop_area"/>
  <tag k="type" v="public_transport"/>
 </relation>
 <relation id="6778454" visible="true" version="3" changeset="140362714" timestamp="2023-08-25T09:43:40Z" user="NorthCrab" uid="15215305">
  <member type="node" ref="1823687996" role="stop"/>
  <member type="node" ref="4545477669" role="platform"/>
  <tag k="name" v="Студенческая"/>
  <tag k="public_transport" v="stop_area"/>
  <tag k="type" v="public_transport"/>
 </relation>
 <relation id="6778455" visible="true" version="4" changeset="140362714" timestamp="2023-08-25T09:43:40Z" user="NorthCrab" uid="15215305">
  <member type="node" ref="844644521" role="stop"/>
  <member type="node" ref="4545477670" role="platform"/>
  <tag k="name" v="Владивостокский Государственный университет"/>
  <tag k="public_transport" v="stop_area"/>
  <tag k="type" v="public_transport"/>
 </relation>
 <relation id="6778457" visible="true" version="3" changeset="140362714" timestamp="2023-08-25T09:43:40Z" user="NorthCrab" uid="15215305">
  <member type="node" ref="844644528" role="stop"/>
  <member type="node" ref="4545477673" role="platform"/>
  <tag k="alt_name" v="Гостинки"/>
  <tag k="name" v="Некрасовская, 50"/>
  <tag k="public_transport" v="stop_area"/>
  <tag k="type" v="public_transport"/>
 </relation>
 <relation id="6778474" visible="true" version="67" changeset="184762215" timestamp="2026-06-28T21:12:46Z" user="iuvi" uid="24048118">
  <member type="node" ref="5119012728" role="stop"/>
  <member type="node" ref="4545478413" role="platform"/>
  <member type="node" ref="4545478410" role="stop"/>
  <member type="node" ref="4161420191" role="platform"/>
  <member type="node" ref="4545478409" role="stop"/>
  <member type="node" ref="4161426989" role="platform"/>
  <member type="node" ref="4545478406" role="stop"/>
  <member type="node" ref="4161427089" role="platform"/>
  <member type="node" ref="4545478403" role="stop"/>
  <member type="node" ref="4161420192" role="platform"/>
  <member type="node" ref="4545478400" role="stop"/>
  <member type="node" ref="2215247135" role="platform"/>
  <member type="node" ref="4545478397" role="stop"/>
  <member type="node" ref="1868130802" role="platform"/>
  <member type="node" ref="2043800238" role="stop"/>
  <member type="node" ref="4161427189" role="platform"/>
  <member type="node" ref="4545478393" role="stop"/>
  <member type="node" ref="4545478394" role="platform"/>
  <member type="node" ref="4545478390" role="stop"/>
  <member type="node" ref="2215249799" role="platform"/>
  <member type="node" ref="1868093541" role="stop"/>
  <member type="node" ref="2327796384" role="platform"/>
  <member type="node" ref="4545477687" role="stop"/>
  <member type="node" ref="4419011802" role="platform"/>
  <member type="node" ref="4545477683" role="stop"/>
  <member type="node" ref="4545477685" role="platform"/>
  <member type="node" ref="4540177506" role="stop"/>
  <member type="node" ref="4419020289" role="platform"/>
  <member type="node" ref="4540177504" role="stop"/>
  <member type="node" ref="1884712284" role="platform"/>
  <member type="node" ref="4545477679" role="stop"/>
  <member type="node" ref="4545477681" role="platform"/>
  <member type="node" ref="4545477677" role="stop"/>
  <member type="node" ref="2496006480" role="platform"/>
  <member type="node" ref="1468857028" role="stop"/>
  <member type="node" ref="4545477675" role="platform"/>
  <member type="node" ref="844644528" role="stop"/>
  <member type="node" ref="4545477673" role="platform"/>
  <member type="node" ref="638205283" role="stop"/>
  <member type="node" ref="4545477672" role="platform"/>
  <member type="node" ref="747620776" role="stop"/>
  <member type="node" ref="4545477671" role="platform"/>
  <member type="node" ref="4712924146" role="stop"/>
  <member type="node" ref="1892786335" role="platform"/>
  <member type="node" ref="4712924149" role="stop"/>
  <member type="node" ref="1892786336" role="platform"/>
  <member type="node" ref="4512532375" role="stop"/>
  <member type="node" ref="1892777211" role="platform"/>
  <member type="node" ref="4512532374" role="stop"/>
  <member type="node" ref="1377435781" role="platform"/>
  <member type="node" ref="4556585866" role="stop"/>
  <member type="node" ref="4556585865" role="platform"/>
  <member type="way" ref="526399877" role=""/>
  <member type="way" ref="237885156" role=""/>
  <member type="way" ref="1332579969" role=""/>
  <member type="way" ref="330099602" role=""/>
  <member type="way" ref="222724093" role=""/>
  <member type="way" ref="222724085" role=""/>
  <member type="way" ref="222724082" role=""/>
  <member type="way" ref="1332579970" role=""/>
  <member type="way" ref="222724074" role=""/>
  <member type="way" ref="222724076" role=""/>
  <member type="way" ref="462466188" role=""/>
  <member type="way" ref="222724102" role=""/>
  <member type="way" ref="222724079" role=""/>
  <member type="way" ref="1164984446" role=""/>
  <member type="way" ref="1011043757" role=""/>
  <member type="way" ref="222724089" role=""/>
  <member type="way" ref="222724083" role=""/>
  <member type="way" ref="1154150109" role=""/>
  <member type="way" ref="222724097" role=""/>
  <member type="way" ref="222724098" role=""/>
  <member type="way" ref="1164984445" role=""/>
  <member type="way" ref="462227076" role=""/>
  <member type="way" ref="222724096" role=""/>
  <member type="way" ref="1332789622" role=""/>
  <member type="way" ref="491512581" role=""/>
  <member type="way" ref="222724075" role=""/>
  <member type="way" ref="222724092" role=""/>
  <member type="way" ref="222724080" role=""/>
  <member type="way" ref="223935543" role=""/>
  <member type="way" ref="458565210" role=""/>
  <member type="way" ref="176265912" role=""/>
  <member type="way" ref="235135574" role=""/>
  <member type="way" ref="235135577" role=""/>
  <member type="way" ref="45790339" role=""/>
  <member type="way" ref="147106312" role=""/>
  <member type="way" ref="456699268" role=""/>
  <member type="way" ref="961771909" role=""/>
  <member type="way" ref="401889903" role=""/>
  <member type="way" ref="182085044" role=""/>
  <member type="way" ref="176265459" role=""/>
  <member type="way" ref="176265464" role=""/>
  <member type="way" ref="187780201" role=""/>
  <member type="way" ref="176265461" role=""/>
  <member type="way" ref="460075858" role=""/>
  <member type="way" ref="176265463" role=""/>
  <member type="way" ref="340799566" role=""/>
  <member type="way" ref="489025640" role=""/>
  <member type="way" ref="161753989" role=""/>
  <member type="way" ref="161753991" role=""/>
  <member type="way" ref="347456925" role=""/>
  <member type="way" ref="458964939" role=""/>
  <member type="way" ref="457961230" role=""/>
  <member type="way" ref="178090100" role=""/>
  <member type="way" ref="178090099" role=""/>
  <member type="way" ref="457961229" role=""/>
  <member type="way" ref="460855934" role=""/>
  <member type="way" ref="762740039" role=""/>
  <member type="way" ref="178090087" role=""/>
  <member type="way" ref="178090098" role=""/>
  <member type="way" ref="330254503" role=""/>
  <member type="way" ref="186711508" role=""/>
  <member type="way" ref="178090081" role=""/>
  <member type="way" ref="178090085" role=""/>
  <member type="way" ref="178090093" role=""/>
  <member type="way" ref="1136496066" role=""/>
  <member type="way" ref="458565201" role=""/>
  <member type="way" ref="178090097" role=""/>
  <member type="way" ref="178090082" role=""/>
  <member type="way" ref="178090086" role=""/>
  <member type="way" ref="178090089" role=""/>
  <member type="way" ref="458565200" role=""/>
  <member type="way" ref="245775876" role=""/>
  <member type="way" ref="179632846" role=""/>
  <member type="way" ref="102414068" role=""/>
  <member type="way" ref="219616126" role=""/>
  <member type="way" ref="458432526" role=""/>
  <member type="way" ref="91832804" role=""/>
  <member type="way" ref="219616127" role=""/>
  <member type="way" ref="169917593" role=""/>
  <member type="way" ref="156136773" role=""/>
  <member type="way" ref="315599207" role=""/>
  <member type="way" ref="478023607" role=""/>
  <member type="way" ref="91832803" role=""/>
  <member type="way" ref="1136496068" role=""/>
  <member type="way" ref="458565201" role=""/>
  <member type="way" ref="187776381" role=""/>
  <member type="way" ref="1136496070" role=""/>
  <member type="way" ref="762171075" role=""/>
  <member type="way" ref="330254504" role=""/>
  <member type="way" ref="40892450" role=""/>
  <member type="way" ref="190138862" role=""/>
  <member type="way" ref="462466187" role=""/>
  <member type="way" ref="156135373" role=""/>
  <member type="way" ref="156135714" role=""/>
  <member type="way" ref="460860692" role=""/>
  <member type="way" ref="50198536" role=""/>
  <member type="way" ref="460864673" role=""/>
  <member type="way" ref="27612221" role=""/>
  <member type="way" ref="462466191" role=""/>
  <member type="way" ref="177288866" role=""/>
  <member type="way" ref="79733030" role=""/>
  <member type="way" ref="187006142" role=""/>
  <member type="way" ref="187006141" role=""/>
  <member type="way" ref="458565198" role=""/>
  <member type="way" ref="1151263214" role=""/>
  <member type="way" ref="473486688" role=""/>
  <member type="way" ref="1165070507" role=""/>
  <member type="way" ref="473486683" role=""/>
  <member type="way" ref="1165076363" role=""/>
  <member type="way" ref="473486686" role=""/>
  <member type="way" ref="473499542" role=""/>
  <member type="way" ref="1165070508" role=""/>
  <member type="way" ref="1314738617" role=""/>
  <member type="way" ref="1314738616" role=""/>
  <member type="way" ref="1314738619" role=""/>
  <member type="way" ref="1314738622" role=""/>
  <member type="way" ref="1525686407" role=""/>
  <member type="way" ref="1525686408" role=""/>
  <member type="way" ref="1314738626" role=""/>
  <member type="way" ref="1314738627" role=""/>
  <member type="way" ref="1314738630" role=""/>
  <member type="way" ref="1314738632" role=""/>
  <member type="way" ref="1314738633" role=""/>
  <member type="way" ref="1314738634" role=""/>
  <member type="way" ref="1314738636" role=""/>
  <member type="way" ref="607674843" role=""/>
  <member type="way" ref="478023876" role=""/>
  <member type="way" ref="51185704" role=""/>
  <member type="way" ref="27940015" role=""/>
  <member type="way" ref="480573247" role=""/>
  <member type="way" ref="478023570" role=""/>
  <member type="way" ref="27293110" role=""/>
  <member type="way" ref="71883568" role=""/>
  <member type="way" ref="1353872976" role=""/>
  <member type="way" ref="172605065" role=""/>
  <member type="way" ref="176990247" role=""/>
  <member type="way" ref="178925923" role=""/>
  <member type="way" ref="455557546" role=""/>
  <member type="way" ref="242613257" role=""/>
  <member type="way" ref="588298467" role=""/>
  <member type="way" ref="170064458" role=""/>
  <tag k="from" v="Приморский океанариум"/>
  <tag k="interval" v="00:11"/>
  <tag k="interval:conditional" v="00:19 @ (Sa-Su 06:00-23:45)"/>
  <tag k="name" v="Автобус 15: Приморский океанариум – ТЦ &quot;Изумруд&quot;"/>
  <tag k="network" v="city"/>
  <tag k="opening_hours" v="Mo-Su 06:00-23:45"/>
  <tag k="public_transport:version" v="2"/>
  <tag k="ref" v="15"/>
  <tag k="route" v="bus"/>
  <tag k="to" v="ТЦ &quot;Изумруд&quot;"/>
  <tag k="type" v="route"/>
  <tag k="via" v="ДВФУ – Окатовая – Фуникулёр – ТД «Тихоокеанский» – Инструм. завод – ТЦ «Изумруд» – 1-я Речка – Некрасовская – Фуникулёр – Окатовая – ДВФУ"/>
 </relation>
 <relation id="6784385" visible="true" version="37" changeset="184762215" timestamp="2026-06-28T21:12:46Z" user="iuvi" uid="24048118">
  <member type="node" ref="5119012728" role="stop"/>
  <member type="node" ref="4545478413" role="platform"/>
  <member type="node" ref="4545478410" role="stop"/>
  <member type="node" ref="4161420191" role="platform"/>
  <member type="node" ref="4545478409" role="stop"/>
  <member type="node" ref="4161426989" role="platform"/>
  <member type="node" ref="4545478406" role="stop"/>
  <member type="node" ref="4161427089" role="platform"/>
  <member type="node" ref="4545478403" role="stop"/>
  <member type="node" ref="4161420192" role="platform"/>
  <member type="node" ref="4545478400" role="stop"/>
  <member type="node" ref="2215247135" role="platform"/>
  <member type="node" ref="4545478397" role="stop"/>
  <member type="node" ref="1868130802" role="platform"/>
  <member type="node" ref="2043800238" role="stop"/>
  <member type="node" ref="4161427189" role="platform"/>
  <member type="node" ref="4545478393" role="stop"/>
  <member type="node" ref="4545478394" role="platform"/>
  <member type="node" ref="4545478390" role="stop"/>
  <member type="node" ref="2215249799" role="platform"/>
  <member type="node" ref="1868093541" role="stop"/>
  <member type="node" ref="2327796384" role="platform"/>
  <member type="node" ref="4545477687" role="stop"/>
  <member type="node" ref="4419011802" role="platform"/>
  <member type="node" ref="4545477683" role="stop"/>
  <member type="node" ref="4545477685" role="platform"/>
  <member type="node" ref="4540177506" role="stop"/>
  <member type="node" ref="4419020289" role="platform"/>
  <member type="node" ref="4540177504" role="stop"/>
  <member type="node" ref="1884712284" role="platform"/>
  <member type="node" ref="4545477679" role="stop"/>
  <member type="node" ref="4545477681" role="platform"/>
  <member type="node" ref="4545477677" role="stop"/>
  <member type="node" ref="2496006480" role="platform"/>
  <member type="node" ref="844644528" role="stop"/>
  <member type="node" ref="4545477673" role="platform"/>
  <member type="node" ref="4519498495" role="stop"/>
  <member type="node" ref="844644512" role="platform"/>
  <member type="node" ref="4519498499" role="stop"/>
  <member type="node" ref="5302729501" role="platform"/>
  <member type="node" ref="844644538" role="stop"/>
  <member type="node" ref="4519498506" role="platform"/>
  <member type="node" ref="844644530" role="stop"/>
  <member type="node" ref="4519498507" role="platform"/>
  <member type="node" ref="258051690" role="stop"/>
  <member type="node" ref="4519498508" role="platform"/>
  <member type="node" ref="1117900663" role="stop"/>
  <member type="node" ref="4519498510" role="platform"/>
  <member type="node" ref="4519498512" role="stop"/>
  <member type="node" ref="599901164" role="platform"/>
  <member type="node" ref="4521563187" role="stop"/>
  <member type="node" ref="1366587626" role="platform"/>
  <member type="way" ref="526399877" role=""/>
  <member type="way" ref="237885156" role=""/>
  <member type="way" ref="1332579969" role=""/>
  <member type="way" ref="330099602" role=""/>
  <member type="way" ref="222724093" role=""/>
  <member type="way" ref="222724085" role=""/>
  <member type="way" ref="222724082" role=""/>
  <member type="way" ref="1332579970" role=""/>
  <member type="way" ref="222724074" role=""/>
  <member type="way" ref="222724076" role=""/>
  <member type="way" ref="462466188" role=""/>
  <member type="way" ref="222724102" role=""/>
  <member type="way" ref="222724079" role=""/>
  <member type="way" ref="1164984446" role=""/>
  <member type="way" ref="1011043757" role=""/>
  <member type="way" ref="222724089" role=""/>
  <member type="way" ref="222724083" role=""/>
  <member type="way" ref="1154150109" role=""/>
  <member type="way" ref="222724097" role=""/>
  <member type="way" ref="222724098" role=""/>
  <member type="way" ref="1164984445" role=""/>
  <member type="way" ref="462227076" role=""/>
  <member type="way" ref="222724096" role=""/>
  <member type="way" ref="1332789622" role=""/>
  <member type="way" ref="491512581" role=""/>
  <member type="way" ref="222724075" role=""/>
  <member type="way" ref="222724092" role=""/>
  <member type="way" ref="222724080" role=""/>
  <member type="way" ref="223935543" role=""/>
  <member type="way" ref="458565210" role=""/>
  <member type="way" ref="176265912" role=""/>
  <member type="way" ref="235135574" role=""/>
  <member type="way" ref="235135577" role=""/>
  <member type="way" ref="45790339" role=""/>
  <member type="way" ref="147106312" role=""/>
  <member type="way" ref="456699268" role=""/>
  <member type="way" ref="961771909" role=""/>
  <member type="way" ref="401889903" role=""/>
  <member type="way" ref="182085044" role=""/>
  <member type="way" ref="176265459" role=""/>
  <member type="way" ref="176265464" role=""/>
  <member type="way" ref="187780201" role=""/>
  <member type="way" ref="176265461" role=""/>
  <member type="way" ref="460075858" role=""/>
  <member type="way" ref="176265463" role=""/>
  <member type="way" ref="340799566" role=""/>
  <member type="way" ref="489025640" role=""/>
  <member type="way" ref="161753989" role=""/>
  <member type="way" ref="161753991" role=""/>
  <member type="way" ref="347456925" role=""/>
  <member type="way" ref="458964939" role=""/>
  <member type="way" ref="457961230" role=""/>
  <member type="way" ref="178090100" role=""/>
  <member type="way" ref="178090099" role=""/>
  <member type="way" ref="457961229" role=""/>
  <member type="way" ref="460855934" role=""/>
  <member type="way" ref="762740039" role=""/>
  <member type="way" ref="178090087" role=""/>
  <member type="way" ref="178090098" role=""/>
  <member type="way" ref="330254503" role=""/>
  <member type="way" ref="186711508" role=""/>
  <member type="way" ref="178090081" role=""/>
  <member type="way" ref="178090085" role=""/>
  <member type="way" ref="178090093" role=""/>
  <member type="way" ref="1136496066" role=""/>
  <member type="way" ref="458565201" role=""/>
  <member type="way" ref="187776381" role=""/>
  <member type="way" ref="1136496070" role=""/>
  <member type="way" ref="762171075" role=""/>
  <member type="way" ref="330254504" role=""/>
  <member type="way" ref="156126829" role=""/>
  <member type="way" ref="79733026" role=""/>
  <member type="way" ref="194038239" role=""/>
  <member type="way" ref="110606549" role=""/>
  <member type="way" ref="156268452" role=""/>
  <member type="way" ref="1194187316" role=""/>
  <member type="way" ref="24332235" role=""/>
  <member type="way" ref="462258504" role=""/>
  <member type="way" ref="24332236" role=""/>
  <member type="way" ref="27660148" role=""/>
  <member type="way" ref="27659856" role=""/>
  <member type="way" ref="148645122" role=""/>
  <member type="way" ref="462035663" role=""/>
  <member type="way" ref="462252640" role=""/>
  <member type="way" ref="27659820" role=""/>
  <member type="way" ref="27659866" role=""/>
  <member type="way" ref="483560015" role=""/>
  <member type="way" ref="27659873" role=""/>
  <member type="way" ref="187765918" role=""/>
  <member type="way" ref="460650374" role=""/>
  <member type="way" ref="27660230" role=""/>
  <member type="way" ref="27660234" role=""/>
  <member type="way" ref="47026373" role=""/>
  <member type="way" ref="156268453" role=""/>
  <member type="way" ref="122241981" role=""/>
  <member type="way" ref="461269530" role=""/>
  <member type="way" ref="461269528" role=""/>
  <member type="way" ref="122241978" role=""/>
  <member type="way" ref="178925209" role=""/>
  <tag k="from" v="Приморский океанариум"/>
  <tag k="interval" v="00:15"/>
  <tag k="interval:conditional" v="00:21 @ (Sa-Su 06:00-23:35)"/>
  <tag k="name" v="Автобус 77: Приморский океанариум - Кампус ДВФУ - Автовокзал"/>
  <tag k="network" v="city"/>
  <tag k="opening_hours" v="Mo-Fr 06:00-00:20; Sa-Su 06:00-23:35"/>
  <tag k="public_transport:version" v="2"/>
  <tag k="ref" v="77"/>
  <tag k="route" v="bus"/>
  <tag k="to" v="Автовокзал"/>
  <tag k="type" v="route"/>
 </relation>
 <relation id="6784386" visible="true" version="50" changeset="184762215" timestamp="2026-06-28T21:12:46Z" user="iuvi" uid="24048118">
  <member type="node" ref="2108405552" role="stop"/>
  <member type="node" ref="1880342981" role="platform"/>
  <member type="node" ref="4519498514" role="stop"/>
  <member type="node" ref="4519498515" role="platform"/>
  <member type="node" ref="4519498513" role="stop"/>
  <member type="node" ref="1892809226" role="platform"/>
  <member type="node" ref="1117900659" role="stop"/>
  <member type="node" ref="4519498511" role="platform"/>
  <member type="node" ref="303784395" role="stop"/>
  <member type="node" ref="4519498509" role="platform"/>
  <member type="node" ref="1579203986" role="stop"/>
  <member type="node" ref="4519498503" role="platform"/>
  <member type="node" ref="4519498500" role="stop"/>
  <member type="node" ref="1685290098" role="platform"/>
  <member type="node" ref="4519498494" role="stop"/>
  <member type="node" ref="1810755215" role="platform"/>
  <member type="node" ref="844644521" role="stop"/>
  <member type="node" ref="4545477670" role="platform"/>
  <member type="node" ref="1823687996" role="stop"/>
  <member type="node" ref="4545477669" role="platform"/>
  <member type="node" ref="4545477676" role="stop"/>
  <member type="node" ref="2496006479" role="platform"/>
  <member type="node" ref="4545477678" role="stop"/>
  <member type="node" ref="4545477680" role="platform"/>
  <member type="node" ref="4540177495" role="stop"/>
  <member type="node" ref="4419011196" role="platform"/>
  <member type="node" ref="4545477682" role="stop"/>
  <member type="node" ref="4545477684" role="platform"/>
  <member type="node" ref="4814747794" role="stop"/>
  <member type="node" ref="4419011198" role="platform"/>
  <member type="node" ref="4545477688" role="stop"/>
  <member type="node" ref="1868093539" role="platform"/>
  <member type="node" ref="4545478389" role="stop"/>
  <member type="node" ref="2215249800" role="platform"/>
  <member type="node" ref="4545478395" role="stop"/>
  <member type="node" ref="2215240204" role="platform"/>
  <member type="node" ref="4545478396" role="stop"/>
  <member type="node" ref="1868130837" role="platform"/>
  <member type="node" ref="4545478398" role="stop"/>
  <member type="node" ref="2215247134" role="platform"/>
  <member type="node" ref="4545478399" role="stop"/>
  <member type="node" ref="1868130790" role="platform"/>
  <member type="node" ref="4545478401" role="stop"/>
  <member type="node" ref="4545478402" role="platform"/>
  <member type="node" ref="4545478404" role="stop"/>
  <member type="node" ref="4545478405" role="platform"/>
  <member type="node" ref="4545478407" role="stop"/>
  <member type="node" ref="4545478408" role="platform"/>
  <member type="node" ref="11961568771" role="stop"/>
  <member type="node" ref="4545478411" role="platform"/>
  <member type="node" ref="1923268475" role="stop"/>
  <member type="node" ref="4545478414" role="platform"/>
  <member type="node" ref="10600884178" role="platform"/>
  <member type="way" ref="178925208" role=""/>
  <member type="way" ref="461269529" role=""/>
  <member type="way" ref="461269527" role=""/>
  <member type="way" ref="196285054" role=""/>
  <member type="way" ref="47971174" role=""/>
  <member type="way" ref="255187027" role=""/>
  <member type="way" ref="27660221" role=""/>
  <member type="way" ref="27660218" role=""/>
  <member type="way" ref="187765919" role=""/>
  <member type="way" ref="483560016" role=""/>
  <member type="way" ref="27660193" role=""/>
  <member type="way" ref="462252641" role=""/>
  <member type="way" ref="169917010" role=""/>
  <member type="way" ref="519178901" role=""/>
  <member type="way" ref="459880900" role=""/>
  <member type="way" ref="30450235" role=""/>
  <member type="way" ref="27660168" role=""/>
  <member type="way" ref="78043268" role=""/>
  <member type="way" ref="156269123" role=""/>
  <member type="way" ref="462257892" role=""/>
  <member type="way" ref="459083815" role=""/>
  <member type="way" ref="33686741" role=""/>
  <member type="way" ref="200893305" role=""/>
  <member type="way" ref="200893306" role=""/>
  <member type="way" ref="530205229" role=""/>
  <member type="way" ref="478023609" role=""/>
  <member type="way" ref="24205843" role=""/>
  <member type="way" ref="200893310" role=""/>
  <member type="way" ref="459962960" role=""/>
  <member type="way" ref="762171076" role=""/>
  <member type="way" ref="245017755" role=""/>
  <member type="way" ref="330254514" role=""/>
  <member type="way" ref="161753970" role=""/>
  <member type="way" ref="1237991975" role=""/>
  <member type="way" ref="456702744" role=""/>
  <member type="way" ref="161753985" role=""/>
  <member type="way" ref="178090080" role=""/>
  <member type="way" ref="161753993" role=""/>
  <member type="way" ref="186711507" role=""/>
  <member type="way" ref="330254502" role=""/>
  <member type="way" ref="161753979" role=""/>
  <member type="way" ref="460855933" role=""/>
  <member type="way" ref="461766441" role=""/>
  <member type="way" ref="50278152" role=""/>
  <member type="way" ref="106864766" role=""/>
  <member type="way" ref="513479507" role=""/>
  <member type="way" ref="496001817" role=""/>
  <member type="way" ref="461803495" role=""/>
  <member type="way" ref="176906834" role=""/>
  <member type="way" ref="347456924" role=""/>
  <member type="way" ref="370678633" role=""/>
  <member type="way" ref="176906838" role=""/>
  <member type="way" ref="176265462" role=""/>
  <member type="way" ref="826999074" role=""/>
  <member type="way" ref="460075859" role=""/>
  <member type="way" ref="161753973" role=""/>
  <member type="way" ref="161753988" role=""/>
  <member type="way" ref="176265465" role=""/>
  <member type="way" ref="176906456" role=""/>
  <member type="way" ref="401868418" role=""/>
  <member type="way" ref="456699269" role=""/>
  <member type="way" ref="176906236" role=""/>
  <member type="way" ref="176906239" role=""/>
  <member type="way" ref="235135575" role=""/>
  <member type="way" ref="1192773970" role=""/>
  <member type="way" ref="176905611" role=""/>
  <member type="way" ref="222724095" role=""/>
  <member type="way" ref="222724073" role=""/>
  <member type="way" ref="491505155" role=""/>
  <member type="way" ref="1298681615" role=""/>
  <member type="way" ref="1332789624" role=""/>
  <member type="way" ref="462225086" role=""/>
  <member type="way" ref="222724100" role=""/>
  <member type="way" ref="1164984444" role=""/>
  <member type="way" ref="222724094" role=""/>
  <member type="way" ref="222724084" role=""/>
  <member type="way" ref="1154150108" role=""/>
  <member type="way" ref="222724088" role=""/>
  <member type="way" ref="494790182" role=""/>
  <member type="way" ref="1011043756" role=""/>
  <member type="way" ref="494790181" role=""/>
  <member type="way" ref="222724078" role=""/>
  <member type="way" ref="222724101" role=""/>
  <member type="way" ref="222724072" role=""/>
  <member type="way" ref="222724077" role=""/>
  <member type="way" ref="1332579971" role=""/>
  <member type="way" ref="491505151" role=""/>
  <member type="way" ref="222724081" role=""/>
  <member type="way" ref="222724086" role=""/>
  <member type="way" ref="222724091" role=""/>
  <member type="way" ref="222724071" role=""/>
  <member type="way" ref="186710411" role=""/>
  <member type="way" ref="1332579969" role=""/>
  <member type="way" ref="237885156" role=""/>
  <member type="way" ref="526399866" role=""/>
  <member type="way" ref="717453288" role=""/>
  <tag k="from" v="Автовокзал"/>
  <tag k="interval" v="00:15"/>
  <tag k="interval:conditional" v="00:21 @ (Sa-Su 06:00-23:35)"/>
  <tag k="name" v="Автобус 77: Автовокзал - Кампус ДВФУ - Приморский океанариум"/>
  <tag k="network" v="city"/>
  <tag k="opening_hours" v="Mo-Fr 06:00-00:20; Sa-Su 06:00-23:35"/>
  <tag k="public_transport:version" v="2"/>
  <tag k="ref" v="77"/>
  <tag k="route" v="bus"/>
  <tag k="to" v="Приморский океанариум"/>
  <tag k="type" v="route"/>
 </relation>
 <relation id="6784387" visible="true" version="1" changeset="44318308" timestamp="2016-12-11T09:27:48Z" user="aq123" uid="4289510">
  <member type="relation" ref="6784386" role=""/>
  <member type="relation" ref="6784385" role=""/>
  <tag k="name" v="Автобус 77"/>
  <tag k="ref" v="77"/>
  <tag k="route_master" v="bus"/>
  <tag k="type" v="route_master"/>
 </relation>
 <relation id="6796420" visible="true" version="51" changeset="185390328" timestamp="2026-07-09T07:34:15Z" user="Иван19901" uid="10089317">
  <member type="node" ref="5119012728" role="stop"/>
  <member type="node" ref="4545478413" role="platform"/>
  <member type="node" ref="4545478410" role="stop"/>
  <member type="node" ref="4161420191" role="platform"/>
  <member type="node" ref="4545478409" role="stop"/>
  <member type="node" ref="4161426989" role="platform"/>
  <member type="node" ref="4545478406" role="stop"/>
  <member type="node" ref="4161427089" role="platform"/>
  <member type="node" ref="4545478403" role="stop"/>
  <member type="node" ref="4161420192" role="platform"/>
  <member type="node" ref="4545478400" role="stop"/>
  <member type="node" ref="2215247135" role="platform"/>
  <member type="node" ref="4545478397" role="stop"/>
  <member type="node" ref="1868130802" role="platform"/>
  <member type="node" ref="2043800238" role="stop"/>
  <member type="node" ref="4161427189" role="platform"/>
  <member type="node" ref="4545478393" role="stop"/>
  <member type="node" ref="4545478394" role="platform"/>
  <member type="node" ref="4545478390" role="stop"/>
  <member type="node" ref="2215249799" role="platform"/>
  <member type="node" ref="1868093541" role="stop"/>
  <member type="node" ref="2327796384" role="platform"/>
  <member type="node" ref="4545477687" role="stop"/>
  <member type="node" ref="4419011802" role="platform"/>
  <member type="node" ref="4545477683" role="stop"/>
  <member type="node" ref="4545477685" role="platform"/>
  <member type="node" ref="4540177506" role="stop"/>
  <member type="node" ref="4419020289" role="platform"/>
  <member type="node" ref="4540177504" role="stop"/>
  <member type="node" ref="1884712284" role="platform"/>
  <member type="node" ref="4545477679" role="stop"/>
  <member type="node" ref="4545477681" role="platform"/>
  <member type="node" ref="4545477677" role="stop"/>
  <member type="node" ref="2496006480" role="platform"/>
  <member type="node" ref="1468857028" role="stop"/>
  <member type="node" ref="4545477675" role="platform"/>
  <member type="node" ref="1684123466" role="stop"/>
  <member type="node" ref="4556561352" role="platform"/>
  <member type="node" ref="4556585866" role="stop"/>
  <member type="node" ref="4556585865" role="platform"/>
  <member type="node" ref="1724699614" role="stop"/>
  <member type="node" ref="4556561354" role="platform"/>
  <member type="node" ref="4512532373" role="stop"/>
  <member type="node" ref="1677918629" role="platform"/>
  <member type="node" ref="4542729819" role="stop"/>
  <member type="node" ref="1229178204" role="platform"/>
  <member type="node" ref="11163015770" role="stop"/>
  <member type="node" ref="5148659571" role="platform"/>
  <member type="node" ref="4542729820" role="stop"/>
  <member type="node" ref="702359358" role="platform"/>
  <member type="node" ref="4542729818" role="stop"/>
  <member type="node" ref="825898535" role="platform"/>
  <member type="node" ref="702359353" role="stop"/>
  <member type="node" ref="4556561350" role="platform"/>
  <member type="node" ref="4542729821" role="stop"/>
  <member type="node" ref="792539568" role="platform"/>
  <member type="node" ref="4542729822" role="stop"/>
  <member type="node" ref="792539140" role="platform"/>
  <member type="node" ref="4556561358" role="platform"/>
  <member type="node" ref="792540085" role="stop"/>
  <member type="node" ref="4556561356" role="platform"/>
  <member type="node" ref="293259803" role="stop"/>
  <member type="node" ref="4578629364" role="platform"/>
  <member type="way" ref="526399877" role=""/>
  <member type="way" ref="237885156" role=""/>
  <member type="way" ref="1332579969" role=""/>
  <member type="way" ref="330099602" role=""/>
  <member type="way" ref="222724093" role=""/>
  <member type="way" ref="222724085" role=""/>
  <member type="way" ref="222724082" role=""/>
  <member type="way" ref="1332579970" role=""/>
  <member type="way" ref="222724074" role=""/>
  <member type="way" ref="222724076" role=""/>
  <member type="way" ref="462466188" role=""/>
  <member type="way" ref="222724102" role=""/>
  <member type="way" ref="222724079" role=""/>
  <member type="way" ref="1164984446" role=""/>
  <member type="way" ref="1011043757" role=""/>
  <member type="way" ref="222724089" role=""/>
  <member type="way" ref="222724083" role=""/>
  <member type="way" ref="1154150109" role=""/>
  <member type="way" ref="222724097" role=""/>
  <member type="way" ref="222724098" role=""/>
  <member type="way" ref="1164984445" role=""/>
  <member type="way" ref="462227076" role=""/>
  <member type="way" ref="222724096" role=""/>
  <member type="way" ref="1332789622" role=""/>
  <member type="way" ref="491512581" role=""/>
  <member type="way" ref="222724075" role=""/>
  <member type="way" ref="222724092" role=""/>
  <member type="way" ref="222724080" role=""/>
  <member type="way" ref="223935543" role=""/>
  <member type="way" ref="458565210" role=""/>
  <member type="way" ref="176265912" role=""/>
  <member type="way" ref="235135574" role=""/>
  <member type="way" ref="235135577" role=""/>
  <member type="way" ref="45790339" role=""/>
  <member type="way" ref="147106312" role=""/>
  <member type="way" ref="456699268" role=""/>
  <member type="way" ref="961771909" role=""/>
  <member type="way" ref="401889903" role=""/>
  <member type="way" ref="182085044" role=""/>
  <member type="way" ref="176265459" role=""/>
  <member type="way" ref="176265464" role=""/>
  <member type="way" ref="187780201" role=""/>
  <member type="way" ref="176265461" role=""/>
  <member type="way" ref="460075858" role=""/>
  <member type="way" ref="176265463" role=""/>
  <member type="way" ref="340799566" role=""/>
  <member type="way" ref="489025640" role=""/>
  <member type="way" ref="161753989" role=""/>
  <member type="way" ref="161753991" role=""/>
  <member type="way" ref="347456925" role=""/>
  <member type="way" ref="458964939" role=""/>
  <member type="way" ref="457961230" role=""/>
  <member type="way" ref="178090100" role=""/>
  <member type="way" ref="178090099" role=""/>
  <member type="way" ref="457961229" role=""/>
  <member type="way" ref="460855934" role=""/>
  <member type="way" ref="762740039" role=""/>
  <member type="way" ref="178090087" role=""/>
  <member type="way" ref="178090098" role=""/>
  <member type="way" ref="330254503" role=""/>
  <member type="way" ref="186711508" role=""/>
  <member type="way" ref="178090081" role=""/>
  <member type="way" ref="178090085" role=""/>
  <member type="way" ref="178090093" role=""/>
  <member type="way" ref="1136496066" role=""/>
  <member type="way" ref="458565201" role=""/>
  <member type="way" ref="178090097" role=""/>
  <member type="way" ref="178090082" role=""/>
  <member type="way" ref="178090086" role=""/>
  <member type="way" ref="178090089" role=""/>
  <member type="way" ref="458565200" role=""/>
  <member type="way" ref="245775876" role=""/>
  <member type="way" ref="179632846" role=""/>
  <member type="way" ref="102414068" role=""/>
  <member type="way" ref="219616126" role=""/>
  <member type="way" ref="458432526" role=""/>
  <member type="way" ref="82264262" role=""/>
  <member type="way" ref="94258507" role=""/>
  <member type="way" ref="23943507" role=""/>
  <member type="way" ref="343130003" role=""/>
  <member type="way" ref="315599212" role=""/>
  <member type="way" ref="489202673" role=""/>
  <member type="way" ref="245626981" role=""/>
  <member type="way" ref="219614815" role=""/>
  <member type="way" ref="330254520" role=""/>
  <member type="way" ref="180229842" role=""/>
  <member type="way" ref="347004719" role=""/>
  <member type="way" ref="219365221" role=""/>
  <member type="way" ref="180849364" role=""/>
  <member type="way" ref="180849363" role=""/>
  <member type="way" ref="256944580" role=""/>
  <member type="way" ref="491336392" role=""/>
  <member type="way" ref="460435119" role=""/>
  <member type="way" ref="213736874" role=""/>
  <member type="way" ref="487897220" role=""/>
  <member type="way" ref="483623418" role=""/>
  <member type="way" ref="460435118" role=""/>
  <member type="way" ref="315599215" role=""/>
  <member type="way" ref="213736871" role=""/>
  <member type="way" ref="213736875" role=""/>
  <member type="way" ref="483623417" role=""/>
  <member type="way" ref="256944579" role=""/>
  <member type="way" ref="256944581" role=""/>
  <member type="way" ref="256944576" role=""/>
  <member type="way" ref="178927383" role=""/>
  <member type="way" ref="256944582" role=""/>
  <member type="way" ref="245626982" role=""/>
  <member type="way" ref="71889655" role=""/>
  <member type="way" ref="440124586" role=""/>
  <member type="way" ref="480757170" role=""/>
  <member type="way" ref="480757171" role=""/>
  <member type="way" ref="480757172" role=""/>
  <member type="way" ref="480757173" role=""/>
  <member type="way" ref="204964968" role=""/>
  <member type="way" ref="480757174" role=""/>
  <member type="way" ref="316329729" role=""/>
  <member type="way" ref="440270027" role=""/>
  <member type="way" ref="170064458" role=""/>
  <member type="way" ref="461305501" role=""/>
  <member type="way" ref="158025792" role=""/>
  <member type="way" ref="50638456" role=""/>
  <member type="way" ref="176990247" role=""/>
  <member type="way" ref="158025790" role=""/>
  <member type="way" ref="176931293" role=""/>
  <member type="way" ref="1536769499" role=""/>
  <member type="way" ref="1318297733" role=""/>
  <member type="way" ref="1263608620" role=""/>
  <member type="way" ref="155383159" role=""/>
  <member type="way" ref="156269121" role=""/>
  <member type="way" ref="172595883" role=""/>
  <member type="way" ref="156269124" role=""/>
  <member type="way" ref="1192865897" role=""/>
  <member type="way" ref="27589219" role=""/>
  <member type="way" ref="118400617" role=""/>
  <member type="way" ref="102757583" role=""/>
  <member type="way" ref="105464238" role=""/>
  <member type="way" ref="663667704" role=""/>
  <member type="way" ref="105464235" role=""/>
  <member type="way" ref="26766007" role=""/>
  <member type="way" ref="26737156" role=""/>
  <member type="way" ref="1194158160" role=""/>
  <member type="way" ref="1487083371" role=""/>
  <member type="way" ref="26737080" role=""/>
  <member type="way" ref="28434324" role=""/>
  <member type="way" ref="1192869067" role=""/>
  <tag k="interval" v="00:32"/>
  <tag k="name" v="Автобус 63: Приморский океанариум - Маяк"/>
  <tag k="opening_hours" v="Mo-Su 06:00-23:00"/>
  <tag k="public_transport:version" v="2"/>
  <tag k="ref" v="63"/>
  <tag k="route" v="bus"/>
  <tag k="type" v="route"/>
 </relation>
 <relation id="6796429" visible="true" version="65" changeset="184762215" timestamp="2026-06-28T21:12:46Z" user="iuvi" uid="24048118">
  <member type="node" ref="293259803" role="stop"/>
  <member type="node" ref="4578617363" role="platform"/>
  <member type="node" ref="792540085" role="stop"/>
  <member type="node" ref="4556561355" role="platform"/>
  <member type="node" ref="4556561357" role="platform"/>
  <member type="node" ref="4540729922" role="stop"/>
  <member type="node" ref="1685281810" role="platform"/>
  <member type="node" ref="4556561351" role="platform"/>
  <member type="node" ref="702359353" role="stop"/>
  <member type="node" ref="4556561349" role="platform"/>
  <member type="node" ref="5623328693" role="stop"/>
  <member type="node" ref="5623328692" role="platform"/>
  <member type="node" ref="4540729921" role="stop"/>
  <member type="node" ref="2490611268" role="platform"/>
  <member type="node" ref="4556585868" role="stop"/>
  <member type="node" ref="4556585867" role="platform"/>
  <member type="node" ref="4556585866" role="stop"/>
  <member type="node" ref="4556585865" role="platform"/>
  <member type="node" ref="4512532387" role="stop"/>
  <member type="node" ref="1377433578" role="platform"/>
  <member type="node" ref="4712924148" role="stop"/>
  <member type="node" ref="1377427670" role="platform"/>
  <member type="node" ref="4712924143" role="stop"/>
  <member type="node" ref="1377420490" role="platform"/>
  <member type="node" ref="844644521" role="stop"/>
  <member type="node" ref="4545477670" role="platform"/>
  <member type="node" ref="1823687996" role="stop"/>
  <member type="node" ref="4545477669" role="platform"/>
  <member type="node" ref="4545477676" role="stop"/>
  <member type="node" ref="2496006479" role="platform"/>
  <member type="node" ref="4545477678" role="stop"/>
  <member type="node" ref="4545477680" role="platform"/>
  <member type="node" ref="4540177495" role="stop"/>
  <member type="node" ref="4419011196" role="platform"/>
  <member type="node" ref="4545477682" role="stop"/>
  <member type="node" ref="4545477684" role="platform"/>
  <member type="node" ref="4814747794" role="stop"/>
  <member type="node" ref="4419011198" role="platform"/>
  <member type="node" ref="4545477688" role="stop"/>
  <member type="node" ref="1868093539" role="platform"/>
  <member type="node" ref="4545478389" role="stop"/>
  <member type="node" ref="2215249800" role="platform"/>
  <member type="node" ref="4545478395" role="stop"/>
  <member type="node" ref="2215240204" role="platform"/>
  <member type="node" ref="4545478396" role="stop"/>
  <member type="node" ref="1868130837" role="platform"/>
  <member type="node" ref="4545478398" role="stop"/>
  <member type="node" ref="2215247134" role="platform"/>
  <member type="node" ref="4545478399" role="stop"/>
  <member type="node" ref="1868130790" role="platform"/>
  <member type="node" ref="4545478401" role="stop"/>
  <member type="node" ref="4545478402" role="platform"/>
  <member type="node" ref="4545478404" role="stop"/>
  <member type="node" ref="4545478405" role="platform"/>
  <member type="node" ref="4545478407" role="stop"/>
  <member type="node" ref="4545478408" role="platform"/>
  <member type="node" ref="11961568771" role="stop"/>
  <member type="node" ref="4545478411" role="platform"/>
  <member type="node" ref="1923268475" role="stop"/>
  <member type="node" ref="4545478414" role="platform"/>
  <member type="node" ref="10600884178" role="platform"/>
  <member type="way" ref="1192869067" role=""/>
  <member type="way" ref="28434324" role=""/>
  <member type="way" ref="26737080" role=""/>
  <member type="way" ref="1487083371" role=""/>
  <member type="way" ref="1194158160" role=""/>
  <member type="way" ref="26737156" role=""/>
  <member type="way" ref="26766007" role=""/>
  <member type="way" ref="105464235" role=""/>
  <member type="way" ref="663667704" role=""/>
  <member type="way" ref="105464238" role=""/>
  <member type="way" ref="102757583" role=""/>
  <member type="way" ref="26766100" role=""/>
  <member type="way" ref="241189115" role=""/>
  <member type="way" ref="23734746" role=""/>
  <member type="way" ref="177000681" role=""/>
  <member type="way" ref="176994970" role=""/>
  <member type="way" ref="156269121" role=""/>
  <member type="way" ref="155383159" role=""/>
  <member type="way" ref="1263608620" role=""/>
  <member type="way" ref="1318297733" role=""/>
  <member type="way" ref="158024105" role=""/>
  <member type="way" ref="172595878" role=""/>
  <member type="way" ref="460859189" role=""/>
  <member type="way" ref="50633846" role=""/>
  <member type="way" ref="826999075" role=""/>
  <member type="way" ref="204964967" role=""/>
  <member type="way" ref="170064458" role=""/>
  <member type="way" ref="461305501" role=""/>
  <member type="way" ref="158025791" role=""/>
  <member type="way" ref="245616510" role=""/>
  <member type="way" ref="50633447" role=""/>
  <member type="way" ref="478024770" role=""/>
  <member type="way" ref="27940015" role=""/>
  <member type="way" ref="51185704" role=""/>
  <member type="way" ref="478023876" role=""/>
  <member type="way" ref="607674843" role=""/>
  <member type="way" ref="1314738636" role=""/>
  <member type="way" ref="1314738634" role=""/>
  <member type="way" ref="1314738633" role=""/>
  <member type="way" ref="1314738632" role=""/>
  <member type="way" ref="1314738630" role=""/>
  <member type="way" ref="1314738627" role=""/>
  <member type="way" ref="1314738626" role=""/>
  <member type="way" ref="1525686408" role=""/>
  <member type="way" ref="1525686407" role=""/>
  <member type="way" ref="1314738622" role=""/>
  <member type="way" ref="1314738619" role=""/>
  <member type="way" ref="1314738616" role=""/>
  <member type="way" ref="1314738617" role=""/>
  <member type="way" ref="473499543" role=""/>
  <member type="way" ref="1165070505" role=""/>
  <member type="way" ref="178925924" role=""/>
  <member type="way" ref="172596310" role=""/>
  <member type="way" ref="762171076" role=""/>
  <member type="way" ref="245017755" role=""/>
  <member type="way" ref="330254514" role=""/>
  <member type="way" ref="161753970" role=""/>
  <member type="way" ref="1237991975" role=""/>
  <member type="way" ref="456702744" role=""/>
  <member type="way" ref="161753985" role=""/>
  <member type="way" ref="178090080" role=""/>
  <member type="way" ref="161753993" role=""/>
  <member type="way" ref="186711507" role=""/>
  <member type="way" ref="330254502" role=""/>
  <member type="way" ref="161753979" role=""/>
  <member type="way" ref="460855933" role=""/>
  <member type="way" ref="461766441" role=""/>
  <member type="way" ref="50278152" role=""/>
  <member type="way" ref="106864766" role=""/>
  <member type="way" ref="513479507" role=""/>
  <member type="way" ref="496001817" role=""/>
  <member type="way" ref="461803495" role=""/>
  <member type="way" ref="176906834" role=""/>
  <member type="way" ref="347456924" role=""/>
  <member type="way" ref="370678633" role=""/>
  <member type="way" ref="176906838" role=""/>
  <member type="way" ref="176265462" role=""/>
  <member type="way" ref="826999074" role=""/>
  <member type="way" ref="460075859" role=""/>
  <member type="way" ref="161753973" role=""/>
  <member type="way" ref="161753988" role=""/>
  <member type="way" ref="176265465" role=""/>
  <member type="way" ref="176906456" role=""/>
  <member type="way" ref="401868418" role=""/>
  <member type="way" ref="456699269" role=""/>
  <member type="way" ref="176906236" role=""/>
  <member type="way" ref="176906239" role=""/>
  <member type="way" ref="235135575" role=""/>
  <member type="way" ref="717453288" role=""/>
  <member type="way" ref="1192773970" role=""/>
  <member type="way" ref="176905611" role=""/>
  <member type="way" ref="222724095" role=""/>
  <member type="way" ref="222724073" role=""/>
  <member type="way" ref="491505155" role=""/>
  <member type="way" ref="1298681615" role=""/>
  <member type="way" ref="1332789624" role=""/>
  <member type="way" ref="462225086" role=""/>
  <member type="way" ref="222724100" role=""/>
  <member type="way" ref="1164984444" role=""/>
  <member type="way" ref="222724094" role=""/>
  <member type="way" ref="222724084" role=""/>
  <member type="way" ref="1154150108" role=""/>
  <member type="way" ref="222724088" role=""/>
  <member type="way" ref="494790182" role=""/>
  <member type="way" ref="1011043756" role=""/>
  <member type="way" ref="494790181" role=""/>
  <member type="way" ref="222724078" role=""/>
  <member type="way" ref="222724101" role=""/>
  <member type="way" ref="222724072" role=""/>
  <member type="way" ref="222724077" role=""/>
  <member type="way" ref="1332579971" role=""/>
  <member type="way" ref="491505151" role=""/>
  <member type="way" ref="222724081" role=""/>
  <member type="way" ref="222724086" role=""/>
  <member type="way" ref="222724091" role=""/>
  <member type="way" ref="222724071" role=""/>
  <member type="way" ref="186710411" role=""/>
  <member type="way" ref="1332579969" role=""/>
  <member type="way" ref="237885156" role=""/>
  <member type="way" ref="526399866" role=""/>
  <tag k="interval" v="00:32"/>
  <tag k="name" v="Автобус 63: Маяк - Приморский океанариум"/>
  <tag k="opening_hours" v="Mo-Su 06:00-23:00"/>
  <tag k="public_transport:version" v="2"/>
  <tag k="ref" v="63"/>
  <tag k="route" v="bus"/>
  <tag k="type" v="route"/>
 </relation>
 <relation id="6802289" visible="true" version="37" changeset="142989657" timestamp="2023-10-22T22:24:29Z" user="SomeoneElse" uid="61942">
  <member type="node" ref="4560962557" role="stop"/>
  <member type="node" ref="4560962556" role="platform"/>
  <member type="node" ref="4560962554" role="stop"/>
  <member type="node" ref="4560962552" role="platform"/>
  <member type="node" ref="4560984812" role="stop"/>
  <member type="node" ref="4560984810" role="platform"/>
  <member type="node" ref="4560984805" role="stop"/>
  <member type="node" ref="4560984804" role="platform"/>
  <member type="node" ref="4560984808" role="stop"/>
  <member type="node" ref="4418976117" role="platform"/>
  <member type="node" ref="5302834688" role="stop"/>
  <member type="node" ref="5302834689" role="platform"/>
  <member type="node" ref="4540177508" role="stop"/>
  <member type="node" ref="4427131895" role="platform"/>
  <member type="node" ref="4540177507" role="stop"/>
  <member type="node" ref="1894122103" role="platform"/>
  <member type="node" ref="4540177506" role="stop"/>
  <member type="node" ref="4419020289" role="platform"/>
  <member type="node" ref="4540177504" role="stop"/>
  <member type="node" ref="1884712284" role="platform"/>
  <member type="node" ref="4545477679" role="stop"/>
  <member type="node" ref="4545477681" role="platform"/>
  <member type="node" ref="4545477677" role="stop"/>
  <member type="node" ref="2496006480" role="platform"/>
  <member type="node" ref="844644528" role="stop"/>
  <member type="node" ref="4545477673" role="platform"/>
  <member type="node" ref="4519498495" role="stop"/>
  <member type="node" ref="844644512" role="platform"/>
  <member type="node" ref="4519498499" role="stop"/>
  <member type="node" ref="5302729501" role="platform"/>
  <member type="node" ref="4519498501" role="stop"/>
  <member type="node" ref="4519498505" role="platform"/>
  <member type="node" ref="844644530" role="stop"/>
  <member type="node" ref="4519498507" role="platform"/>
  <member type="node" ref="258051690" role="stop"/>
  <member type="node" ref="4519498508" role="platform"/>
  <member type="node" ref="1117900663" role="stop"/>
  <member type="node" ref="4519498510" role="platform"/>
  <member type="node" ref="303789368" role="stop"/>
  <member type="node" ref="4556064927" role="platform"/>
  <member type="node" ref="4550110150" role="stop"/>
  <member type="node" ref="1107301390" role="platform"/>
  <member type="node" ref="1108501137" role="stop"/>
  <member type="node" ref="1117900665" role="platform"/>
  <member type="node" ref="4560996704" role="stop"/>
  <member type="node" ref="1966625184" role="platform"/>
  <member type="node" ref="4561278778" role="stop"/>
  <member type="node" ref="4561278777" role="platform"/>
  <member type="node" ref="4561278781" role="stop"/>
  <member type="node" ref="4561278780" role="platform"/>
  <member type="node" ref="4561278784" role="stop"/>
  <member type="node" ref="4561278783" role="platform"/>
  <member type="node" ref="1809569057" role="stop"/>
  <member type="node" ref="4561278786" role="platform"/>
  <member type="node" ref="4561279090" role="stop"/>
  <member type="node" ref="4561279089" role="platform"/>
  <member type="way" ref="106219756" role=""/>
  <member type="way" ref="29898597" role=""/>
  <member type="way" ref="50202021" role=""/>
  <member type="way" ref="458964937" role=""/>
  <member type="way" ref="530217399" role=""/>
  <member type="way" ref="177288855" role=""/>
  <member type="way" ref="172761056" role=""/>
  <member type="way" ref="187779631" role=""/>
  <member type="way" ref="482129436" role=""/>
  <member type="way" ref="427129555" role=""/>
  <member type="way" ref="872052805" role=""/>
  <member type="way" ref="904876097" role=""/>
  <member type="way" ref="23876690" role=""/>
  <member type="way" ref="172758884" role=""/>
  <member type="way" ref="457961233" role=""/>
  <member type="way" ref="457961232" role=""/>
  <member type="way" ref="457961231" role=""/>
  <member type="way" ref="23876690" role=""/>
  <member type="way" ref="904876097" role=""/>
  <member type="way" ref="872052805" role=""/>
  <member type="way" ref="427129555" role=""/>
  <member type="way" ref="482129436" role=""/>
  <member type="way" ref="187779642" role=""/>
  <member type="way" ref="173876434" role=""/>
  <member type="way" ref="178090100" role=""/>
  <member type="way" ref="178090099" role=""/>
  <member type="way" ref="457961229" role=""/>
  <member type="way" ref="460855934" role=""/>
  <member type="way" ref="762740039" role=""/>
  <member type="way" ref="178090087" role=""/>
  <member type="way" ref="178090098" role=""/>
  <member type="way" ref="330254503" role=""/>
  <member type="way" ref="186711508" role=""/>
  <member type="way" ref="178090081" role=""/>
  <member type="way" ref="178090085" role=""/>
  <member type="way" ref="178090093" role=""/>
  <member type="way" ref="1136496066" role=""/>
  <member type="way" ref="458565201" role=""/>
  <member type="way" ref="187776381" role=""/>
  <member type="way" ref="1136496070" role=""/>
  <member type="way" ref="762171075" role=""/>
  <member type="way" ref="330254504" role=""/>
  <member type="way" ref="156126829" role=""/>
  <member type="way" ref="79733026" role=""/>
  <member type="way" ref="194038239" role=""/>
  <member type="way" ref="110606549" role=""/>
  <member type="way" ref="156268452" role=""/>
  <member type="way" ref="1194187316" role=""/>
  <member type="way" ref="24332235" role=""/>
  <member type="way" ref="462258504" role=""/>
  <member type="way" ref="24332236" role=""/>
  <member type="way" ref="27660148" role=""/>
  <member type="way" ref="27659856" role=""/>
  <member type="way" ref="148645122" role=""/>
  <member type="way" ref="462035663" role=""/>
  <member type="way" ref="462252640" role=""/>
  <member type="way" ref="27659820" role=""/>
  <member type="way" ref="27659866" role=""/>
  <member type="way" ref="483560015" role=""/>
  <member type="way" ref="27659873" role=""/>
  <member type="way" ref="187765918" role=""/>
  <member type="way" ref="460650374" role=""/>
  <member type="way" ref="27660230" role=""/>
  <member type="way" ref="27660234" role=""/>
  <member type="way" ref="47026373" role=""/>
  <member type="way" ref="156268453" role=""/>
  <member type="way" ref="158017744" role=""/>
  <member type="way" ref="461257814" role=""/>
  <member type="way" ref="27660394" role=""/>
  <member type="way" ref="95602064" role=""/>
  <member type="way" ref="179383651" role=""/>
  <member type="way" ref="864553447" role=""/>
  <member type="way" ref="110606548" role=""/>
  <member type="way" ref="702174066" role=""/>
  <member type="way" ref="1065501159" role=""/>
  <member type="way" ref="346402810" role=""/>
  <member type="way" ref="177319016" role=""/>
  <member type="way" ref="79605983" role=""/>
  <member type="way" ref="94337404" role=""/>
  <tag k="from" v="Змеинка"/>
  <tag k="interval" v="00:06"/>
  <tag k="interval:conditional" v="00:12 @ (Sa-Su 06:00-23:00)"/>
  <tag k="name" v="Автобус 1: Змеинка - Седанка"/>
  <tag k="opening_hours" v="Mo-Su 06:00-23:00"/>
  <tag k="public_transport:version" v="2"/>
  <tag k="ref" v="1"/>
  <tag k="route" v="bus"/>
  <tag k="to" v="Седанка"/>
  <tag k="type" v="route"/>
 </relation>
 <relation id="6802307" visible="true" version="36" changeset="146018915" timestamp="2024-01-08T08:23:39Z" user="aq123" uid="4289510">
  <member type="node" ref="4561278788" role="stop"/>
  <member type="node" ref="4561278787" role="platform"/>
  <member type="node" ref="1809569060" role="stop"/>
  <member type="node" ref="4561278785" role="platform"/>
  <member type="node" ref="261689321" role="stop"/>
  <member type="node" ref="4780202823" role="platform"/>
  <member type="node" ref="504618698" role="stop"/>
  <member type="node" ref="4561278782" role="platform"/>
  <member type="node" ref="4561278779" role="stop"/>
  <member type="node" ref="4561278776" role="platform"/>
  <member type="node" ref="4413902625" role="stop"/>
  <member type="node" ref="1046987209" role="platform"/>
  <member type="node" ref="4408659949" role="stop"/>
  <member type="node" ref="1117900661" role="platform"/>
  <member type="node" ref="4550114619" role="stop"/>
  <member type="node" ref="1108501129" role="platform"/>
  <member type="node" ref="1117900659" role="stop"/>
  <member type="node" ref="4519498511" role="platform"/>
  <member type="node" ref="303784395" role="stop"/>
  <member type="node" ref="4519498509" role="platform"/>
  <member type="node" ref="4519498502" role="stop"/>
  <member type="node" ref="4519498504" role="platform"/>
  <member type="node" ref="4519498500" role="stop"/>
  <member type="node" ref="1685290098" role="platform"/>
  <member type="node" ref="4519498494" role="stop"/>
  <member type="node" ref="1810755215" role="platform"/>
  <member type="node" ref="844644521" role="stop"/>
  <member type="node" ref="4545477670" role="platform"/>
  <member type="node" ref="1823687996" role="stop"/>
  <member type="node" ref="4545477669" role="platform"/>
  <member type="node" ref="4545477676" role="stop"/>
  <member type="node" ref="2496006479" role="platform"/>
  <member type="node" ref="4545477678" role="stop"/>
  <member type="node" ref="4545477680" role="platform"/>
  <member type="node" ref="4540177495" role="stop"/>
  <member type="node" ref="4419011196" role="platform"/>
  <member type="node" ref="4560984809" role="stop"/>
  <member type="node" ref="4419011799" role="platform"/>
  <member type="node" ref="4560984806" role="stop"/>
  <member type="node" ref="4560984807" role="platform"/>
  <member type="node" ref="4560984811" role="stop"/>
  <member type="node" ref="4560984813" role="platform"/>
  <member type="node" ref="4560962553" role="stop"/>
  <member type="node" ref="4560962555" role="platform"/>
  <member type="node" ref="4560962557" role="stop"/>
  <member type="node" ref="4560962558" role="platform"/>
  <member type="way" ref="95920207" role=""/>
  <member type="way" ref="1066593438" role=""/>
  <member type="way" ref="1065501160" role=""/>
  <member type="way" ref="702174067" role=""/>
  <member type="way" ref="179383653" role=""/>
  <member type="way" ref="864553446" role=""/>
  <member type="way" ref="110606546" role=""/>
  <member type="way" ref="443856698" role=""/>
  <member type="way" ref="186256173" role=""/>
  <member type="way" ref="461257813" role=""/>
  <member type="way" ref="47026372" role=""/>
  <member type="way" ref="47971175" role=""/>
  <member type="way" ref="47971173" role=""/>
  <member type="way" ref="455557549" role=""/>
  <member type="way" ref="47971174" role=""/>
  <member type="way" ref="255187027" role=""/>
  <member type="way" ref="27660221" role=""/>
  <member type="way" ref="27660218" role=""/>
  <member type="way" ref="187765919" role=""/>
  <member type="way" ref="483560016" role=""/>
  <member type="way" ref="27660193" role=""/>
  <member type="way" ref="462252641" role=""/>
  <member type="way" ref="169917010" role=""/>
  <member type="way" ref="519178901" role=""/>
  <member type="way" ref="459880900" role=""/>
  <member type="way" ref="30450235" role=""/>
  <member type="way" ref="27660168" role=""/>
  <member type="way" ref="78043268" role=""/>
  <member type="way" ref="156269123" role=""/>
  <member type="way" ref="462257892" role=""/>
  <member type="way" ref="459083815" role=""/>
  <member type="way" ref="33686741" role=""/>
  <member type="way" ref="200893305" role=""/>
  <member type="way" ref="200893306" role=""/>
  <member type="way" ref="530205229" role=""/>
  <member type="way" ref="478023609" role=""/>
  <member type="way" ref="24205843" role=""/>
  <member type="way" ref="200893310" role=""/>
  <member type="way" ref="459962960" role=""/>
  <member type="way" ref="762171076" role=""/>
  <member type="way" ref="245017755" role=""/>
  <member type="way" ref="330254514" role=""/>
  <member type="way" ref="161753970" role=""/>
  <member type="way" ref="1237991975" role=""/>
  <member type="way" ref="456702744" role=""/>
  <member type="way" ref="161753985" role=""/>
  <member type="way" ref="178090080" role=""/>
  <member type="way" ref="161753993" role=""/>
  <member type="way" ref="186711507" role=""/>
  <member type="way" ref="330254502" role=""/>
  <member type="way" ref="161753979" role=""/>
  <member type="way" ref="460855933" role=""/>
  <member type="way" ref="461766441" role=""/>
  <member type="way" ref="50278152" role=""/>
  <member type="way" ref="106864766" role=""/>
  <member type="way" ref="513479507" role=""/>
  <member type="way" ref="496001816" role=""/>
  <member type="way" ref="221297197" role=""/>
  <member type="way" ref="530217399" role=""/>
  <member type="way" ref="458964937" role=""/>
  <member type="way" ref="50202021" role=""/>
  <member type="way" ref="29898597" role=""/>
  <member type="way" ref="106219756" role=""/>
  <tag k="from" v="Седанка"/>
  <tag k="interval" v="00:06"/>
  <tag k="interval:conditional" v="00:12 @ (Sa-Su 06:00-23:00)"/>
  <tag k="name" v="Автобус 1: Седанка - Змеинка"/>
  <tag k="opening_hours" v="Mo-Su 06:00-23:00"/>
  <tag k="public_transport:version" v="2"/>
  <tag k="ref" v="1"/>
  <tag k="route" v="bus"/>
  <tag k="to" v="Змеинка"/>
  <tag k="type" v="route"/>
 </relation>
 <relation id="6808332" visible="true" version="34" changeset="185390328" timestamp="2026-07-09T07:34:15Z" user="Иван19901" uid="10089317">
  <member type="node" ref="4564421329" role="stop"/>
  <member type="node" ref="1519149792" role="platform"/>
  <member type="node" ref="4564421333" role="stop"/>
  <member type="node" ref="4092129425" role="platform"/>
  <member type="node" ref="4564421336" role="stop"/>
  <member type="node" ref="4092149359" role="platform"/>
  <member type="node" ref="4564417596" role="stop"/>
  <member type="node" ref="4564417595" role="platform"/>
  <member type="node" ref="4564417599" role="stop"/>
  <member type="node" ref="4564417597" role="platform"/>
  <member type="node" ref="4564415346" role="stop"/>
  <member type="node" ref="4564415344" role="platform"/>
  <member type="node" ref="4564415349" role="stop"/>
  <member type="node" ref="4564415348" role="platform"/>
  <member type="node" ref="4564539919" role="stop"/>
  <member type="node" ref="4092176267" role="platform"/>
  <member type="node" ref="4517549255" role="stop"/>
  <member type="node" ref="4517549257" role="platform"/>
  <member type="node" ref="4517549253" role="stop"/>
  <member type="node" ref="4517549254" role="platform"/>
  <member type="node" ref="4564539918" role="stop"/>
  <member type="node" ref="4564539917" role="platform"/>
  <member type="node" ref="747620776" role="stop"/>
  <member type="node" ref="4545477671" role="platform"/>
  <member type="node" ref="844644521" role="stop"/>
  <member type="node" ref="4545477670" role="platform"/>
  <member type="node" ref="1823687996" role="stop"/>
  <member type="node" ref="4545477669" role="platform"/>
  <member type="node" ref="1823687997" role="stop"/>
  <member type="node" ref="4545477668" role="platform"/>
  <member type="node" ref="1468857028" role="stop"/>
  <member type="node" ref="4545477675" role="platform"/>
  <member type="node" ref="1684123466" role="stop"/>
  <member type="node" ref="4556561352" role="platform"/>
  <member type="node" ref="4512532388" role="stop"/>
  <member type="node" ref="1684261448" role="platform"/>
  <member type="node" ref="1724699614" role="stop"/>
  <member type="node" ref="4556561354" role="platform"/>
  <member type="node" ref="4556585868" role="stop"/>
  <member type="node" ref="4556585867" role="platform"/>
  <member type="way" ref="460848600" role=""/>
  <member type="way" ref="32942905" role=""/>
  <member type="way" ref="754127086" role=""/>
  <member type="way" ref="461519169" role=""/>
  <member type="way" ref="460861905" role=""/>
  <member type="way" ref="460846704" role=""/>
  <member type="way" ref="1370898223" role=""/>
  <member type="way" ref="1181626074" role=""/>
  <member type="way" ref="220692480" role=""/>
  <member type="way" ref="220692481" role=""/>
  <member type="way" ref="460859188" role=""/>
  <member type="way" ref="220692482" role=""/>
  <member type="way" ref="451664028" role=""/>
  <member type="way" ref="27420283" role=""/>
  <member type="way" ref="297464939" role=""/>
  <member type="way" ref="172595880" role=""/>
  <member type="way" ref="451664029" role=""/>
  <member type="way" ref="451664030" role=""/>
  <member type="way" ref="23876683" role=""/>
  <member type="way" ref="1133437137" role=""/>
  <member type="way" ref="502540093" role=""/>
  <member type="way" ref="502540094" role=""/>
  <member type="way" ref="1056554879" role=""/>
  <member type="way" ref="561379141" role=""/>
  <member type="way" ref="51365068" role=""/>
  <member type="way" ref="184279972" role=""/>
  <member type="way" ref="241410597" role=""/>
  <member type="way" ref="297464940" role=""/>
  <member type="way" ref="454563262" role=""/>
  <member type="way" ref="241410525" role=""/>
  <member type="way" ref="1536765885" role=""/>
  <member type="way" ref="93411532" role=""/>
  <member type="way" ref="1536765883" role=""/>
  <member type="way" ref="818182296" role=""/>
  <member type="way" ref="172595882" role=""/>
  <member type="way" ref="315599226" role=""/>
  <member type="way" ref="354271516" role=""/>
  <member type="way" ref="50198767" role=""/>
  <member type="way" ref="50198577" role=""/>
  <member type="way" ref="460864673" role=""/>
  <member type="way" ref="27612221" role=""/>
  <member type="way" ref="462466191" role=""/>
  <member type="way" ref="177288866" role=""/>
  <member type="way" ref="79733030" role=""/>
  <member type="way" ref="177288870" role=""/>
  <member type="way" ref="1192148914" role=""/>
  <member type="way" ref="24205843" role=""/>
  <member type="way" ref="200893310" role=""/>
  <member type="way" ref="459962960" role=""/>
  <member type="way" ref="762171076" role=""/>
  <member type="way" ref="245017755" role=""/>
  <member type="way" ref="330254514" role=""/>
  <member type="way" ref="176215770" role=""/>
  <member type="way" ref="458565200" role=""/>
  <member type="way" ref="245775876" role=""/>
  <member type="way" ref="179632846" role=""/>
  <member type="way" ref="102414068" role=""/>
  <member type="way" ref="219616126" role=""/>
  <member type="way" ref="458432526" role=""/>
  <member type="way" ref="82264262" role=""/>
  <member type="way" ref="94258507" role=""/>
  <member type="way" ref="23943507" role=""/>
  <member type="way" ref="343130003" role=""/>
  <member type="way" ref="315599212" role=""/>
  <member type="way" ref="489202673" role=""/>
  <member type="way" ref="245626981" role=""/>
  <member type="way" ref="219614815" role=""/>
  <member type="way" ref="330254520" role=""/>
  <member type="way" ref="180229842" role=""/>
  <member type="way" ref="347004719" role=""/>
  <member type="way" ref="219365221" role=""/>
  <member type="way" ref="180849364" role=""/>
  <member type="way" ref="180849363" role=""/>
  <member type="way" ref="256944580" role=""/>
  <member type="way" ref="491336392" role=""/>
  <member type="way" ref="460435119" role=""/>
  <member type="way" ref="213736874" role=""/>
  <member type="way" ref="487897220" role=""/>
  <member type="way" ref="483623418" role=""/>
  <member type="way" ref="460435118" role=""/>
  <member type="way" ref="315599215" role=""/>
  <member type="way" ref="213736871" role=""/>
  <member type="way" ref="213736875" role=""/>
  <member type="way" ref="483623417" role=""/>
  <member type="way" ref="256944579" role=""/>
  <member type="way" ref="256944581" role=""/>
  <member type="way" ref="256944576" role=""/>
  <member type="way" ref="178927383" role=""/>
  <member type="way" ref="256944582" role=""/>
  <member type="way" ref="245626982" role=""/>
  <member type="way" ref="71889655" role=""/>
  <member type="way" ref="440124586" role=""/>
  <member type="way" ref="480757170" role=""/>
  <member type="way" ref="480757171" role=""/>
  <member type="way" ref="480757172" role=""/>
  <member type="way" ref="480757173" role=""/>
  <member type="way" ref="204964968" role=""/>
  <member type="way" ref="480757174" role=""/>
  <member type="way" ref="316329729" role=""/>
  <member type="way" ref="440270027" role=""/>
  <member type="way" ref="170064458" role=""/>
  <member type="way" ref="461305501" role=""/>
  <member type="way" ref="158025792" role=""/>
  <member type="way" ref="50638456" role=""/>
  <member type="way" ref="176990247" role=""/>
  <member type="way" ref="158025790" role=""/>
  <member type="way" ref="176931293" role=""/>
  <member type="way" ref="1536769499" role=""/>
  <member type="way" ref="158024105" role=""/>
  <member type="way" ref="172595878" role=""/>
  <tag k="from" v="Нейбута"/>
  <tag k="interval" v="00:10"/>
  <tag k="interval:conditional" v="00:13 @ (Sa-Su 06:30-23:00)"/>
  <tag k="name" v="Автобус 16Ц: Нейбута - Центр"/>
  <tag k="opening_hours" v="Mo-Fr 06:00-23:00; Sa-Su 06:30-23:00"/>
  <tag k="public_transport:version" v="2"/>
  <tag k="ref" v="16Ц"/>
  <tag k="route" v="bus"/>
  <tag k="to" v="Центр"/>
  <tag k="type" v="route"/>
 </relation>
 <relation id="6808333" visible="true" version="38" changeset="185390178" timestamp="2026-07-09T07:29:58Z" user="Иван19901" uid="10089317">
  <member type="node" ref="4556585868" role="stop"/>
  <member type="node" ref="4556585867" role="platform"/>
  <member type="node" ref="1684123464" role="stop"/>
  <member type="node" ref="4556561353" role="platform"/>
  <member type="node" ref="1468856918" role="stop"/>
  <member type="node" ref="4545477674" role="platform"/>
  <member type="node" ref="844644528" role="stop"/>
  <member type="node" ref="4545477673" role="platform"/>
  <member type="node" ref="638205283" role="stop"/>
  <member type="node" ref="4545477672" role="platform"/>
  <member type="node" ref="748641708" role="stop"/>
  <member type="node" ref="4517549267" role="platform"/>
  <member type="node" ref="4517549251" role="stop"/>
  <member type="node" ref="4517549252" role="platform"/>
  <member type="node" ref="4517549256" role="stop"/>
  <member type="node" ref="4517549258" role="platform"/>
  <member type="node" ref="4564539919" role="stop"/>
  <member type="node" ref="4092176268" role="platform"/>
  <member type="node" ref="4564415349" role="stop"/>
  <member type="node" ref="4564415347" role="platform"/>
  <member type="node" ref="370953054" role="stop"/>
  <member type="node" ref="4564415345" role="platform"/>
  <member type="node" ref="4564417599" role="stop"/>
  <member type="node" ref="4564417598" role="platform"/>
  <member type="node" ref="4564417594" role="stop"/>
  <member type="node" ref="4564417593" role="platform"/>
  <member type="node" ref="4564421335" role="stop"/>
  <member type="node" ref="4564421334" role="platform"/>
  <member type="node" ref="4564421332" role="stop"/>
  <member type="node" ref="4092129426" role="platform"/>
  <member type="node" ref="4564421329" role="stop"/>
  <member type="node" ref="1519149792" role="platform"/>
  <member type="way" ref="460859189" role=""/>
  <member type="way" ref="50633846" role=""/>
  <member type="way" ref="826999075" role=""/>
  <member type="way" ref="204964967" role=""/>
  <member type="way" ref="440270027" role=""/>
  <member type="way" ref="316329729" role=""/>
  <member type="way" ref="480757174" role=""/>
  <member type="way" ref="204964968" role=""/>
  <member type="way" ref="480757173" role=""/>
  <member type="way" ref="480757172" role=""/>
  <member type="way" ref="480757171" role=""/>
  <member type="way" ref="480757170" role=""/>
  <member type="way" ref="440124586" role=""/>
  <member type="way" ref="71889655" role=""/>
  <member type="way" ref="245626982" role=""/>
  <member type="way" ref="256944583" role=""/>
  <member type="way" ref="256944578" role=""/>
  <member type="way" ref="242613270" role=""/>
  <member type="way" ref="256944579" role=""/>
  <member type="way" ref="483623417" role=""/>
  <member type="way" ref="213736875" role=""/>
  <member type="way" ref="213736871" role=""/>
  <member type="way" ref="315599215" role=""/>
  <member type="way" ref="460435118" role=""/>
  <member type="way" ref="483623418" role=""/>
  <member type="way" ref="487897220" role=""/>
  <member type="way" ref="213736874" role=""/>
  <member type="way" ref="460435119" role=""/>
  <member type="way" ref="491336392" role=""/>
  <member type="way" ref="256944580" role=""/>
  <member type="way" ref="180849363" role=""/>
  <member type="way" ref="180849364" role=""/>
  <member type="way" ref="219365221" role=""/>
  <member type="way" ref="347004719" role=""/>
  <member type="way" ref="180229842" role=""/>
  <member type="way" ref="330254520" role=""/>
  <member type="way" ref="219614815" role=""/>
  <member type="way" ref="245626981" role=""/>
  <member type="way" ref="489202673" role=""/>
  <member type="way" ref="315599212" role=""/>
  <member type="way" ref="343130003" role=""/>
  <member type="way" ref="23943507" role=""/>
  <member type="way" ref="91832806" role=""/>
  <member type="way" ref="156136773" role=""/>
  <member type="way" ref="315599207" role=""/>
  <member type="way" ref="478023607" role=""/>
  <member type="way" ref="91832803" role=""/>
  <member type="way" ref="1136496068" role=""/>
  <member type="way" ref="458565201" role=""/>
  <member type="way" ref="187776381" role=""/>
  <member type="way" ref="1136496070" role=""/>
  <member type="way" ref="762171075" role=""/>
  <member type="way" ref="330254504" role=""/>
  <member type="way" ref="40892450" role=""/>
  <member type="way" ref="190138862" role=""/>
  <member type="way" ref="462466187" role=""/>
  <member type="way" ref="156135373" role=""/>
  <member type="way" ref="156135714" role=""/>
  <member type="way" ref="460860692" role=""/>
  <member type="way" ref="50198779" role=""/>
  <member type="way" ref="50198767" role=""/>
  <member type="way" ref="354271516" role=""/>
  <member type="way" ref="315599226" role=""/>
  <member type="way" ref="172595882" role=""/>
  <member type="way" ref="818182296" role=""/>
  <member type="way" ref="1536765883" role=""/>
  <member type="way" ref="93411532" role=""/>
  <member type="way" ref="1536765885" role=""/>
  <member type="way" ref="241410524" role=""/>
  <member type="way" ref="454563260" role=""/>
  <member type="way" ref="460382605" role=""/>
  <member type="way" ref="718072393" role=""/>
  <member type="way" ref="184279971" role=""/>
  <member type="way" ref="241410598" role=""/>
  <member type="way" ref="184279972" role=""/>
  <member type="way" ref="51365068" role=""/>
  <member type="way" ref="561379141" role=""/>
  <member type="way" ref="1056554879" role=""/>
  <member type="way" ref="502540094" role=""/>
  <member type="way" ref="502540093" role=""/>
  <member type="way" ref="1133437137" role=""/>
  <member type="way" ref="23876683" role=""/>
  <member type="way" ref="451664030" role=""/>
  <member type="way" ref="451664029" role=""/>
  <member type="way" ref="172595880" role=""/>
  <member type="way" ref="297464939" role=""/>
  <member type="way" ref="27420283" role=""/>
  <member type="way" ref="451664028" role=""/>
  <member type="way" ref="220692482" role=""/>
  <member type="way" ref="460859188" role=""/>
  <member type="way" ref="220692481" role=""/>
  <member type="way" ref="220692480" role=""/>
  <member type="way" ref="1181626074" role=""/>
  <member type="way" ref="1370898223" role=""/>
  <member type="way" ref="460846704" role=""/>
  <member type="way" ref="460861905" role=""/>
  <member type="way" ref="461519169" role=""/>
  <member type="way" ref="754127086" role=""/>
  <member type="way" ref="32942905" role=""/>
  <member type="way" ref="460848600" role=""/>
  <tag k="from" v="Центр"/>
  <tag k="interval" v="00:10"/>
  <tag k="interval:conditional" v="00:13 @ (Sa-Su 06:30-23:00)"/>
  <tag k="name" v="Автобус 16Ц: Центр - Нейбута"/>
  <tag k="opening_hours" v="Mo-Fr 06:00-23:00; Sa-Su 06:30-23:00"/>
  <tag k="public_transport:version" v="2"/>
  <tag k="ref" v="16Ц"/>
  <tag k="route" v="bus"/>
  <tag k="to" v="Нейбута"/>
  <tag k="type" v="route"/>
 </relation>
 <relation id="6814338" visible="true" version="29" changeset="142989657" timestamp="2023-10-22T22:24:29Z" user="SomeoneElse" uid="61942">
  <member type="node" ref="312920413" role="stop"/>
  <member type="node" ref="4566165080" role="platform"/>
  <member type="node" ref="4567965722" role="stop"/>
  <member type="node" ref="4567965721" role="platform"/>
  <member type="node" ref="4567965725" role="stop"/>
  <member type="node" ref="4567965724" role="platform"/>
  <member type="node" ref="4567965728" role="stop"/>
  <member type="node" ref="4567965726" role="platform"/>
  <member type="node" ref="349402450" role="stop"/>
  <member type="node" ref="4567965729" role="platform"/>
  <member type="node" ref="4567965733" role="stop"/>
  <member type="node" ref="4567965731" role="platform"/>
  <member type="node" ref="4567965736" role="stop"/>
  <member type="node" ref="4567965734" role="platform"/>
  <member type="node" ref="4567965739" role="stop"/>
  <member type="node" ref="4567965738" role="platform"/>
  <member type="node" ref="1201284194" role="stop"/>
  <member type="node" ref="6422396658" role="platform"/>
  <member type="node" ref="1520556678" role="stop"/>
  <member type="node" ref="4566165041" role="platform"/>
  <member type="node" ref="4566165039" role="stop"/>
  <member type="node" ref="4566165036" role="platform"/>
  <member type="node" ref="1696989026" role="stop"/>
  <member type="node" ref="4562801385" role="platform"/>
  <member type="node" ref="1188514127" role="stop"/>
  <member type="node" ref="4561364711" role="platform"/>
  <member type="node" ref="4561364713" role="stop"/>
  <member type="node" ref="4561364712" role="platform"/>
  <member type="node" ref="4561364719" role="stop"/>
  <member type="node" ref="4562781693" role="platform"/>
  <member type="node" ref="1911377750" role="stop"/>
  <member type="node" ref="4561279104" role="platform"/>
  <member type="node" ref="1696988979" role="stop"/>
  <member type="node" ref="4561279101" role="platform"/>
  <member type="node" ref="2617353796" role="stop"/>
  <member type="node" ref="4561279099" role="platform"/>
  <member type="node" ref="4561279097" role="stop"/>
  <member type="node" ref="4561279094" role="platform"/>
  <member type="node" ref="4561279093" role="stop"/>
  <member type="node" ref="4561279091" role="platform"/>
  <member type="node" ref="4561278788" role="stop"/>
  <member type="node" ref="4561278787" role="platform"/>
  <member type="node" ref="1809569060" role="stop"/>
  <member type="node" ref="4561278785" role="platform"/>
  <member type="node" ref="261689321" role="stop"/>
  <member type="node" ref="4780202823" role="platform"/>
  <member type="node" ref="504618698" role="stop"/>
  <member type="node" ref="4561278782" role="platform"/>
  <member type="node" ref="4561278779" role="stop"/>
  <member type="node" ref="4561278776" role="platform"/>
  <member type="node" ref="4413902625" role="stop"/>
  <member type="node" ref="1046987209" role="platform"/>
  <member type="node" ref="4408659949" role="stop"/>
  <member type="node" ref="1117900661" role="platform"/>
  <member type="node" ref="4550114619" role="stop"/>
  <member type="node" ref="1108501129" role="platform"/>
  <member type="node" ref="1702561941" role="stop"/>
  <member type="node" ref="4556064926" role="platform"/>
  <member type="node" ref="1117900659" role="stop"/>
  <member type="node" ref="4519498511" role="platform"/>
  <member type="node" ref="303784395" role="stop"/>
  <member type="node" ref="4519498509" role="platform"/>
  <member type="node" ref="4519498502" role="stop"/>
  <member type="node" ref="4519498504" role="platform"/>
  <member type="node" ref="4519498500" role="stop"/>
  <member type="node" ref="1685290098" role="platform"/>
  <member type="node" ref="4519498494" role="stop"/>
  <member type="node" ref="1810755215" role="platform"/>
  <member type="node" ref="844644521" role="stop"/>
  <member type="node" ref="4545477670" role="platform"/>
  <member type="node" ref="1823687996" role="stop"/>
  <member type="node" ref="4545477669" role="platform"/>
  <member type="node" ref="1823687997" role="stop"/>
  <member type="node" ref="4545477668" role="platform"/>
  <member type="node" ref="1468857028" role="stop"/>
  <member type="node" ref="4545477675" role="platform"/>
  <member type="way" ref="77908763" role=""/>
  <member type="way" ref="461280028" role=""/>
  <member type="way" ref="461066693" role=""/>
  <member type="way" ref="206803591" role=""/>
  <member type="way" ref="206803589" role=""/>
  <member type="way" ref="317485074" role=""/>
  <member type="way" ref="512449575" role=""/>
  <member type="way" ref="512449574" role=""/>
  <member type="way" ref="124982637" role=""/>
  <member type="way" ref="206787663" role=""/>
  <member type="way" ref="124982636" role=""/>
  <member type="way" ref="206787664" role=""/>
  <member type="way" ref="472860406" role=""/>
  <member type="way" ref="472860403" role=""/>
  <member type="way" ref="461264653" role=""/>
  <member type="way" ref="147570907" role=""/>
  <member type="way" ref="474285064" role=""/>
  <member type="way" ref="79605984" role=""/>
  <member type="way" ref="474285062" role=""/>
  <member type="way" ref="463954333" role=""/>
  <member type="way" ref="461766903" role=""/>
  <member type="way" ref="460663939" role=""/>
  <member type="way" ref="140089655" role=""/>
  <member type="way" ref="645157872" role=""/>
  <member type="way" ref="140089656" role=""/>
  <member type="way" ref="460892451" role=""/>
  <member type="way" ref="460473725" role=""/>
  <member type="way" ref="157482112" role=""/>
  <member type="way" ref="157482113" role=""/>
  <member type="way" ref="460893226" role=""/>
  <member type="way" ref="462215614" role=""/>
  <member type="way" ref="256036551" role=""/>
  <member type="way" ref="163368715" role=""/>
  <member type="way" ref="90389768" role=""/>
  <member type="way" ref="256029757" role=""/>
  <member type="way" ref="253433077" role=""/>
  <member type="way" ref="203493094" role=""/>
  <member type="way" ref="90389772" role=""/>
  <member type="way" ref="513479506" role=""/>
  <member type="way" ref="95920207" role=""/>
  <member type="way" ref="1066593438" role=""/>
  <member type="way" ref="1065501160" role=""/>
  <member type="way" ref="702174067" role=""/>
  <member type="way" ref="179383653" role=""/>
  <member type="way" ref="864553446" role=""/>
  <member type="way" ref="110606546" role=""/>
  <member type="way" ref="443856698" role=""/>
  <member type="way" ref="186256173" role=""/>
  <member type="way" ref="461257813" role=""/>
  <member type="way" ref="47026372" role=""/>
  <member type="way" ref="47971175" role=""/>
  <member type="way" ref="47971173" role=""/>
  <member type="way" ref="455557549" role=""/>
  <member type="way" ref="47971174" role=""/>
  <member type="way" ref="255187027" role=""/>
  <member type="way" ref="27660221" role=""/>
  <member type="way" ref="27660218" role=""/>
  <member type="way" ref="187765919" role=""/>
  <member type="way" ref="483560016" role=""/>
  <member type="way" ref="27660193" role=""/>
  <member type="way" ref="462252641" role=""/>
  <member type="way" ref="169917010" role=""/>
  <member type="way" ref="519178901" role=""/>
  <member type="way" ref="459880900" role=""/>
  <member type="way" ref="30450235" role=""/>
  <member type="way" ref="27660168" role=""/>
  <member type="way" ref="78043268" role=""/>
  <member type="way" ref="156269123" role=""/>
  <member type="way" ref="462257892" role=""/>
  <member type="way" ref="459083815" role=""/>
  <member type="way" ref="33686741" role=""/>
  <member type="way" ref="200893305" role=""/>
  <member type="way" ref="478023608" role=""/>
  <member type="way" ref="478023609" role=""/>
  <member type="way" ref="24205843" role=""/>
  <member type="way" ref="200893310" role=""/>
  <member type="way" ref="459962960" role=""/>
  <member type="way" ref="762171076" role=""/>
  <member type="way" ref="245017755" role=""/>
  <member type="way" ref="330254514" role=""/>
  <member type="way" ref="176215770" role=""/>
  <member type="way" ref="458565200" role=""/>
  <member type="way" ref="245775876" role=""/>
  <member type="way" ref="179632846" role=""/>
  <member type="way" ref="102414068" role=""/>
  <member type="way" ref="219616126" role=""/>
  <tag k="from" v="Станция Угольная"/>
  <tag k="interval" v="00:15"/>
  <tag k="interval:conditional" v="00:20 @ (Sa-Su 06:00-00:30)"/>
  <tag k="name" v="Автобус 44Д: Станция Угольная - Фуникулёр"/>
  <tag k="opening_hours" v="Mo-Su 06:00-00:30"/>
  <tag k="public_transport:version" v="2"/>
  <tag k="ref" v="44Д"/>
  <tag k="route" v="bus"/>
  <tag k="to" v="Фуникулёр"/>
  <tag k="type" v="route"/>
 </relation>
 <relation id="6814339" visible="true" version="28" changeset="142989657" timestamp="2023-10-22T22:24:29Z" user="SomeoneElse" uid="61942">
  <member type="node" ref="1468857028" role="stop"/>
  <member type="node" ref="4545477675" role="platform"/>
  <member type="node" ref="844644528" role="stop"/>
  <member type="node" ref="4545477673" role="platform"/>
  <member type="node" ref="6146537224" role="stop"/>
  <member type="node" ref="6146537223" role="platform"/>
  <member type="node" ref="4519498499" role="stop"/>
  <member type="node" ref="5302729501" role="platform"/>
  <member type="node" ref="4519498501" role="stop"/>
  <member type="node" ref="4519498505" role="platform"/>
  <member type="node" ref="844644530" role="stop"/>
  <member type="node" ref="4519498507" role="platform"/>
  <member type="node" ref="258051690" role="stop"/>
  <member type="node" ref="4519498508" role="platform"/>
  <member type="node" ref="1117900663" role="stop"/>
  <member type="node" ref="4519498510" role="platform"/>
  <member type="node" ref="303789368" role="stop"/>
  <member type="node" ref="4556064927" role="platform"/>
  <member type="node" ref="4550110150" role="stop"/>
  <member type="node" ref="1107301390" role="platform"/>
  <member type="node" ref="1108501137" role="stop"/>
  <member type="node" ref="1117900665" role="platform"/>
  <member type="node" ref="4560996704" role="stop"/>
  <member type="node" ref="1966625184" role="platform"/>
  <member type="node" ref="4561278778" role="stop"/>
  <member type="node" ref="4561278777" role="platform"/>
  <member type="node" ref="4561278781" role="stop"/>
  <member type="node" ref="4561278780" role="platform"/>
  <member type="node" ref="4561278784" role="stop"/>
  <member type="node" ref="4561278783" role="platform"/>
  <member type="node" ref="1809569057" role="stop"/>
  <member type="node" ref="4561278786" role="platform"/>
  <member type="node" ref="4561279090" role="stop"/>
  <member type="node" ref="4561279089" role="platform"/>
  <member type="node" ref="1877681019" role="stop"/>
  <member type="node" ref="4561279092" role="platform"/>
  <member type="node" ref="4561279096" role="stop"/>
  <member type="node" ref="4561279095" role="platform"/>
  <member type="node" ref="4561279100" role="stop"/>
  <member type="node" ref="4561279098" role="platform"/>
  <member type="node" ref="4561279103" role="stop"/>
  <member type="node" ref="4561279102" role="platform"/>
  <member type="node" ref="4561279106" role="stop"/>
  <member type="node" ref="4561279105" role="platform"/>
  <member type="node" ref="4561364720" role="stop"/>
  <member type="node" ref="4562781692" role="platform"/>
  <member type="node" ref="4561364714" role="stop"/>
  <member type="node" ref="4562781695" role="platform"/>
  <member type="node" ref="4561364710" role="stop"/>
  <member type="node" ref="4561364709" role="platform"/>
  <member type="node" ref="4562801387" role="stop"/>
  <member type="node" ref="4562801386" role="platform"/>
  <member type="node" ref="4566165038" role="stop"/>
  <member type="node" ref="4566165037" role="platform"/>
  <member type="node" ref="4566165042" role="stop"/>
  <member type="node" ref="4566165040" role="platform"/>
  <member type="node" ref="4566165045" role="stop"/>
  <member type="node" ref="4566165044" role="platform"/>
  <member type="node" ref="4567965739" role="stop"/>
  <member type="node" ref="4567965737" role="platform"/>
  <member type="node" ref="4567965736" role="stop"/>
  <member type="node" ref="4567965735" role="platform"/>
  <member type="node" ref="6165241494" role="stop"/>
  <member type="node" ref="4567965732" role="platform"/>
  <member type="node" ref="349402450" role="stop"/>
  <member type="node" ref="4567965730" role="platform"/>
  <member type="node" ref="4567965728" role="stop"/>
  <member type="node" ref="4567965727" role="platform"/>
  <member type="node" ref="4567965725" role="stop"/>
  <member type="node" ref="4567965723" role="platform"/>
  <member type="node" ref="4567965720" role="stop"/>
  <member type="node" ref="4567965719" role="platform"/>
  <member type="node" ref="4566165084" role="stop"/>
  <member type="node" ref="4566165082" role="platform"/>
  <member type="node" ref="4566165076" role="stop"/>
  <member type="node" ref="4655099668" role="platform"/>
  <member type="node" ref="9179344730" role="stop"/>
  <member type="node" ref="9179344729" role="platform"/>
  <member type="node" ref="9179344730" role="stop"/>
  <member type="node" ref="9179344728" role="platform"/>
  <member type="node" ref="4566165077" role="stop"/>
  <member type="node" ref="4655099669" role="platform"/>
  <member type="node" ref="4566165083" role="stop"/>
  <member type="node" ref="4566165081" role="platform"/>
  <member type="node" ref="312920414" role="stop"/>
  <member type="node" ref="4566165079" role="platform"/>
  <member type="way" ref="458432526" role=""/>
  <member type="way" ref="91832804" role=""/>
  <member type="way" ref="219616127" role=""/>
  <member type="way" ref="169917593" role=""/>
  <member type="way" ref="156136773" role=""/>
  <member type="way" ref="315599207" role=""/>
  <member type="way" ref="478023607" role=""/>
  <member type="way" ref="91832803" role=""/>
  <member type="way" ref="1136496068" role=""/>
  <member type="way" ref="458565201" role=""/>
  <member type="way" ref="187776381" role=""/>
  <member type="way" ref="1136496070" role=""/>
  <member type="way" ref="762171075" role=""/>
  <member type="way" ref="330254504" role=""/>
  <member type="way" ref="156126829" role=""/>
  <member type="way" ref="79733026" role=""/>
  <member type="way" ref="194038239" role=""/>
  <member type="way" ref="110606549" role=""/>
  <member type="way" ref="156268452" role=""/>
  <member type="way" ref="1194187316" role=""/>
  <member type="way" ref="24332235" role=""/>
  <member type="way" ref="462258504" role=""/>
  <member type="way" ref="24332236" role=""/>
  <member type="way" ref="27660148" role=""/>
  <member type="way" ref="27659856" role=""/>
  <member type="way" ref="148645122" role=""/>
  <member type="way" ref="462035663" role=""/>
  <member type="way" ref="462252640" role=""/>
  <member type="way" ref="27659820" role=""/>
  <member type="way" ref="27659866" role=""/>
  <member type="way" ref="483560015" role=""/>
  <member type="way" ref="27659873" role=""/>
  <member type="way" ref="187765918" role=""/>
  <member type="way" ref="460650374" role=""/>
  <member type="way" ref="27660230" role=""/>
  <member type="way" ref="27660234" role=""/>
  <member type="way" ref="47026373" role=""/>
  <member type="way" ref="156268453" role=""/>
  <member type="way" ref="158017744" role=""/>
  <member type="way" ref="461257814" role=""/>
  <member type="way" ref="27660394" role=""/>
  <member type="way" ref="95602064" role=""/>
  <member type="way" ref="94337404" role=""/>
  <member type="way" ref="179383651" role=""/>
  <member type="way" ref="864553447" role=""/>
  <member type="way" ref="110606548" role=""/>
  <member type="way" ref="702174066" role=""/>
  <member type="way" ref="1065501159" role=""/>
  <member type="way" ref="346402810" role=""/>
  <member type="way" ref="177319016" role=""/>
  <member type="way" ref="79605983" role=""/>
  <member type="way" ref="513479509" role=""/>
  <member type="way" ref="439764517" role=""/>
  <member type="way" ref="203493093" role=""/>
  <member type="way" ref="253433075" role=""/>
  <member type="way" ref="256029758" role=""/>
  <member type="way" ref="1059214990" role=""/>
  <member type="way" ref="165561362" role=""/>
  <member type="way" ref="165561361" role=""/>
  <member type="way" ref="190403932" role=""/>
  <member type="way" ref="157482114" role=""/>
  <member type="way" ref="462215613" role=""/>
  <member type="way" ref="256036552" role=""/>
  <member type="way" ref="460892452" role=""/>
  <member type="way" ref="157482110" role=""/>
  <member type="way" ref="157482106" role=""/>
  <member type="way" ref="460663944" role=""/>
  <member type="way" ref="645157871" role=""/>
  <member type="way" ref="120366533" role=""/>
  <member type="way" ref="460663941" role=""/>
  <member type="way" ref="157482103" role=""/>
  <member type="way" ref="474285063" role=""/>
  <member type="way" ref="147566957" role=""/>
  <member type="way" ref="461301745" role=""/>
  <member type="way" ref="197120159" role=""/>
  <member type="way" ref="472860405" role=""/>
  <member type="way" ref="206787664" role=""/>
  <member type="way" ref="124982636" role=""/>
  <member type="way" ref="206787663" role=""/>
  <member type="way" ref="124982637" role=""/>
  <member type="way" ref="512449574" role=""/>
  <member type="way" ref="512449575" role=""/>
  <member type="way" ref="317485074" role=""/>
  <member type="way" ref="206803589" role=""/>
  <member type="way" ref="206803591" role=""/>
  <member type="way" ref="461066693" role=""/>
  <member type="way" ref="461280028" role=""/>
  <member type="way" ref="206803590" role=""/>
  <member type="way" ref="471497963" role=""/>
  <member type="way" ref="471497960" role=""/>
  <member type="way" ref="461066694" role=""/>
  <member type="way" ref="461066694" role=""/>
  <member type="way" ref="471497960" role=""/>
  <member type="way" ref="471497963" role=""/>
  <member type="way" ref="206803590" role=""/>
  <member type="way" ref="77908763" role=""/>
  <member type="way" ref="461261481" role=""/>
  <tag k="from" v="Фуникулёр"/>
  <tag k="interval" v="00:15"/>
  <tag k="interval:conditional" v="00:20 @ (Sa-Su 06:00-00:30)"/>
  <tag k="name" v="Автобус 44Д: Фуникулёр - Станция Угольная"/>
  <tag k="opening_hours" v="Mo-Su 06:00-00:30"/>
  <tag k="public_transport:version" v="2"/>
  <tag k="ref" v="44Д"/>
  <tag k="route" v="bus"/>
  <tag k="to" v="Станция Угольная"/>
  <tag k="type" v="route"/>
 </relation>
 <relation id="6814446" visible="true" version="27" changeset="183577843" timestamp="2026-06-03T07:26:23Z" user="Иван19901" uid="10089317">
  <member type="node" ref="4556585866" role="stop"/>
  <member type="node" ref="4556585865" role="platform"/>
  <member type="node" ref="4512532387" role="stop"/>
  <member type="node" ref="1377433578" role="platform"/>
  <member type="node" ref="4712924148" role="stop"/>
  <member type="node" ref="1377427670" role="platform"/>
  <member type="node" ref="4712924143" role="stop"/>
  <member type="node" ref="1377420490" role="platform"/>
  <member type="node" ref="844644521" role="stop"/>
  <member type="node" ref="4545477670" role="platform"/>
  <member type="node" ref="1823687996" role="stop"/>
  <member type="node" ref="4545477669" role="platform"/>
  <member type="node" ref="4568233531" role="stop"/>
  <member type="node" ref="4568233528" role="platform"/>
  <member type="node" ref="4557570066" role="stop"/>
  <member type="node" ref="2498368520" role="platform"/>
  <member type="node" ref="4557570068" role="stop"/>
  <member type="node" ref="1015605671" role="platform"/>
  <member type="node" ref="4557570069" role="stop"/>
  <member type="node" ref="2498368526" role="platform"/>
  <member type="node" ref="4564419775" role="stop"/>
  <member type="node" ref="4564419774" role="platform"/>
  <member type="node" ref="638887114" role="stop"/>
  <member type="node" ref="4540177499" role="platform"/>
  <member type="node" ref="4540177497" role="stop"/>
  <member type="node" ref="2498368525" role="platform"/>
  <member type="node" ref="638887126" role="stop"/>
  <member type="node" ref="4540177509" role="platform"/>
  <member type="node" ref="638887128" role="stop"/>
  <member type="node" ref="4540177512" role="platform"/>
  <member type="node" ref="636924820" role="stop"/>
  <member type="node" ref="4540177496" role="platform"/>
  <member type="node" ref="1177116984" role="stop"/>
  <member type="node" ref="4540177513" role="platform"/>
  <member type="node" ref="4548868990" role="stop"/>
  <member type="node" ref="637997195" role="platform"/>
  <member type="way" ref="461305501" role=""/>
  <member type="way" ref="158025791" role=""/>
  <member type="way" ref="245616510" role=""/>
  <member type="way" ref="50633447" role=""/>
  <member type="way" ref="478024770" role=""/>
  <member type="way" ref="27940015" role=""/>
  <member type="way" ref="51185704" role=""/>
  <member type="way" ref="478023876" role=""/>
  <member type="way" ref="607674843" role=""/>
  <member type="way" ref="1314738636" role=""/>
  <member type="way" ref="1314738634" role=""/>
  <member type="way" ref="1314738633" role=""/>
  <member type="way" ref="1314738632" role=""/>
  <member type="way" ref="1314738630" role=""/>
  <member type="way" ref="1314738627" role=""/>
  <member type="way" ref="1314738626" role=""/>
  <member type="way" ref="1525686408" role=""/>
  <member type="way" ref="1525686407" role=""/>
  <member type="way" ref="1314738622" role=""/>
  <member type="way" ref="1314738619" role=""/>
  <member type="way" ref="1314738616" role=""/>
  <member type="way" ref="1314738617" role=""/>
  <member type="way" ref="473499543" role=""/>
  <member type="way" ref="1165070505" role=""/>
  <member type="way" ref="178925924" role=""/>
  <member type="way" ref="172596310" role=""/>
  <member type="way" ref="762171076" role=""/>
  <member type="way" ref="245017755" role=""/>
  <member type="way" ref="330254514" role=""/>
  <member type="way" ref="161753970" role=""/>
  <member type="way" ref="1237991975" role=""/>
  <member type="way" ref="456702744" role=""/>
  <member type="way" ref="161753985" role=""/>
  <member type="way" ref="178090080" role=""/>
  <member type="way" ref="161753993" role=""/>
  <member type="way" ref="186711507" role=""/>
  <member type="way" ref="330254502" role=""/>
  <member type="way" ref="179430861" role=""/>
  <member type="way" ref="221306013" role=""/>
  <member type="way" ref="584806307" role=""/>
  <member type="way" ref="1295516187" role=""/>
  <member type="way" ref="1372218429" role=""/>
  <member type="way" ref="173397413" role=""/>
  <member type="way" ref="23812980" role=""/>
  <member type="way" ref="1372218430" role=""/>
  <member type="way" ref="23812979" role=""/>
  <member type="way" ref="457961228" role=""/>
  <member type="way" ref="173397410" role=""/>
  <member type="way" ref="157028262" role=""/>
  <member type="way" ref="27293238" role=""/>
  <member type="way" ref="157028259" role=""/>
  <member type="way" ref="221324507" role=""/>
  <member type="way" ref="457961231" role=""/>
  <member type="way" ref="172758884" role=""/>
  <member type="way" ref="221340260" role=""/>
  <member type="way" ref="221340259" role=""/>
  <member type="way" ref="221324506" role=""/>
  <member type="way" ref="221294090" role=""/>
  <member type="way" ref="221294088" role=""/>
  <member type="way" ref="221294089" role=""/>
  <member type="way" ref="221294092" role=""/>
  <member type="way" ref="172463284" role=""/>
  <member type="way" ref="23750449" role=""/>
  <member type="way" ref="457961234" role=""/>
  <member type="way" ref="461313096" role=""/>
  <tag k="from" v="ТЦ &quot;Изумруд&quot;"/>
  <tag k="interval" v="00:10"/>
  <tag k="name" v="Автобус 15К: ТЦ &quot;Изумруд&quot; - Трудовая"/>
  <tag k="opening_hours" v="Mo-Fr 06:00-23:50; Sa-Su 06:00-23:20"/>
  <tag k="public_transport:version" v="2"/>
  <tag k="ref" v="15К"/>
  <tag k="route" v="bus"/>
  <tag k="to" v="Трудовая"/>
  <tag k="type" v="route"/>
 </relation>
 <relation id="6814483" visible="true" version="21" changeset="142989657" timestamp="2023-10-22T22:24:29Z" user="SomeoneElse" uid="61942">
  <member type="node" ref="4548868990" role="stop"/>
  <member type="node" ref="4548868989" role="platform"/>
  <member type="node" ref="4548868991" role="stop"/>
  <member type="node" ref="4548868992" role="platform"/>
  <member type="node" ref="4545477687" role="stop"/>
  <member type="node" ref="4419011802" role="platform"/>
  <member type="node" ref="4545477683" role="stop"/>
  <member type="node" ref="4545477685" role="platform"/>
  <member type="node" ref="4568233530" role="stop"/>
  <member type="node" ref="4568233529" role="platform"/>
  <member type="node" ref="4540177506" role="stop"/>
  <member type="node" ref="4419020289" role="platform"/>
  <member type="node" ref="4540177504" role="stop"/>
  <member type="node" ref="1884712284" role="platform"/>
  <member type="node" ref="4545477679" role="stop"/>
  <member type="node" ref="4545477681" role="platform"/>
  <member type="node" ref="4545477677" role="stop"/>
  <member type="node" ref="2496006480" role="platform"/>
  <member type="node" ref="1468857028" role="stop"/>
  <member type="node" ref="4545477675" role="platform"/>
  <member type="node" ref="1684123466" role="stop"/>
  <member type="node" ref="4556561352" role="platform"/>
  <member type="node" ref="4556585866" role="stop"/>
  <member type="node" ref="4556585865" role="platform"/>
  <member type="way" ref="176265466" role=""/>
  <member type="way" ref="489025642" role=""/>
  <member type="way" ref="489025640" role=""/>
  <member type="way" ref="161753989" role=""/>
  <member type="way" ref="161753991" role=""/>
  <member type="way" ref="347456925" role=""/>
  <member type="way" ref="458964939" role=""/>
  <member type="way" ref="457961230" role=""/>
  <member type="way" ref="178090100" role=""/>
  <member type="way" ref="178090099" role=""/>
  <member type="way" ref="457961229" role=""/>
  <member type="way" ref="460855934" role=""/>
  <member type="way" ref="762740039" role=""/>
  <member type="way" ref="178090087" role=""/>
  <member type="way" ref="178090098" role=""/>
  <member type="way" ref="330254503" role=""/>
  <member type="way" ref="186711508" role=""/>
  <member type="way" ref="178090081" role=""/>
  <member type="way" ref="178090085" role=""/>
  <member type="way" ref="178090093" role=""/>
  <member type="way" ref="1136496066" role=""/>
  <member type="way" ref="458565201" role=""/>
  <member type="way" ref="178090097" role=""/>
  <member type="way" ref="178090082" role=""/>
  <member type="way" ref="178090086" role=""/>
  <member type="way" ref="178090089" role=""/>
  <member type="way" ref="458565200" role=""/>
  <member type="way" ref="245775876" role=""/>
  <member type="way" ref="179632846" role=""/>
  <member type="way" ref="102414068" role=""/>
  <member type="way" ref="219616126" role=""/>
  <member type="way" ref="458432526" role=""/>
  <member type="way" ref="82264262" role=""/>
  <member type="way" ref="94258507" role=""/>
  <member type="way" ref="23943507" role=""/>
  <member type="way" ref="343130003" role=""/>
  <member type="way" ref="315599212" role=""/>
  <member type="way" ref="489202673" role=""/>
  <member type="way" ref="245626981" role=""/>
  <member type="way" ref="219614815" role=""/>
  <member type="way" ref="330254520" role=""/>
  <member type="way" ref="180229842" role=""/>
  <member type="way" ref="347004719" role=""/>
  <member type="way" ref="219365221" role=""/>
  <member type="way" ref="180849364" role=""/>
  <member type="way" ref="180849363" role=""/>
  <member type="way" ref="256944580" role=""/>
  <member type="way" ref="491336392" role=""/>
  <member type="way" ref="460435119" role=""/>
  <member type="way" ref="213736874" role=""/>
  <member type="way" ref="487897220" role=""/>
  <member type="way" ref="483623418" role=""/>
  <member type="way" ref="460435118" role=""/>
  <member type="way" ref="315599215" role=""/>
  <member type="way" ref="213736871" role=""/>
  <member type="way" ref="213736875" role=""/>
  <member type="way" ref="483623417" role=""/>
  <member type="way" ref="256944579" role=""/>
  <member type="way" ref="256944581" role=""/>
  <member type="way" ref="256944576" role=""/>
  <member type="way" ref="178927383" role=""/>
  <member type="way" ref="256944582" role=""/>
  <member type="way" ref="245626982" role=""/>
  <member type="way" ref="71889655" role=""/>
  <member type="way" ref="440124586" role=""/>
  <member type="way" ref="480757170" role=""/>
  <member type="way" ref="480757171" role=""/>
  <member type="way" ref="480757172" role=""/>
  <member type="way" ref="480757173" role=""/>
  <member type="way" ref="204964968" role=""/>
  <member type="way" ref="480757174" role=""/>
  <member type="way" ref="316329729" role=""/>
  <member type="way" ref="440270027" role=""/>
  <member type="way" ref="170064458" role=""/>
  <tag k="from" v="Трудовая"/>
  <tag k="interval" v="00:10"/>
  <tag k="name" v="Автобус 15К: Трудовая - ТЦ &quot;Изумруд&quot;"/>
  <tag k="opening_hours" v="Mo-Fr 06:00-23:50; Sa-Su 06:00-23:20"/>
  <tag k="public_transport:version" v="2"/>
  <tag k="ref" v="15К"/>
  <tag k="route" v="bus"/>
  <tag k="to" v="ТЦ &quot;Изумруд&quot;"/>
  <tag k="type" v="route"/>
 </relation>
 <relation id="6820415" visible="true" version="1" changeset="44669315" timestamp="2016-12-25T20:27:08Z" user="aq123" uid="4289510">
  <member type="relation" ref="6796429" role=""/>
  <member type="relation" ref="6796420" role=""/>
  <tag k="name" v="Автобус 63"/>
  <tag k="ref" v="63"/>
  <tag k="route_master" v="bus"/>
  <tag k="type" v="route_master"/>
 </relation>
 <relation id="6827102" visible="true" version="41" changeset="185390328" timestamp="2026-07-09T07:34:15Z" user="Иван19901" uid="10089317">
  <member type="node" ref="2271297529" role="stop"/>
  <member type="node" ref="4576538847" role="platform"/>
  <member type="node" ref="4540059472" role="stop"/>
  <member type="node" ref="4540059473" role="platform"/>
  <member type="node" ref="4540059475" role="stop"/>
  <member type="node" ref="2045679647" role="platform"/>
  <member type="node" ref="4540059476" role="stop"/>
  <member type="node" ref="4540059477" role="platform"/>
  <member type="node" ref="4540059479" role="stop"/>
  <member type="node" ref="4540059480" role="platform"/>
  <member type="node" ref="4540059484" role="stop"/>
  <member type="node" ref="4540059485" role="platform"/>
  <member type="node" ref="4540059486" role="stop"/>
  <member type="node" ref="4540059487" role="platform"/>
  <member type="node" ref="2074220662" role="stop"/>
  <member type="node" ref="4578733967" role="platform"/>
  <member type="node" ref="370074478" role="stop"/>
  <member type="node" ref="4562554031" role="platform"/>
  <member type="node" ref="4534712970" role="stop"/>
  <member type="node" ref="4534712971" role="platform"/>
  <member type="node" ref="4534712973" role="stop"/>
  <member type="node" ref="844644561" role="platform"/>
  <member type="node" ref="4534712965" role="stop"/>
  <member type="node" ref="4534712966" role="platform"/>
  <member type="node" ref="1579203986" role="stop"/>
  <member type="node" ref="4519498503" role="platform"/>
  <member type="node" ref="4519498500" role="stop"/>
  <member type="node" ref="1685290098" role="platform"/>
  <member type="node" ref="4519498494" role="stop"/>
  <member type="node" ref="1810755215" role="platform"/>
  <member type="node" ref="844644521" role="stop"/>
  <member type="node" ref="4545477670" role="platform"/>
  <member type="node" ref="1823687996" role="stop"/>
  <member type="node" ref="4545477669" role="platform"/>
  <member type="node" ref="1823687997" role="stop"/>
  <member type="node" ref="4545477668" role="platform"/>
  <member type="node" ref="1468857028" role="stop"/>
  <member type="node" ref="4545477675" role="platform"/>
  <member type="node" ref="1684123466" role="stop"/>
  <member type="node" ref="4556561352" role="platform"/>
  <member type="node" ref="4512532388" role="stop"/>
  <member type="node" ref="1684261448" role="platform"/>
  <member type="node" ref="1724699614" role="stop"/>
  <member type="node" ref="4556561354" role="platform"/>
  <member type="node" ref="4556585868" role="stop"/>
  <member type="node" ref="4556585867" role="platform"/>
  <member type="way" ref="689319212" role=""/>
  <member type="way" ref="462246084" role=""/>
  <member type="way" ref="461294660" role=""/>
  <member type="way" ref="166321397" role=""/>
  <member type="way" ref="155114742" role=""/>
  <member type="way" ref="1137496906" role=""/>
  <member type="way" ref="1137496904" role=""/>
  <member type="way" ref="507682394" role=""/>
  <member type="way" ref="484653326" role=""/>
  <member type="way" ref="484653318" role=""/>
  <member type="way" ref="769148298" role=""/>
  <member type="way" ref="762764782" role=""/>
  <member type="way" ref="762764781" role=""/>
  <member type="way" ref="1124015750" role=""/>
  <member type="way" ref="28283156" role=""/>
  <member type="way" ref="32852020" role=""/>
  <member type="way" ref="1361691959" role=""/>
  <member type="way" ref="460435120" role=""/>
  <member type="way" ref="480991090" role=""/>
  <member type="way" ref="480991089" role=""/>
  <member type="way" ref="103379950" role=""/>
  <member type="way" ref="460650378" role=""/>
  <member type="way" ref="32942845" role=""/>
  <member type="way" ref="682566286" role=""/>
  <member type="way" ref="169917013" role=""/>
  <member type="way" ref="179936130" role=""/>
  <member type="way" ref="495625858" role=""/>
  <member type="way" ref="495625857" role=""/>
  <member type="way" ref="179936128" role=""/>
  <member type="way" ref="169917014" role=""/>
  <member type="way" ref="28284805" role=""/>
  <member type="way" ref="171632462" role=""/>
  <member type="way" ref="489494172" role=""/>
  <member type="way" ref="462252641" role=""/>
  <member type="way" ref="169917010" role=""/>
  <member type="way" ref="519178901" role=""/>
  <member type="way" ref="459880900" role=""/>
  <member type="way" ref="30450235" role=""/>
  <member type="way" ref="27660168" role=""/>
  <member type="way" ref="78043268" role=""/>
  <member type="way" ref="156269123" role=""/>
  <member type="way" ref="462257892" role=""/>
  <member type="way" ref="459083815" role=""/>
  <member type="way" ref="33686741" role=""/>
  <member type="way" ref="200893305" role=""/>
  <member type="way" ref="478023608" role=""/>
  <member type="way" ref="478023609" role=""/>
  <member type="way" ref="24205843" role=""/>
  <member type="way" ref="200893310" role=""/>
  <member type="way" ref="459962960" role=""/>
  <member type="way" ref="762171076" role=""/>
  <member type="way" ref="245017755" role=""/>
  <member type="way" ref="330254514" role=""/>
  <member type="way" ref="176215770" role=""/>
  <member type="way" ref="458565200" role=""/>
  <member type="way" ref="245775876" role=""/>
  <member type="way" ref="179632846" role=""/>
  <member type="way" ref="102414068" role=""/>
  <member type="way" ref="219616126" role=""/>
  <member type="way" ref="458432526" role=""/>
  <member type="way" ref="82264262" role=""/>
  <member type="way" ref="94258507" role=""/>
  <member type="way" ref="23943507" role=""/>
  <member type="way" ref="343130003" role=""/>
  <member type="way" ref="315599212" role=""/>
  <member type="way" ref="489202673" role=""/>
  <member type="way" ref="245626981" role=""/>
  <member type="way" ref="219614815" role=""/>
  <member type="way" ref="330254520" role=""/>
  <member type="way" ref="180229842" role=""/>
  <member type="way" ref="347004719" role=""/>
  <member type="way" ref="219365221" role=""/>
  <member type="way" ref="180849364" role=""/>
  <member type="way" ref="180849363" role=""/>
  <member type="way" ref="256944580" role=""/>
  <member type="way" ref="491336392" role=""/>
  <member type="way" ref="460435119" role=""/>
  <member type="way" ref="213736874" role=""/>
  <member type="way" ref="487897220" role=""/>
  <member type="way" ref="483623418" role=""/>
  <member type="way" ref="460435118" role=""/>
  <member type="way" ref="315599215" role=""/>
  <member type="way" ref="213736871" role=""/>
  <member type="way" ref="213736875" role=""/>
  <member type="way" ref="483623417" role=""/>
  <member type="way" ref="256944579" role=""/>
  <member type="way" ref="256944581" role=""/>
  <member type="way" ref="256944576" role=""/>
  <member type="way" ref="178927383" role=""/>
  <member type="way" ref="256944582" role=""/>
  <member type="way" ref="245626982" role=""/>
  <member type="way" ref="71889655" role=""/>
  <member type="way" ref="440124586" role=""/>
  <member type="way" ref="480757170" role=""/>
  <member type="way" ref="480757171" role=""/>
  <member type="way" ref="480757172" role=""/>
  <member type="way" ref="480757173" role=""/>
  <member type="way" ref="204964968" role=""/>
  <member type="way" ref="480757174" role=""/>
  <member type="way" ref="316329729" role=""/>
  <member type="way" ref="440270027" role=""/>
  <member type="way" ref="170064458" role=""/>
  <member type="way" ref="461305501" role=""/>
  <member type="way" ref="158025792" role=""/>
  <member type="way" ref="50638456" role=""/>
  <member type="way" ref="176990247" role=""/>
  <member type="way" ref="158025790" role=""/>
  <member type="way" ref="176931293" role=""/>
  <member type="way" ref="1536769499" role=""/>
  <member type="way" ref="158024105" role=""/>
  <member type="way" ref="172595878" role=""/>
  <member type="node" ref="10603274815" role="platform"/>
  <tag k="from" v="Поликлиника № 9"/>
  <tag k="interval" v="00:12"/>
  <tag k="interval:conditional" v="00:17 @ (Sa-Su 06:00-23:50)"/>
  <tag k="name" v="Автобус 95: Поликлиника № 9 - Проспект 100-летия Владивостока - Площадь борцов революции"/>
  <tag k="opening_hours" v="Mo-Su 06:00-23:50"/>
  <tag k="public_transport:version" v="2"/>
  <tag k="ref" v="95"/>
  <tag k="route" v="bus"/>
  <tag k="to" v="Площадь борцов революции"/>
  <tag k="type" v="route"/>
 </relation>
 <relation id="6827103" visible="true" version="46" changeset="162925104" timestamp="2025-02-25T10:10:20Z" user="Darall" uid="17031159">
  <member type="node" ref="4556585868" role="stop"/>
  <member type="node" ref="4556585867" role="platform"/>
  <member type="node" ref="7720925009" role="stop"/>
  <member type="node" ref="7720925008" role="platform"/>
  <member type="node" ref="1684123464" role="stop"/>
  <member type="node" ref="4556561353" role="platform"/>
  <member type="node" ref="1468856918" role="stop"/>
  <member type="node" ref="4545477674" role="platform"/>
  <member type="node" ref="844644528" role="stop"/>
  <member type="node" ref="4545477673" role="platform"/>
  <member type="node" ref="4519498495" role="stop"/>
  <member type="node" ref="844644512" role="platform"/>
  <member type="node" ref="4519498499" role="stop"/>
  <member type="node" ref="5302729501" role="platform"/>
  <member type="node" ref="844644538" role="stop"/>
  <member type="node" ref="4519498506" role="platform"/>
  <member type="node" ref="844644530" role="stop"/>
  <member type="node" ref="4519498507" role="platform"/>
  <member type="node" ref="4534712974" role="stop"/>
  <member type="node" ref="1810755214" role="platform"/>
  <member type="node" ref="4534712972" role="stop"/>
  <member type="node" ref="844644551" role="platform"/>
  <member type="node" ref="370074478" role="stop"/>
  <member type="node" ref="4562554030" role="platform"/>
  <member type="node" ref="2074220662" role="stop"/>
  <member type="node" ref="4576538848" role="platform"/>
  <member type="node" ref="4540059488" role="stop"/>
  <member type="node" ref="1804592669" role="platform"/>
  <member type="node" ref="4540059482" role="stop"/>
  <member type="node" ref="1804592670" role="platform"/>
  <member type="node" ref="4540059481" role="stop"/>
  <member type="node" ref="1675491964" role="platform"/>
  <member type="node" ref="4540059478" role="stop"/>
  <member type="node" ref="1804592672" role="platform"/>
  <member type="node" ref="4540059474" role="stop"/>
  <member type="node" ref="2045679648" role="platform"/>
  <member type="node" ref="4540059470" role="stop"/>
  <member type="node" ref="1804592691" role="platform"/>
  <member type="node" ref="1675491958" role="stop"/>
  <member type="node" ref="4576538846" role="platform"/>
  <member type="way" ref="460859189" role=""/>
  <member type="way" ref="50633846" role=""/>
  <member type="way" ref="826999075" role=""/>
  <member type="way" ref="204964967" role=""/>
  <member type="way" ref="440270027" role=""/>
  <member type="way" ref="316329729" role=""/>
  <member type="way" ref="480757174" role=""/>
  <member type="way" ref="204964968" role=""/>
  <member type="way" ref="480757173" role=""/>
  <member type="way" ref="480757172" role=""/>
  <member type="way" ref="480757171" role=""/>
  <member type="way" ref="480757170" role=""/>
  <member type="way" ref="440124586" role=""/>
  <member type="way" ref="71889655" role=""/>
  <member type="way" ref="245626982" role=""/>
  <member type="way" ref="256944583" role=""/>
  <member type="way" ref="256944578" role=""/>
  <member type="way" ref="242613270" role=""/>
  <member type="way" ref="256944579" role=""/>
  <member type="way" ref="483623417" role=""/>
  <member type="way" ref="213736875" role=""/>
  <member type="way" ref="213736871" role=""/>
  <member type="way" ref="315599215" role=""/>
  <member type="way" ref="460435118" role=""/>
  <member type="way" ref="483623418" role=""/>
  <member type="way" ref="487897220" role=""/>
  <member type="way" ref="213736874" role=""/>
  <member type="way" ref="460435119" role=""/>
  <member type="way" ref="491336392" role=""/>
  <member type="way" ref="256944580" role=""/>
  <member type="way" ref="180849363" role=""/>
  <member type="way" ref="180849364" role=""/>
  <member type="way" ref="219365221" role=""/>
  <member type="way" ref="347004719" role=""/>
  <member type="way" ref="180229842" role=""/>
  <member type="way" ref="330254520" role=""/>
  <member type="way" ref="219614815" role=""/>
  <member type="way" ref="245626981" role=""/>
  <member type="way" ref="489202673" role=""/>
  <member type="way" ref="315599212" role=""/>
  <member type="way" ref="343130003" role=""/>
  <member type="way" ref="23943507" role=""/>
  <member type="way" ref="91832806" role=""/>
  <member type="way" ref="156136773" role=""/>
  <member type="way" ref="315599207" role=""/>
  <member type="way" ref="478023607" role=""/>
  <member type="way" ref="91832803" role=""/>
  <member type="way" ref="1136496068" role=""/>
  <member type="way" ref="458565201" role=""/>
  <member type="way" ref="187776381" role=""/>
  <member type="way" ref="1136496070" role=""/>
  <member type="way" ref="762171075" role=""/>
  <member type="way" ref="330254504" role=""/>
  <member type="way" ref="156126829" role=""/>
  <member type="way" ref="79733026" role=""/>
  <member type="way" ref="194038239" role=""/>
  <member type="way" ref="110606549" role=""/>
  <member type="way" ref="156268452" role=""/>
  <member type="way" ref="1194187316" role=""/>
  <member type="way" ref="24332235" role=""/>
  <member type="way" ref="462258504" role=""/>
  <member type="way" ref="24332236" role=""/>
  <member type="way" ref="27660148" role=""/>
  <member type="way" ref="27659856" role=""/>
  <member type="way" ref="148645122" role=""/>
  <member type="way" ref="462035663" role=""/>
  <member type="way" ref="462252640" role=""/>
  <member type="way" ref="27659820" role=""/>
  <member type="way" ref="28284801" role=""/>
  <member type="way" ref="169917014" role=""/>
  <member type="way" ref="179936131" role=""/>
  <member type="way" ref="132995497" role=""/>
  <member type="way" ref="495625859" role=""/>
  <member type="way" ref="495625860" role=""/>
  <member type="way" ref="169917013" role=""/>
  <member type="way" ref="682566286" role=""/>
  <member type="way" ref="32942845" role=""/>
  <member type="way" ref="460650378" role=""/>
  <member type="way" ref="103379950" role=""/>
  <member type="way" ref="480991089" role=""/>
  <member type="way" ref="480991090" role=""/>
  <member type="way" ref="460435120" role=""/>
  <member type="way" ref="1361691959" role=""/>
  <member type="way" ref="32852020" role=""/>
  <member type="way" ref="28283156" role=""/>
  <member type="way" ref="1124015750" role=""/>
  <member type="way" ref="762764781" role=""/>
  <member type="way" ref="762764782" role=""/>
  <member type="way" ref="769148298" role=""/>
  <member type="way" ref="484653318" role=""/>
  <member type="way" ref="484653327" role=""/>
  <member type="way" ref="507682394" role=""/>
  <member type="way" ref="1137496904" role=""/>
  <member type="way" ref="1137496906" role=""/>
  <member type="way" ref="155114742" role=""/>
  <member type="way" ref="166321397" role=""/>
  <member type="way" ref="461294660" role=""/>
  <member type="way" ref="462246084" role=""/>
  <member type="way" ref="689319212" role=""/>
  <member type="way" ref="462246085" role=""/>
  <member type="node" ref="10603274816" role="platform"/>
  <tag k="from" v="Площадь борцов революции"/>
  <tag k="interval" v="00:12"/>
  <tag k="interval:conditional" v="00:17 @ (Sa-Su 06:00-23:50)"/>
  <tag k="name" v="Автобус 95: Площадь борцов революции - Проспект 100-летия Владивостока - Поликлиника № 9"/>
  <tag k="opening_hours" v="Mo-Su 06:00-23:50"/>
  <tag k="public_transport:version" v="2"/>
  <tag k="ref" v="95"/>
  <tag k="route" v="bus"/>
  <tag k="to" v="Поликлиника № 9"/>
  <tag k="type" v="route"/>
 </relation>
 <relation id="6830169" visible="true" version="40" changeset="183577843" timestamp="2026-06-03T07:26:23Z" user="Иван19901" uid="10089317">
  <member type="node" ref="4556585866" role="stop"/>
  <member type="node" ref="4556585865" role="platform"/>
  <member type="node" ref="4512532387" role="stop"/>
  <member type="node" ref="1377433578" role="platform"/>
  <member type="node" ref="4712924148" role="stop"/>
  <member type="node" ref="1377427670" role="platform"/>
  <member type="node" ref="4712924143" role="stop"/>
  <member type="node" ref="1377420490" role="platform"/>
  <member type="node" ref="844644521" role="stop"/>
  <member type="node" ref="4545477670" role="platform"/>
  <member type="node" ref="1823687996" role="stop"/>
  <member type="node" ref="4545477669" role="platform"/>
  <member type="node" ref="4545477676" role="stop"/>
  <member type="node" ref="2496006479" role="platform"/>
  <member type="node" ref="4545477678" role="stop"/>
  <member type="node" ref="4545477680" role="platform"/>
  <member type="node" ref="4540177495" role="stop"/>
  <member type="node" ref="4419011196" role="platform"/>
  <member type="node" ref="4545477682" role="stop"/>
  <member type="node" ref="4545477684" role="platform"/>
  <member type="node" ref="4814747794" role="stop"/>
  <member type="node" ref="4419011198" role="platform"/>
  <member type="node" ref="4545477688" role="stop"/>
  <member type="node" ref="1868093539" role="platform"/>
  <member type="node" ref="4545478389" role="stop"/>
  <member type="node" ref="2215249800" role="platform"/>
  <member type="node" ref="4991647142" role="stop"/>
  <member type="node" ref="6091798931" role="platform"/>
  <member type="node" ref="6091798933" role="stop"/>
  <member type="node" ref="6091798932" role="platform"/>
  <member type="node" ref="1837169340" role="stop"/>
  <member type="node" ref="4578581016" role="platform"/>
  <member type="node" ref="1837169342" role="stop"/>
  <member type="node" ref="5146635122" role="platform"/>
  <member type="node" ref="4175685106" role="stop"/>
  <member type="node" ref="4597443427" role="platform"/>
  <member type="node" ref="5146755472" role="stop"/>
  <member type="node" ref="5146755471" role="platform"/>
  <member type="node" ref="4525232082" role="stop"/>
  <member type="node" ref="1874160556" role="platform"/>
  <member type="node" ref="4525232079" role="stop"/>
  <member type="node" ref="4525232080" role="platform"/>
  <member type="way" ref="461305501" role=""/>
  <member type="way" ref="158025791" role=""/>
  <member type="way" ref="245616510" role=""/>
  <member type="way" ref="50633447" role=""/>
  <member type="way" ref="478024770" role=""/>
  <member type="way" ref="27940015" role=""/>
  <member type="way" ref="51185704" role=""/>
  <member type="way" ref="478023876" role=""/>
  <member type="way" ref="607674843" role=""/>
  <member type="way" ref="1314738636" role=""/>
  <member type="way" ref="1314738634" role=""/>
  <member type="way" ref="1314738633" role=""/>
  <member type="way" ref="1314738632" role=""/>
  <member type="way" ref="1314738630" role=""/>
  <member type="way" ref="1314738627" role=""/>
  <member type="way" ref="1314738626" role=""/>
  <member type="way" ref="1525686408" role=""/>
  <member type="way" ref="1525686407" role=""/>
  <member type="way" ref="1314738622" role=""/>
  <member type="way" ref="1314738619" role=""/>
  <member type="way" ref="1314738616" role=""/>
  <member type="way" ref="1314738617" role=""/>
  <member type="way" ref="473499543" role=""/>
  <member type="way" ref="1165070505" role=""/>
  <member type="way" ref="178925924" role=""/>
  <member type="way" ref="172596310" role=""/>
  <member type="way" ref="762171076" role=""/>
  <member type="way" ref="245017755" role=""/>
  <member type="way" ref="330254514" role=""/>
  <member type="way" ref="161753970" role=""/>
  <member type="way" ref="1237991975" role=""/>
  <member type="way" ref="456702744" role=""/>
  <member type="way" ref="161753985" role=""/>
  <member type="way" ref="178090080" role=""/>
  <member type="way" ref="161753993" role=""/>
  <member type="way" ref="186711507" role=""/>
  <member type="way" ref="330254502" role=""/>
  <member type="way" ref="161753979" role=""/>
  <member type="way" ref="460855933" role=""/>
  <member type="way" ref="461766441" role=""/>
  <member type="way" ref="50278152" role=""/>
  <member type="way" ref="106864766" role=""/>
  <member type="way" ref="513479507" role=""/>
  <member type="way" ref="496001817" role=""/>
  <member type="way" ref="461803495" role=""/>
  <member type="way" ref="176906834" role=""/>
  <member type="way" ref="347456924" role=""/>
  <member type="way" ref="370678633" role=""/>
  <member type="way" ref="176906838" role=""/>
  <member type="way" ref="176265462" role=""/>
  <member type="way" ref="826999074" role=""/>
  <member type="way" ref="460075859" role=""/>
  <member type="way" ref="161753973" role=""/>
  <member type="way" ref="161753988" role=""/>
  <member type="way" ref="456699770" role=""/>
  <member type="way" ref="161753972" role=""/>
  <member type="way" ref="161753971" role=""/>
  <member type="way" ref="344910163" role=""/>
  <member type="way" ref="140089659" role=""/>
  <member type="way" ref="212537926" role=""/>
  <member type="way" ref="212537929" role=""/>
  <member type="way" ref="724518064" role=""/>
  <member type="way" ref="177404510" role=""/>
  <member type="way" ref="177404512" role=""/>
  <member type="way" ref="462460040" role=""/>
  <member type="way" ref="172869404" role=""/>
  <member type="way" ref="462460043" role=""/>
  <member type="way" ref="701721940" role=""/>
  <member type="way" ref="524525032" role=""/>
  <member type="way" ref="647933798" role=""/>
  <member type="way" ref="649000969" role=""/>
  <member type="way" ref="649000969" role=""/>
  <member type="way" ref="647933798" role=""/>
  <member type="way" ref="524525032" role=""/>
  <member type="way" ref="701721940" role=""/>
  <member type="way" ref="649000970" role=""/>
  <member type="way" ref="172869405" role=""/>
  <member type="way" ref="751740935" role=""/>
  <member type="way" ref="776873476" role=""/>
  <member type="way" ref="102926975" role=""/>
  <member type="way" ref="462460044" role=""/>
  <member type="way" ref="23749880" role=""/>
  <member type="way" ref="23749878" role=""/>
  <member type="way" ref="1290101607" role=""/>
  <member type="way" ref="872052806" role=""/>
  <member type="way" ref="1290101605" role=""/>
  <member type="way" ref="1290101606" role=""/>
  <tag k="from" v="ТЦ &quot;Изумруд&quot;"/>
  <tag k="interval" v="00:40"/>
  <tag k="name" v="Автобус 79: ТЦ &quot;Изумруд&quot; - Бухта Тихая"/>
  <tag k="opening_hours" v="Mo-Su 06:00-23:00"/>
  <tag k="public_transport:version" v="2"/>
  <tag k="ref" v="79"/>
  <tag k="route" v="bus"/>
  <tag k="to" v="Бухта Тихая"/>
  <tag k="type" v="route"/>
 </relation>
 <relation id="6830170" visible="true" version="39" changeset="142989657" timestamp="2023-10-22T22:24:29Z" user="SomeoneElse" uid="61942">
  <member type="node" ref="4525232079" role="stop"/>
  <member type="node" ref="4525232080" role="platform"/>
  <member type="node" ref="3239337300" role="stop"/>
  <member type="node" ref="6725586380" role="platform"/>
  <member type="node" ref="4525051666" role="stop"/>
  <member type="node" ref="552895119" role="platform"/>
  <member type="node" ref="1852298337" role="stop"/>
  <member type="node" ref="4525232077" role="platform"/>
  <member type="node" ref="4525232076" role="stop"/>
  <member type="node" ref="552895190" role="platform"/>
  <member type="node" ref="4525051667" role="stop"/>
  <member type="node" ref="2977213045" role="platform"/>
  <member type="node" ref="4525232078" role="stop"/>
  <member type="node" ref="1852298349" role="platform"/>
  <member type="node" ref="4525232081" role="stop"/>
  <member type="node" ref="617073117" role="platform"/>
  <member type="node" ref="5146755472" role="stop"/>
  <member type="node" ref="5146755470" role="platform"/>
  <member type="node" ref="4175685106" role="stop"/>
  <member type="node" ref="4578581018" role="platform"/>
  <member type="node" ref="1837169342" role="stop"/>
  <member type="node" ref="5146635121" role="platform"/>
  <member type="node" ref="1837169340" role="stop"/>
  <member type="node" ref="4991647142" role="stop"/>
  <member type="node" ref="6091798931" role="platform"/>
  <member type="node" ref="6091798933" role="stop"/>
  <member type="node" ref="6091798932" role="platform"/>
  <member type="node" ref="4578581017" role="platform"/>
  <member type="node" ref="4545478390" role="stop"/>
  <member type="node" ref="2215249799" role="platform"/>
  <member type="node" ref="1868093541" role="stop"/>
  <member type="node" ref="2327796384" role="platform"/>
  <member type="node" ref="4545477687" role="stop"/>
  <member type="node" ref="4419011802" role="platform"/>
  <member type="node" ref="4545477683" role="stop"/>
  <member type="node" ref="4545477685" role="platform"/>
  <member type="node" ref="4568233530" role="stop"/>
  <member type="node" ref="4568233529" role="platform"/>
  <member type="node" ref="4540177506" role="stop"/>
  <member type="node" ref="4419020289" role="platform"/>
  <member type="node" ref="4540177504" role="stop"/>
  <member type="node" ref="1884712284" role="platform"/>
  <member type="node" ref="4545477679" role="stop"/>
  <member type="node" ref="4545477681" role="platform"/>
  <member type="node" ref="4545477677" role="stop"/>
  <member type="node" ref="2496006480" role="platform"/>
  <member type="node" ref="1468857028" role="stop"/>
  <member type="node" ref="4545477675" role="platform"/>
  <member type="node" ref="1684123466" role="stop"/>
  <member type="node" ref="4556561352" role="platform"/>
  <member type="node" ref="4556585866" role="stop"/>
  <member type="node" ref="4556585865" role="platform"/>
  <member type="way" ref="505520181" role=""/>
  <member type="way" ref="166813719" role=""/>
  <member type="way" ref="176994976" role=""/>
  <member type="way" ref="456223717" role=""/>
  <member type="way" ref="317024384" role=""/>
  <member type="way" ref="456223718" role=""/>
  <member type="way" ref="23841577" role=""/>
  <member type="way" ref="482121193" role=""/>
  <member type="way" ref="456223719" role=""/>
  <member type="way" ref="23749880" role=""/>
  <member type="way" ref="462460044" role=""/>
  <member type="way" ref="102926975" role=""/>
  <member type="way" ref="776873476" role=""/>
  <member type="way" ref="751740935" role=""/>
  <member type="way" ref="172869405" role=""/>
  <member type="way" ref="649000970" role=""/>
  <member type="way" ref="701721940" role=""/>
  <member type="way" ref="524525032" role=""/>
  <member type="way" ref="647933798" role=""/>
  <member type="way" ref="649000969" role=""/>
  <member type="way" ref="649000969" role=""/>
  <member type="way" ref="647933798" role=""/>
  <member type="way" ref="524525032" role=""/>
  <member type="way" ref="701721940" role=""/>
  <member type="way" ref="182100723" role=""/>
  <member type="way" ref="177404507" role=""/>
  <member type="way" ref="788728086" role=""/>
  <member type="way" ref="724518065" role=""/>
  <member type="way" ref="181717892" role=""/>
  <member type="way" ref="212537924" role=""/>
  <member type="way" ref="724518063" role=""/>
  <member type="way" ref="212537928" role=""/>
  <member type="way" ref="177288858" role=""/>
  <member type="way" ref="162832872" role=""/>
  <member type="way" ref="187780201" role=""/>
  <member type="way" ref="176265461" role=""/>
  <member type="way" ref="460075858" role=""/>
  <member type="way" ref="176265463" role=""/>
  <member type="way" ref="340799566" role=""/>
  <member type="way" ref="489025640" role=""/>
  <member type="way" ref="161753989" role=""/>
  <member type="way" ref="161753991" role=""/>
  <member type="way" ref="347456925" role=""/>
  <member type="way" ref="458964939" role=""/>
  <member type="way" ref="457961230" role=""/>
  <member type="way" ref="178090100" role=""/>
  <member type="way" ref="178090099" role=""/>
  <member type="way" ref="457961229" role=""/>
  <member type="way" ref="460855934" role=""/>
  <member type="way" ref="762740039" role=""/>
  <member type="way" ref="178090087" role=""/>
  <member type="way" ref="178090098" role=""/>
  <member type="way" ref="330254503" role=""/>
  <member type="way" ref="186711508" role=""/>
  <member type="way" ref="178090081" role=""/>
  <member type="way" ref="178090085" role=""/>
  <member type="way" ref="178090093" role=""/>
  <member type="way" ref="1136496066" role=""/>
  <member type="way" ref="458565201" role=""/>
  <member type="way" ref="178090097" role=""/>
  <member type="way" ref="178090082" role=""/>
  <member type="way" ref="178090086" role=""/>
  <member type="way" ref="178090089" role=""/>
  <member type="way" ref="458565200" role=""/>
  <member type="way" ref="245775876" role=""/>
  <member type="way" ref="179632846" role=""/>
  <member type="way" ref="102414068" role=""/>
  <member type="way" ref="219616126" role=""/>
  <member type="way" ref="458432526" role=""/>
  <member type="way" ref="82264262" role=""/>
  <member type="way" ref="94258507" role=""/>
  <member type="way" ref="23943507" role=""/>
  <member type="way" ref="343130003" role=""/>
  <member type="way" ref="315599212" role=""/>
  <member type="way" ref="489202673" role=""/>
  <member type="way" ref="245626981" role=""/>
  <member type="way" ref="219614815" role=""/>
  <member type="way" ref="330254520" role=""/>
  <member type="way" ref="180229842" role=""/>
  <member type="way" ref="347004719" role=""/>
  <member type="way" ref="219365221" role=""/>
  <member type="way" ref="180849364" role=""/>
  <member type="way" ref="180849363" role=""/>
  <member type="way" ref="256944580" role=""/>
  <member type="way" ref="491336392" role=""/>
  <member type="way" ref="460435119" role=""/>
  <member type="way" ref="213736874" role=""/>
  <member type="way" ref="487897220" role=""/>
  <member type="way" ref="483623418" role=""/>
  <member type="way" ref="460435118" role=""/>
  <member type="way" ref="315599215" role=""/>
  <member type="way" ref="213736871" role=""/>
  <member type="way" ref="213736875" role=""/>
  <member type="way" ref="483623417" role=""/>
  <member type="way" ref="256944579" role=""/>
  <member type="way" ref="256944581" role=""/>
  <member type="way" ref="256944576" role=""/>
  <member type="way" ref="178927383" role=""/>
  <member type="way" ref="256944582" role=""/>
  <member type="way" ref="245626982" role=""/>
  <member type="way" ref="71889655" role=""/>
  <member type="way" ref="440124586" role=""/>
  <member type="way" ref="480757170" role=""/>
  <member type="way" ref="480757171" role=""/>
  <member type="way" ref="480757172" role=""/>
  <member type="way" ref="480757173" role=""/>
  <member type="way" ref="204964968" role=""/>
  <member type="way" ref="480757174" role=""/>
  <member type="way" ref="316329729" role=""/>
  <member type="way" ref="440270027" role=""/>
  <member type="way" ref="170064458" role=""/>
  <tag k="from" v="Бухта Тихая"/>
  <tag k="interval" v="00:40"/>
  <tag k="name" v="Автобус 79: Бухта Тихая - ТЦ &quot;Изумруд&quot;"/>
  <tag k="opening_hours" v="Mo-Su 06:00-23:00"/>
  <tag k="public_transport:version" v="2"/>
  <tag k="ref" v="79"/>
  <tag k="route" v="bus"/>
  <tag k="to" v="ТЦ &quot;Изумруд&quot;"/>
  <tag k="type" v="route"/>
 </relation>
 <relation id="6830413" visible="true" version="43" changeset="185390178" timestamp="2026-07-09T07:29:58Z" user="Иван19901" uid="10089317">
  <member type="node" ref="5119012728" role="stop"/>
  <member type="node" ref="4545478413" role="platform"/>
  <member type="node" ref="4545478410" role="stop"/>
  <member type="node" ref="4161420191" role="platform"/>
  <member type="node" ref="4545478409" role="stop"/>
  <member type="node" ref="4161426989" role="platform"/>
  <member type="node" ref="4545478406" role="stop"/>
  <member type="node" ref="4161427089" role="platform"/>
  <member type="node" ref="4545478403" role="stop"/>
  <member type="node" ref="4161420192" role="platform"/>
  <member type="node" ref="4545478400" role="stop"/>
  <member type="node" ref="2215247135" role="platform"/>
  <member type="node" ref="4545478397" role="stop"/>
  <member type="node" ref="1868130802" role="platform"/>
  <member type="node" ref="2043800238" role="stop"/>
  <member type="node" ref="4161427189" role="platform"/>
  <member type="node" ref="4545478393" role="stop"/>
  <member type="node" ref="4545478394" role="platform"/>
  <member type="node" ref="4545478390" role="stop"/>
  <member type="node" ref="2215249799" role="platform"/>
  <member type="node" ref="1868093541" role="stop"/>
  <member type="node" ref="2327796384" role="platform"/>
  <member type="node" ref="4545477687" role="stop"/>
  <member type="node" ref="4419011802" role="platform"/>
  <member type="node" ref="4545477683" role="stop"/>
  <member type="node" ref="4545477685" role="platform"/>
  <member type="node" ref="4568233530" role="stop"/>
  <member type="node" ref="4568233529" role="platform"/>
  <member type="node" ref="4540177506" role="stop"/>
  <member type="node" ref="4419020289" role="platform"/>
  <member type="node" ref="4540177504" role="stop"/>
  <member type="node" ref="1884712284" role="platform"/>
  <member type="node" ref="4545477679" role="stop"/>
  <member type="node" ref="4545477681" role="platform"/>
  <member type="node" ref="4545477677" role="stop"/>
  <member type="node" ref="2496006480" role="platform"/>
  <member type="node" ref="1468857028" role="stop"/>
  <member type="node" ref="4545477675" role="platform"/>
  <member type="node" ref="1684123466" role="stop"/>
  <member type="node" ref="4556561352" role="platform"/>
  <member type="node" ref="4712924148" role="stop"/>
  <member type="node" ref="1377427670" role="platform"/>
  <member type="node" ref="4712924143" role="stop"/>
  <member type="node" ref="1377420490" role="platform"/>
  <member type="node" ref="930498944" role="stop"/>
  <member type="node" ref="4519498491" role="platform"/>
  <member type="node" ref="638205283" role="stop"/>
  <member type="node" ref="4545477672" role="platform"/>
  <member type="node" ref="748641708" role="stop"/>
  <member type="node" ref="4517549267" role="platform"/>
  <member type="way" ref="526399877" role=""/>
  <member type="way" ref="237885156" role=""/>
  <member type="way" ref="1332579969" role=""/>
  <member type="way" ref="330099602" role=""/>
  <member type="way" ref="222724093" role=""/>
  <member type="way" ref="222724085" role=""/>
  <member type="way" ref="222724082" role=""/>
  <member type="way" ref="1332579970" role=""/>
  <member type="way" ref="222724074" role=""/>
  <member type="way" ref="222724076" role=""/>
  <member type="way" ref="462466188" role=""/>
  <member type="way" ref="222724102" role=""/>
  <member type="way" ref="222724079" role=""/>
  <member type="way" ref="1164984446" role=""/>
  <member type="way" ref="1011043757" role=""/>
  <member type="way" ref="222724089" role=""/>
  <member type="way" ref="222724083" role=""/>
  <member type="way" ref="1154150109" role=""/>
  <member type="way" ref="222724097" role=""/>
  <member type="way" ref="222724098" role=""/>
  <member type="way" ref="1164984445" role=""/>
  <member type="way" ref="462227076" role=""/>
  <member type="way" ref="222724096" role=""/>
  <member type="way" ref="1332789622" role=""/>
  <member type="way" ref="491512581" role=""/>
  <member type="way" ref="222724075" role=""/>
  <member type="way" ref="222724092" role=""/>
  <member type="way" ref="222724080" role=""/>
  <member type="way" ref="223935543" role=""/>
  <member type="way" ref="458565210" role=""/>
  <member type="way" ref="176265912" role=""/>
  <member type="way" ref="235135574" role=""/>
  <member type="way" ref="235135577" role=""/>
  <member type="way" ref="45790339" role=""/>
  <member type="way" ref="147106312" role=""/>
  <member type="way" ref="456699268" role=""/>
  <member type="way" ref="961771909" role=""/>
  <member type="way" ref="401889903" role=""/>
  <member type="way" ref="182085044" role=""/>
  <member type="way" ref="176265459" role=""/>
  <member type="way" ref="176265464" role=""/>
  <member type="way" ref="187780201" role=""/>
  <member type="way" ref="176265461" role=""/>
  <member type="way" ref="460075858" role=""/>
  <member type="way" ref="176265463" role=""/>
  <member type="way" ref="340799566" role=""/>
  <member type="way" ref="489025640" role=""/>
  <member type="way" ref="161753989" role=""/>
  <member type="way" ref="161753991" role=""/>
  <member type="way" ref="347456925" role=""/>
  <member type="way" ref="458964939" role=""/>
  <member type="way" ref="457961230" role=""/>
  <member type="way" ref="178090100" role=""/>
  <member type="way" ref="178090099" role=""/>
  <member type="way" ref="457961229" role=""/>
  <member type="way" ref="460855934" role=""/>
  <member type="way" ref="762740039" role=""/>
  <member type="way" ref="178090087" role=""/>
  <member type="way" ref="178090098" role=""/>
  <member type="way" ref="330254503" role=""/>
  <member type="way" ref="186711508" role=""/>
  <member type="way" ref="178090081" role=""/>
  <member type="way" ref="178090085" role=""/>
  <member type="way" ref="178090093" role=""/>
  <member type="way" ref="1136496066" role=""/>
  <member type="way" ref="458565201" role=""/>
  <member type="way" ref="178090097" role=""/>
  <member type="way" ref="178090082" role=""/>
  <member type="way" ref="178090086" role=""/>
  <member type="way" ref="178090089" role=""/>
  <member type="way" ref="458565200" role=""/>
  <member type="way" ref="245775876" role=""/>
  <member type="way" ref="179632846" role=""/>
  <member type="way" ref="102414068" role=""/>
  <member type="way" ref="219616126" role=""/>
  <member type="way" ref="458432526" role=""/>
  <member type="way" ref="91832804" role=""/>
  <member type="way" ref="219616128" role=""/>
  <member type="way" ref="94258507" role=""/>
  <member type="way" ref="23943507" role=""/>
  <member type="way" ref="343130003" role=""/>
  <member type="way" ref="315599212" role=""/>
  <member type="way" ref="489202673" role=""/>
  <member type="way" ref="245626981" role=""/>
  <member type="way" ref="219614815" role=""/>
  <member type="way" ref="330254520" role=""/>
  <member type="way" ref="180229842" role=""/>
  <member type="way" ref="347004719" role=""/>
  <member type="way" ref="219365221" role=""/>
  <member type="way" ref="180849364" role=""/>
  <member type="way" ref="180849363" role=""/>
  <member type="way" ref="256944580" role=""/>
  <member type="way" ref="491336392" role=""/>
  <member type="way" ref="460435119" role=""/>
  <member type="way" ref="213736874" role=""/>
  <member type="way" ref="487897220" role=""/>
  <member type="way" ref="483623418" role=""/>
  <member type="way" ref="460435118" role=""/>
  <member type="way" ref="315599215" role=""/>
  <member type="way" ref="213736871" role=""/>
  <member type="way" ref="213736875" role=""/>
  <member type="way" ref="483623417" role=""/>
  <member type="way" ref="256944579" role=""/>
  <member type="way" ref="256944581" role=""/>
  <member type="way" ref="256944576" role=""/>
  <member type="way" ref="156125706" role=""/>
  <member type="way" ref="71889657" role=""/>
  <member type="way" ref="462233384" role=""/>
  <member type="way" ref="51133600" role=""/>
  <member type="way" ref="478023876" role=""/>
  <member type="way" ref="607674843" role=""/>
  <member type="way" ref="1314738636" role=""/>
  <member type="way" ref="1314738634" role=""/>
  <member type="way" ref="1314738633" role=""/>
  <member type="way" ref="1314738632" role=""/>
  <member type="way" ref="1314738630" role=""/>
  <member type="way" ref="1314738627" role=""/>
  <member type="way" ref="1314738626" role=""/>
  <member type="way" ref="1525686408" role=""/>
  <member type="way" ref="1525686407" role=""/>
  <member type="way" ref="1314738622" role=""/>
  <member type="way" ref="1314738619" role=""/>
  <member type="way" ref="1314738616" role=""/>
  <member type="way" ref="1314738617" role=""/>
  <member type="way" ref="473499543" role=""/>
  <member type="way" ref="1165070505" role=""/>
  <member type="way" ref="178925924" role=""/>
  <member type="way" ref="459962959" role=""/>
  <member type="way" ref="172596312" role=""/>
  <member type="way" ref="530205230" role=""/>
  <member type="way" ref="250907366" role=""/>
  <member type="way" ref="106988435" role=""/>
  <member type="way" ref="1192148916" role=""/>
  <member type="way" ref="50198686" role=""/>
  <member type="way" ref="190138862" role=""/>
  <member type="way" ref="462466187" role=""/>
  <member type="way" ref="156135373" role=""/>
  <member type="way" ref="156135714" role=""/>
  <member type="way" ref="460860692" role=""/>
  <member type="way" ref="50198779" role=""/>
  <member type="way" ref="50198767" role=""/>
  <member type="way" ref="354271516" role=""/>
  <member type="way" ref="315599226" role=""/>
  <member type="way" ref="172595882" role=""/>
  <member type="way" ref="818182296" role=""/>
  <member type="way" ref="1536765883" role=""/>
  <member type="way" ref="93411532" role=""/>
  <member type="way" ref="1536765885" role=""/>
  <member type="way" ref="241410524" role=""/>
  <member type="way" ref="454563260" role=""/>
  <member type="way" ref="460382605" role=""/>
  <member type="way" ref="718072393" role=""/>
  <tag k="from" v="Приморский океанариум"/>
  <tag k="interval" v="02:08"/>
  <tag k="name" v="Автобус 75: Приморский океанариум - 3-я Рабочая"/>
  <tag k="opening_hours" v="Mo-Su 06:00-23:00"/>
  <tag k="public_transport:version" v="2"/>
  <tag k="ref" v="75"/>
  <tag k="route" v="bus"/>
  <tag k="to" v="3-я Рабочая"/>
  <tag k="type" v="route"/>
 </relation>
 <relation id="6830414" visible="true" version="40" changeset="185390178" timestamp="2026-07-09T07:29:58Z" user="Иван19901" uid="10089317">
  <member type="node" ref="748641708" role="stop"/>
  <member type="node" ref="4517549267" role="platform"/>
  <member type="node" ref="747620776" role="stop"/>
  <member type="node" ref="4545477671" role="platform"/>
  <member type="node" ref="844644521" role="stop"/>
  <member type="node" ref="4545477670" role="platform"/>
  <member type="node" ref="1823687996" role="stop"/>
  <member type="node" ref="4545477669" role="platform"/>
  <member type="node" ref="1823687997" role="stop"/>
  <member type="node" ref="4545477668" role="platform"/>
  <member type="node" ref="1468857028" role="stop"/>
  <member type="node" ref="4545477675" role="platform"/>
  <member type="node" ref="4545477676" role="stop"/>
  <member type="node" ref="2496006479" role="platform"/>
  <member type="node" ref="4545477678" role="stop"/>
  <member type="node" ref="4545477680" role="platform"/>
  <member type="node" ref="4540177495" role="stop"/>
  <member type="node" ref="4419011196" role="platform"/>
  <member type="node" ref="4578610464" role="stop"/>
  <member type="node" ref="4578610463" role="platform"/>
  <member type="node" ref="4545477682" role="stop"/>
  <member type="node" ref="4545477684" role="platform"/>
  <member type="node" ref="4814747794" role="stop"/>
  <member type="node" ref="4419011198" role="platform"/>
  <member type="node" ref="4545477688" role="stop"/>
  <member type="node" ref="1868093539" role="platform"/>
  <member type="node" ref="4545478389" role="stop"/>
  <member type="node" ref="2215249800" role="platform"/>
  <member type="node" ref="4545478395" role="stop"/>
  <member type="node" ref="2215240204" role="platform"/>
  <member type="node" ref="4545478396" role="stop"/>
  <member type="node" ref="1868130837" role="platform"/>
  <member type="node" ref="4545478398" role="stop"/>
  <member type="node" ref="2215247134" role="platform"/>
  <member type="node" ref="4545478399" role="stop"/>
  <member type="node" ref="1868130790" role="platform"/>
  <member type="node" ref="4545478404" role="stop"/>
  <member type="node" ref="4545478405" role="platform"/>
  <member type="node" ref="4545478407" role="stop"/>
  <member type="node" ref="4545478408" role="platform"/>
  <member type="node" ref="11961568771" role="stop"/>
  <member type="node" ref="4545478411" role="platform"/>
  <member type="node" ref="1923268475" role="stop"/>
  <member type="node" ref="4545478414" role="platform"/>
  <member type="node" ref="10600884178" role="platform"/>
  <member type="way" ref="184279971" role=""/>
  <member type="way" ref="454563259" role=""/>
  <member type="way" ref="297464940" role=""/>
  <member type="way" ref="454563262" role=""/>
  <member type="way" ref="241410525" role=""/>
  <member type="way" ref="1536765885" role=""/>
  <member type="way" ref="93411532" role=""/>
  <member type="way" ref="1536765883" role=""/>
  <member type="way" ref="818182296" role=""/>
  <member type="way" ref="172595882" role=""/>
  <member type="way" ref="315599226" role=""/>
  <member type="way" ref="354271516" role=""/>
  <member type="way" ref="50198767" role=""/>
  <member type="way" ref="50198577" role=""/>
  <member type="way" ref="460864673" role=""/>
  <member type="way" ref="27612221" role=""/>
  <member type="way" ref="462466191" role=""/>
  <member type="way" ref="177288866" role=""/>
  <member type="way" ref="79733030" role=""/>
  <member type="way" ref="177288870" role=""/>
  <member type="way" ref="1192148914" role=""/>
  <member type="way" ref="24205843" role=""/>
  <member type="way" ref="200893310" role=""/>
  <member type="way" ref="459962960" role=""/>
  <member type="way" ref="762171076" role=""/>
  <member type="way" ref="245017755" role=""/>
  <member type="way" ref="330254514" role=""/>
  <member type="way" ref="176215770" role=""/>
  <member type="way" ref="458565200" role=""/>
  <member type="way" ref="245775876" role=""/>
  <member type="way" ref="179632846" role=""/>
  <member type="way" ref="102414068" role=""/>
  <member type="way" ref="219616126" role=""/>
  <member type="way" ref="458432526" role=""/>
  <member type="way" ref="91832804" role=""/>
  <member type="way" ref="219616127" role=""/>
  <member type="way" ref="169917593" role=""/>
  <member type="way" ref="156136773" role=""/>
  <member type="way" ref="315599207" role=""/>
  <member type="way" ref="478023607" role=""/>
  <member type="way" ref="91832803" role=""/>
  <member type="way" ref="1136496068" role=""/>
  <member type="way" ref="458565201" role=""/>
  <member type="way" ref="178090097" role=""/>
  <member type="way" ref="330254507" role=""/>
  <member type="way" ref="1237991975" role=""/>
  <member type="way" ref="456702744" role=""/>
  <member type="way" ref="161753985" role=""/>
  <member type="way" ref="178090080" role=""/>
  <member type="way" ref="161753993" role=""/>
  <member type="way" ref="186711507" role=""/>
  <member type="way" ref="330254502" role=""/>
  <member type="way" ref="161753979" role=""/>
  <member type="way" ref="460855933" role=""/>
  <member type="way" ref="461766441" role=""/>
  <member type="way" ref="50278152" role=""/>
  <member type="way" ref="106864766" role=""/>
  <member type="way" ref="513479507" role=""/>
  <member type="way" ref="496001817" role=""/>
  <member type="way" ref="461803495" role=""/>
  <member type="way" ref="176906834" role=""/>
  <member type="way" ref="347456924" role=""/>
  <member type="way" ref="370678633" role=""/>
  <member type="way" ref="176906838" role=""/>
  <member type="way" ref="176265462" role=""/>
  <member type="way" ref="826999074" role=""/>
  <member type="way" ref="460075859" role=""/>
  <member type="way" ref="161753973" role=""/>
  <member type="way" ref="161753988" role=""/>
  <member type="way" ref="176265465" role=""/>
  <member type="way" ref="176906456" role=""/>
  <member type="way" ref="401868418" role=""/>
  <member type="way" ref="456699269" role=""/>
  <member type="way" ref="176906236" role=""/>
  <member type="way" ref="176906239" role=""/>
  <member type="way" ref="235135575" role=""/>
  <member type="way" ref="717453288" role=""/>
  <member type="way" ref="1192773970" role=""/>
  <member type="way" ref="176905611" role=""/>
  <member type="way" ref="222724095" role=""/>
  <member type="way" ref="222724073" role=""/>
  <member type="way" ref="491505155" role=""/>
  <member type="way" ref="1298681615" role=""/>
  <member type="way" ref="1332789624" role=""/>
  <member type="way" ref="462225086" role=""/>
  <member type="way" ref="222724100" role=""/>
  <member type="way" ref="1164984444" role=""/>
  <member type="way" ref="222724094" role=""/>
  <member type="way" ref="222724084" role=""/>
  <member type="way" ref="1154150108" role=""/>
  <member type="way" ref="222724088" role=""/>
  <member type="way" ref="494790182" role=""/>
  <member type="way" ref="1011043756" role=""/>
  <member type="way" ref="494790181" role=""/>
  <member type="way" ref="222724078" role=""/>
  <member type="way" ref="222724101" role=""/>
  <member type="way" ref="222724072" role=""/>
  <member type="way" ref="222724077" role=""/>
  <member type="way" ref="1332579971" role=""/>
  <member type="way" ref="491505151" role=""/>
  <member type="way" ref="222724081" role=""/>
  <member type="way" ref="222724086" role=""/>
  <member type="way" ref="222724091" role=""/>
  <member type="way" ref="222724071" role=""/>
  <member type="way" ref="186710411" role=""/>
  <member type="way" ref="1332579969" role=""/>
  <member type="way" ref="237885156" role=""/>
  <member type="way" ref="526399866" role=""/>
  <tag k="from" v="3-я Рабочая"/>
  <tag k="interval" v="02:08"/>
  <tag k="name" v="Автобус 75: 3-я Рабочая - Приморский океанариум"/>
  <tag k="opening_hours" v="Mo-Su 06:00-23:00"/>
  <tag k="public_transport:version" v="2"/>
  <tag k="ref" v="75"/>
  <tag k="route" v="bus"/>
  <tag k="to" v="Приморский океанариум"/>
  <tag k="type" v="route"/>
 </relation>
 <relation id="7218926" visible="true" version="34" changeset="184762215" timestamp="2026-06-28T21:12:46Z" user="iuvi" uid="24048118">
  <member type="node" ref="4556585866" role="stop"/>
  <member type="node" ref="4556585865" role="platform"/>
  <member type="node" ref="4512532387" role="stop"/>
  <member type="node" ref="1377433578" role="platform"/>
  <member type="node" ref="4712924148" role="stop"/>
  <member type="node" ref="1377427670" role="platform"/>
  <member type="node" ref="4712924143" role="stop"/>
  <member type="node" ref="1377420490" role="platform"/>
  <member type="node" ref="844644521" role="stop"/>
  <member type="node" ref="4545477670" role="platform"/>
  <member type="node" ref="1823687996" role="stop"/>
  <member type="node" ref="4545477669" role="platform"/>
  <member type="node" ref="4545477676" role="stop"/>
  <member type="node" ref="2496006479" role="platform"/>
  <member type="node" ref="4545477678" role="stop"/>
  <member type="node" ref="4545477680" role="platform"/>
  <member type="node" ref="4540177495" role="stop"/>
  <member type="node" ref="4419011196" role="platform"/>
  <member type="node" ref="4578610464" role="stop"/>
  <member type="node" ref="4578610463" role="platform"/>
  <member type="node" ref="4545477682" role="stop"/>
  <member type="node" ref="4545477684" role="platform"/>
  <member type="node" ref="4814747794" role="stop"/>
  <member type="node" ref="4419011198" role="platform"/>
  <member type="node" ref="4545477688" role="stop"/>
  <member type="node" ref="1868093539" role="platform"/>
  <member type="node" ref="4545478389" role="stop"/>
  <member type="node" ref="2215249800" role="platform"/>
  <member type="node" ref="2607513039" role="stop"/>
  <member type="node" ref="4836030795" role="platform"/>
  <member type="node" ref="4835935976" role="stop"/>
  <member type="node" ref="4835935974" role="platform"/>
  <member type="node" ref="1544645985" role="stop"/>
  <member type="node" ref="4835935972" role="platform"/>
  <member type="node" ref="1544657315" role="stop"/>
  <member type="node" ref="4835935975" role="platform"/>
  <member type="node" ref="4545478395" role="stop"/>
  <member type="node" ref="2215240204" role="platform"/>
  <member type="node" ref="4545478396" role="stop"/>
  <member type="node" ref="1868130837" role="platform"/>
  <member type="node" ref="4545478398" role="stop"/>
  <member type="node" ref="2215247134" role="platform"/>
  <member type="node" ref="4545478399" role="stop"/>
  <member type="node" ref="1868130790" role="platform"/>
  <member type="node" ref="4545478401" role="stop"/>
  <member type="node" ref="4545478402" role="platform"/>
  <member type="node" ref="4545478404" role="stop"/>
  <member type="node" ref="4545478405" role="platform"/>
  <member type="node" ref="2852141922" role="stop"/>
  <member type="node" ref="4835935989" role="platform"/>
  <member type="node" ref="10600884178" role="platform"/>
  <member type="way" ref="461305501" role=""/>
  <member type="way" ref="158025791" role=""/>
  <member type="way" ref="245616510" role=""/>
  <member type="way" ref="50633447" role=""/>
  <member type="way" ref="478024770" role=""/>
  <member type="way" ref="27940015" role=""/>
  <member type="way" ref="51185704" role=""/>
  <member type="way" ref="478023876" role=""/>
  <member type="way" ref="607674843" role=""/>
  <member type="way" ref="1314738636" role=""/>
  <member type="way" ref="1314738634" role=""/>
  <member type="way" ref="1314738633" role=""/>
  <member type="way" ref="1314738632" role=""/>
  <member type="way" ref="1314738630" role=""/>
  <member type="way" ref="1314738627" role=""/>
  <member type="way" ref="1314738626" role=""/>
  <member type="way" ref="1525686408" role=""/>
  <member type="way" ref="1525686407" role=""/>
  <member type="way" ref="1314738622" role=""/>
  <member type="way" ref="1314738619" role=""/>
  <member type="way" ref="1314738616" role=""/>
  <member type="way" ref="1314738617" role=""/>
  <member type="way" ref="473499543" role=""/>
  <member type="way" ref="1165070505" role=""/>
  <member type="way" ref="178925924" role=""/>
  <member type="way" ref="172596310" role=""/>
  <member type="way" ref="762171076" role=""/>
  <member type="way" ref="245017755" role=""/>
  <member type="way" ref="330254514" role=""/>
  <member type="way" ref="161753970" role=""/>
  <member type="way" ref="1237991975" role=""/>
  <member type="way" ref="456702744" role=""/>
  <member type="way" ref="161753985" role=""/>
  <member type="way" ref="178090080" role=""/>
  <member type="way" ref="161753993" role=""/>
  <member type="way" ref="186711507" role=""/>
  <member type="way" ref="330254502" role=""/>
  <member type="way" ref="161753979" role=""/>
  <member type="way" ref="460855933" role=""/>
  <member type="way" ref="461766441" role=""/>
  <member type="way" ref="50278152" role=""/>
  <member type="way" ref="106864766" role=""/>
  <member type="way" ref="513479507" role=""/>
  <member type="way" ref="496001817" role=""/>
  <member type="way" ref="461803495" role=""/>
  <member type="way" ref="176906834" role=""/>
  <member type="way" ref="347456924" role=""/>
  <member type="way" ref="370678633" role=""/>
  <member type="way" ref="176906838" role=""/>
  <member type="way" ref="176265462" role=""/>
  <member type="way" ref="826999074" role=""/>
  <member type="way" ref="460075859" role=""/>
  <member type="way" ref="161753973" role=""/>
  <member type="way" ref="161753988" role=""/>
  <member type="way" ref="176265465" role=""/>
  <member type="way" ref="176906456" role=""/>
  <member type="way" ref="401868418" role=""/>
  <member type="way" ref="456699269" role=""/>
  <member type="way" ref="176906236" role=""/>
  <member type="way" ref="176906239" role=""/>
  <member type="way" ref="235135575" role=""/>
  <member type="way" ref="1192773970" role=""/>
  <member type="way" ref="176905611" role=""/>
  <member type="way" ref="222724095" role=""/>
  <member type="way" ref="222724073" role=""/>
  <member type="way" ref="237884647" role=""/>
  <member type="way" ref="491505153" role=""/>
  <member type="way" ref="1191965830" role=""/>
  <member type="way" ref="141109110" role=""/>
  <member type="way" ref="141109110" role=""/>
  <member type="way" ref="222724090" role=""/>
  <member type="way" ref="222724090" role=""/>
  <member type="way" ref="1191965830" role=""/>
  <member type="way" ref="491505153" role=""/>
  <member type="way" ref="491505154" role=""/>
  <member type="way" ref="1298681615" role=""/>
  <member type="way" ref="1332789624" role=""/>
  <member type="way" ref="462225086" role=""/>
  <member type="way" ref="222724100" role=""/>
  <member type="way" ref="1164984444" role=""/>
  <member type="way" ref="222724094" role=""/>
  <member type="way" ref="222724084" role=""/>
  <member type="way" ref="1154150108" role=""/>
  <member type="way" ref="254993353" role=""/>
  <member type="way" ref="254993353" role=""/>
  <member type="way" ref="237884645" role=""/>
  <member type="way" ref="161753982" role=""/>
  <member type="way" ref="161753982" role=""/>
  <member type="way" ref="237884645" role=""/>
  <member type="way" ref="222724088" role=""/>
  <member type="way" ref="494790182" role=""/>
  <member type="way" ref="1011043756" role=""/>
  <member type="way" ref="494790181" role=""/>
  <member type="way" ref="222724078" role=""/>
  <member type="way" ref="222724101" role=""/>
  <member type="way" ref="222724072" role=""/>
  <member type="way" ref="222724077" role=""/>
  <member type="way" ref="516020662" role=""/>
  <member type="way" ref="281234838" role=""/>
  <member type="way" ref="281234842" role=""/>
  <member type="way" ref="717453288" role=""/>
  <tag k="from" v="ТЦ &quot;Изумруд&quot;"/>
  <tag k="interval" v="02:15"/>
  <tag k="name" v="Автобус 22: ТЦ &quot;Изумруд&quot; - Парис"/>
  <tag k="opening_hours" v="Mo-Su 06:40-21:30"/>
  <tag k="public_transport:version" v="2"/>
  <tag k="ref" v="22"/>
  <tag k="route" v="bus"/>
  <tag k="to" v="Парис"/>
  <tag k="type" v="route"/>
 </relation>
 <relation id="7218957" visible="true" version="23" changeset="184762215" timestamp="2026-06-28T21:12:46Z" user="iuvi" uid="24048118">
  <member type="node" ref="2852141922" role="stop"/>
  <member type="node" ref="4835935989" role="platform"/>
  <member type="node" ref="4545478407" role="stop"/>
  <member type="node" ref="4545478408" role="platform"/>
  <member type="node" ref="4545478409" role="stop"/>
  <member type="node" ref="4161426989" role="platform"/>
  <member type="node" ref="4545478406" role="stop"/>
  <member type="node" ref="4161427089" role="platform"/>
  <member type="node" ref="4545478403" role="stop"/>
  <member type="node" ref="4161420192" role="platform"/>
  <member type="node" ref="4545478400" role="stop"/>
  <member type="node" ref="2215247135" role="platform"/>
  <member type="node" ref="4545478397" role="stop"/>
  <member type="node" ref="1868130802" role="platform"/>
  <member type="node" ref="2043800238" role="stop"/>
  <member type="node" ref="4161427189" role="platform"/>
  <member type="node" ref="4545478393" role="stop"/>
  <member type="node" ref="4545478394" role="platform"/>
  <member type="node" ref="4835935976" role="stop"/>
  <member type="node" ref="4835935974" role="platform"/>
  <member type="node" ref="1544645985" role="stop"/>
  <member type="node" ref="4835935972" role="platform"/>
  <member type="node" ref="1544657315" role="stop"/>
  <member type="node" ref="4835935975" role="platform"/>
  <member type="node" ref="2607513039" role="stop"/>
  <member type="node" ref="4836030795" role="platform"/>
  <member type="node" ref="4545478390" role="stop"/>
  <member type="node" ref="2215249799" role="platform"/>
  <member type="node" ref="1868093541" role="stop"/>
  <member type="node" ref="2327796384" role="platform"/>
  <member type="node" ref="4545477687" role="stop"/>
  <member type="node" ref="4419011802" role="platform"/>
  <member type="node" ref="4545477683" role="stop"/>
  <member type="node" ref="4545477685" role="platform"/>
  <member type="node" ref="4568233530" role="stop"/>
  <member type="node" ref="4568233529" role="platform"/>
  <member type="node" ref="4540177506" role="stop"/>
  <member type="node" ref="4419020289" role="platform"/>
  <member type="node" ref="4540177504" role="stop"/>
  <member type="node" ref="1884712284" role="platform"/>
  <member type="node" ref="4545477679" role="stop"/>
  <member type="node" ref="4545477681" role="platform"/>
  <member type="node" ref="4545477677" role="stop"/>
  <member type="node" ref="2496006480" role="platform"/>
  <member type="node" ref="1468857028" role="stop"/>
  <member type="node" ref="4545477675" role="platform"/>
  <member type="node" ref="1684123466" role="stop"/>
  <member type="node" ref="4556561352" role="platform"/>
  <member type="node" ref="4556585866" role="stop"/>
  <member type="node" ref="4556585865" role="platform"/>
  <member type="way" ref="281234842" role=""/>
  <member type="way" ref="281234838" role=""/>
  <member type="way" ref="516020662" role=""/>
  <member type="way" ref="1332579971" role=""/>
  <member type="way" ref="491505151" role=""/>
  <member type="way" ref="222724081" role=""/>
  <member type="way" ref="491493186" role=""/>
  <member type="way" ref="222724082" role=""/>
  <member type="way" ref="1332579970" role=""/>
  <member type="way" ref="222724074" role=""/>
  <member type="way" ref="222724076" role=""/>
  <member type="way" ref="462466188" role=""/>
  <member type="way" ref="222724102" role=""/>
  <member type="way" ref="222724079" role=""/>
  <member type="way" ref="1164984446" role=""/>
  <member type="way" ref="1011043757" role=""/>
  <member type="way" ref="222724089" role=""/>
  <member type="way" ref="222724083" role=""/>
  <member type="way" ref="1154150109" role=""/>
  <member type="way" ref="222724097" role=""/>
  <member type="way" ref="222724098" role=""/>
  <member type="way" ref="1164984445" role=""/>
  <member type="way" ref="462227076" role=""/>
  <member type="way" ref="222724096" role=""/>
  <member type="way" ref="1332789622" role=""/>
  <member type="way" ref="141107479" role=""/>
  <member type="way" ref="222724087" role=""/>
  <member type="way" ref="491505154" role=""/>
  <member type="way" ref="491505153" role=""/>
  <member type="way" ref="1191965830" role=""/>
  <member type="way" ref="222724090" role=""/>
  <member type="way" ref="222724090" role=""/>
  <member type="way" ref="141109110" role=""/>
  <member type="way" ref="141109110" role=""/>
  <member type="way" ref="1191965830" role=""/>
  <member type="way" ref="491505153" role=""/>
  <member type="way" ref="491505154" role=""/>
  <member type="way" ref="222724087" role=""/>
  <member type="way" ref="222724075" role=""/>
  <member type="way" ref="237884645" role=""/>
  <member type="way" ref="161753982" role=""/>
  <member type="way" ref="161753982" role=""/>
  <member type="way" ref="237884645" role=""/>
  <member type="way" ref="254993353" role=""/>
  <member type="way" ref="254993353" role=""/>
  <member type="way" ref="222724092" role=""/>
  <member type="way" ref="222724080" role=""/>
  <member type="way" ref="223935543" role=""/>
  <member type="way" ref="458565210" role=""/>
  <member type="way" ref="176265912" role=""/>
  <member type="way" ref="235135574" role=""/>
  <member type="way" ref="235135577" role=""/>
  <member type="way" ref="45790339" role=""/>
  <member type="way" ref="147106312" role=""/>
  <member type="way" ref="456699268" role=""/>
  <member type="way" ref="961771909" role=""/>
  <member type="way" ref="401889903" role=""/>
  <member type="way" ref="182085044" role=""/>
  <member type="way" ref="176265459" role=""/>
  <member type="way" ref="176265464" role=""/>
  <member type="way" ref="187780201" role=""/>
  <member type="way" ref="176265461" role=""/>
  <member type="way" ref="460075858" role=""/>
  <member type="way" ref="176265463" role=""/>
  <member type="way" ref="340799566" role=""/>
  <member type="way" ref="489025640" role=""/>
  <member type="way" ref="161753989" role=""/>
  <member type="way" ref="161753991" role=""/>
  <member type="way" ref="347456925" role=""/>
  <member type="way" ref="458964939" role=""/>
  <member type="way" ref="457961230" role=""/>
  <member type="way" ref="178090100" role=""/>
  <member type="way" ref="178090099" role=""/>
  <member type="way" ref="457961229" role=""/>
  <member type="way" ref="460855934" role=""/>
  <member type="way" ref="762740039" role=""/>
  <member type="way" ref="178090087" role=""/>
  <member type="way" ref="178090098" role=""/>
  <member type="way" ref="330254503" role=""/>
  <member type="way" ref="186711508" role=""/>
  <member type="way" ref="178090081" role=""/>
  <member type="way" ref="178090085" role=""/>
  <member type="way" ref="178090093" role=""/>
  <member type="way" ref="1136496066" role=""/>
  <member type="way" ref="458565201" role=""/>
  <member type="way" ref="178090097" role=""/>
  <member type="way" ref="178090082" role=""/>
  <member type="way" ref="178090086" role=""/>
  <member type="way" ref="178090089" role=""/>
  <member type="way" ref="458565200" role=""/>
  <member type="way" ref="245775876" role=""/>
  <member type="way" ref="179632846" role=""/>
  <member type="way" ref="102414068" role=""/>
  <member type="way" ref="219616126" role=""/>
  <member type="way" ref="458432526" role=""/>
  <member type="way" ref="91832804" role=""/>
  <member type="way" ref="219616128" role=""/>
  <member type="way" ref="94258507" role=""/>
  <member type="way" ref="23943507" role=""/>
  <member type="way" ref="343130003" role=""/>
  <member type="way" ref="315599212" role=""/>
  <member type="way" ref="489202673" role=""/>
  <member type="way" ref="245626981" role=""/>
  <member type="way" ref="219614815" role=""/>
  <member type="way" ref="330254520" role=""/>
  <member type="way" ref="180229842" role=""/>
  <member type="way" ref="347004719" role=""/>
  <member type="way" ref="219365221" role=""/>
  <member type="way" ref="180849364" role=""/>
  <member type="way" ref="180849363" role=""/>
  <member type="way" ref="256944580" role=""/>
  <member type="way" ref="491336392" role=""/>
  <member type="way" ref="460435119" role=""/>
  <member type="way" ref="213736874" role=""/>
  <member type="way" ref="487897220" role=""/>
  <member type="way" ref="483623418" role=""/>
  <member type="way" ref="460435118" role=""/>
  <member type="way" ref="315599215" role=""/>
  <member type="way" ref="213736871" role=""/>
  <member type="way" ref="213736875" role=""/>
  <member type="way" ref="483623417" role=""/>
  <member type="way" ref="256944579" role=""/>
  <member type="way" ref="256944581" role=""/>
  <member type="way" ref="256944576" role=""/>
  <member type="way" ref="178927383" role=""/>
  <member type="way" ref="256944582" role=""/>
  <member type="way" ref="245626982" role=""/>
  <member type="way" ref="71889655" role=""/>
  <member type="way" ref="440124586" role=""/>
  <member type="way" ref="480757170" role=""/>
  <member type="way" ref="480757171" role=""/>
  <member type="way" ref="480757172" role=""/>
  <member type="way" ref="480757173" role=""/>
  <member type="way" ref="204964968" role=""/>
  <member type="way" ref="480757174" role=""/>
  <member type="way" ref="316329729" role=""/>
  <member type="way" ref="440270027" role=""/>
  <member type="way" ref="170064458" role=""/>
  <tag k="from" v="Парис"/>
  <tag k="interval" v="02:15"/>
  <tag k="name" v="Автобус 22: Парис - ТЦ &quot;Изумруд&quot;"/>
  <tag k="opening_hours" v="Mo-Su 06:40-21:30"/>
  <tag k="public_transport:version" v="2"/>
  <tag k="ref" v="22"/>
  <tag k="route" v="bus"/>
  <tag k="to" v="ТЦ &quot;Изумруд&quot;"/>
  <tag k="type" v="route"/>
 </relation>
 <relation id="7823276" visible="true" version="1" changeset="54751658" timestamp="2017-12-19T08:08:21Z" user="Sasha_SH" uid="4988915">
  <member type="way" ref="104499737" role="outer"/>
  <member type="way" ref="547844525" role="outer"/>
  <tag k="building" v="yes"/>
  <tag k="building:levels" v="3"/>
  <tag k="type" v="multipolygon"/>
 </relation>
 <relation id="7823277" visible="true" version="1" changeset="54751658" timestamp="2017-12-19T08:08:21Z" user="Sasha_SH" uid="4988915">
  <member type="way" ref="104499737" role="outer"/>
  <member type="way" ref="547844526" role="outer"/>
  <tag k="addr:city" v="Владивосток"/>
  <tag k="addr:country" v="RU"/>
  <tag k="addr:housenumber" v="35"/>
  <tag k="addr:postcode" v="690014"/>
  <tag k="addr:street" v="улица Гоголя"/>
  <tag k="building" v="yes"/>
  <tag k="type" v="multipolygon"/>
 </relation>
 <relation id="8211187" visible="true" version="29" changeset="184762215" timestamp="2026-06-28T21:12:46Z" user="iuvi" uid="24048118">
  <member type="node" ref="4556585866" role="stop"/>
  <member type="node" ref="4556585865" role="platform"/>
  <member type="node" ref="4512532387" role="stop"/>
  <member type="node" ref="1377433578" role="platform"/>
  <member type="node" ref="4512532384" role="stop"/>
  <member type="node" ref="599908405" role="platform"/>
  <member type="node" ref="4512532383" role="stop"/>
  <member type="node" ref="1685281809" role="platform"/>
  <member type="node" ref="5686941747" role="stop"/>
  <member type="node" ref="1685290099" role="platform"/>
  <member type="node" ref="4512532385" role="stop"/>
  <member type="node" ref="1685281811" role="platform"/>
  <member type="node" ref="4519498494" role="stop"/>
  <member type="node" ref="1810755215" role="platform"/>
  <member type="node" ref="844644521" role="stop"/>
  <member type="node" ref="4545477670" role="platform"/>
  <member type="node" ref="1823687996" role="stop"/>
  <member type="node" ref="4545477669" role="platform"/>
  <member type="node" ref="4545477676" role="stop"/>
  <member type="node" ref="2496006479" role="platform"/>
  <member type="node" ref="4545477678" role="stop"/>
  <member type="node" ref="4545477680" role="platform"/>
  <member type="node" ref="4540177495" role="stop"/>
  <member type="node" ref="4419011196" role="platform"/>
  <member type="node" ref="4545477682" role="stop"/>
  <member type="node" ref="4545477684" role="platform"/>
  <member type="node" ref="4814747794" role="stop"/>
  <member type="node" ref="4419011198" role="platform"/>
  <member type="node" ref="4545477688" role="stop"/>
  <member type="node" ref="1868093539" role="platform"/>
  <member type="node" ref="4545478389" role="stop"/>
  <member type="node" ref="2215249800" role="platform"/>
  <member type="node" ref="4545478395" role="stop"/>
  <member type="node" ref="2215240204" role="platform"/>
  <member type="node" ref="4545478396" role="stop"/>
  <member type="node" ref="1868130837" role="platform"/>
  <member type="node" ref="4545478398" role="stop"/>
  <member type="node" ref="2215247134" role="platform"/>
  <member type="node" ref="4545478399" role="stop"/>
  <member type="node" ref="1868130790" role="platform"/>
  <member type="node" ref="4545478401" role="stop"/>
  <member type="node" ref="4545478402" role="platform"/>
  <member type="node" ref="4545478404" role="stop"/>
  <member type="node" ref="4545478405" role="platform"/>
  <member type="node" ref="4545478407" role="stop"/>
  <member type="node" ref="4545478408" role="platform"/>
  <member type="node" ref="11961568771" role="stop"/>
  <member type="node" ref="4545478411" role="platform"/>
  <member type="node" ref="1923268475" role="stop"/>
  <member type="node" ref="4545478414" role="platform"/>
  <member type="node" ref="10600884178" role="platform"/>
  <member type="way" ref="461305501" role=""/>
  <member type="way" ref="158025791" role=""/>
  <member type="way" ref="245616510" role=""/>
  <member type="way" ref="50633447" role=""/>
  <member type="way" ref="480573246" role=""/>
  <member type="way" ref="215332881" role=""/>
  <member type="way" ref="28434374" role=""/>
  <member type="way" ref="1137468156" role=""/>
  <member type="way" ref="459955649" role=""/>
  <member type="way" ref="176990248" role=""/>
  <member type="way" ref="23770032" role=""/>
  <member type="way" ref="297464938" role=""/>
  <member type="way" ref="458565197" role=""/>
  <member type="way" ref="32885904" role=""/>
  <member type="way" ref="31320108" role=""/>
  <member type="way" ref="79733052" role=""/>
  <member type="way" ref="79733055" role=""/>
  <member type="way" ref="33686741" role=""/>
  <member type="way" ref="200893305" role=""/>
  <member type="way" ref="200893306" role=""/>
  <member type="way" ref="530205229" role=""/>
  <member type="way" ref="478023609" role=""/>
  <member type="way" ref="24205843" role=""/>
  <member type="way" ref="200893310" role=""/>
  <member type="way" ref="459962960" role=""/>
  <member type="way" ref="762171076" role=""/>
  <member type="way" ref="245017755" role=""/>
  <member type="way" ref="330254514" role=""/>
  <member type="way" ref="161753970" role=""/>
  <member type="way" ref="1237991975" role=""/>
  <member type="way" ref="456702744" role=""/>
  <member type="way" ref="161753985" role=""/>
  <member type="way" ref="178090080" role=""/>
  <member type="way" ref="161753993" role=""/>
  <member type="way" ref="186711507" role=""/>
  <member type="way" ref="330254502" role=""/>
  <member type="way" ref="161753979" role=""/>
  <member type="way" ref="460855933" role=""/>
  <member type="way" ref="461766441" role=""/>
  <member type="way" ref="50278152" role=""/>
  <member type="way" ref="106864766" role=""/>
  <member type="way" ref="513479507" role=""/>
  <member type="way" ref="496001817" role=""/>
  <member type="way" ref="461803495" role=""/>
  <member type="way" ref="176906834" role=""/>
  <member type="way" ref="347456924" role=""/>
  <member type="way" ref="370678633" role=""/>
  <member type="way" ref="176906838" role=""/>
  <member type="way" ref="176265462" role=""/>
  <member type="way" ref="826999074" role=""/>
  <member type="way" ref="460075859" role=""/>
  <member type="way" ref="161753973" role=""/>
  <member type="way" ref="161753988" role=""/>
  <member type="way" ref="176265465" role=""/>
  <member type="way" ref="176906456" role=""/>
  <member type="way" ref="401868418" role=""/>
  <member type="way" ref="456699269" role=""/>
  <member type="way" ref="176906236" role=""/>
  <member type="way" ref="176906239" role=""/>
  <member type="way" ref="235135575" role=""/>
  <member type="way" ref="717453288" role=""/>
  <member type="way" ref="1192773970" role=""/>
  <member type="way" ref="176905611" role=""/>
  <member type="way" ref="222724095" role=""/>
  <member type="way" ref="222724073" role=""/>
  <member type="way" ref="491505155" role=""/>
  <member type="way" ref="1298681615" role=""/>
  <member type="way" ref="1332789624" role=""/>
  <member type="way" ref="462225086" role=""/>
  <member type="way" ref="222724100" role=""/>
  <member type="way" ref="1164984444" role=""/>
  <member type="way" ref="222724094" role=""/>
  <member type="way" ref="222724084" role=""/>
  <member type="way" ref="1154150108" role=""/>
  <member type="way" ref="222724088" role=""/>
  <member type="way" ref="494790182" role=""/>
  <member type="way" ref="1011043756" role=""/>
  <member type="way" ref="494790181" role=""/>
  <member type="way" ref="222724078" role=""/>
  <member type="way" ref="222724101" role=""/>
  <member type="way" ref="222724072" role=""/>
  <member type="way" ref="222724077" role=""/>
  <member type="way" ref="1332579971" role=""/>
  <member type="way" ref="491505151" role=""/>
  <member type="way" ref="222724081" role=""/>
  <member type="way" ref="222724086" role=""/>
  <member type="way" ref="222724091" role=""/>
  <member type="way" ref="222724071" role=""/>
  <member type="way" ref="186710411" role=""/>
  <member type="way" ref="1332579969" role=""/>
  <member type="way" ref="237885156" role=""/>
  <member type="way" ref="526399866" role=""/>
  <tag k="from" v="ТЦ &quot;Изумруд&quot;"/>
  <tag k="interval" v="00:11"/>
  <tag k="interval:conditional" v="00:19 @ (Sa-Su 06:00-23:45)"/>
  <tag k="name" v="Автобус 15: ТЦ &quot;Изумруд&quot; – Приморский океанариум"/>
  <tag k="network" v="city"/>
  <tag k="opening_hours" v="Mo-Su 06:00-23:45"/>
  <tag k="public_transport:version" v="2"/>
  <tag k="ref" v="15"/>
  <tag k="route" v="bus"/>
  <tag k="to" v="Приморский океанариум"/>
  <tag k="type" v="route"/>
  <tag k="via" v="ДВФУ – Окатовая – Фуникулёр – ТД «Тихоокеанский» – Инструм. завод – ТЦ «Изумруд» – 1-я Речка – Некрасовская – Фуникулёр – Окатовая – ДВФУ"/>
 </relation>
 <relation id="8211188" visible="true" version="1" changeset="58108740" timestamp="2018-04-15T12:15:30Z" user="dedVorchun" uid="1357067">
  <member type="relation" ref="6778474" role=""/>
  <member type="relation" ref="8211187" role=""/>
  <tag k="name" v="Автобус 15: Приморский океанариум &lt;=&gt; ТЦ &quot;Изумруд&quot;"/>
  <tag k="ref" v="15"/>
  <tag k="route_master" v="bus"/>
  <tag k="type" v="route_master"/>
 </relation>
 <relation id="10359397" visible="true" version="27" changeset="186947640" timestamp="2026-08-04T20:52:53Z" user="aq123" uid="4289510">
  <member type="node" ref="4576298447" role="stop"/>
  <member type="node" ref="4576298445" role="platform"/>
  <member type="node" ref="4576298444" role="stop"/>
  <member type="node" ref="2474787660" role="platform"/>
  <member type="node" ref="4576298443" role="stop"/>
  <member type="node" ref="4576298442" role="platform"/>
  <member type="node" ref="279691396" role="stop"/>
  <member type="node" ref="4576298439" role="platform"/>
  <member type="node" ref="279691405" role="stop"/>
  <member type="node" ref="4576298437" role="platform"/>
  <member type="node" ref="4576298436" role="stop"/>
  <member type="node" ref="4576298435" role="platform"/>
  <member type="node" ref="4576298432" role="stop"/>
  <member type="node" ref="4576298430" role="platform"/>
  <member type="node" ref="7062333870" role="stop"/>
  <member type="node" ref="4576298428" role="platform"/>
  <member type="node" ref="4576298426" role="stop"/>
  <member type="node" ref="4576298424" role="platform"/>
  <member type="node" ref="4576298423" role="stop"/>
  <member type="node" ref="4576298422" role="platform"/>
  <member type="node" ref="4576298420" role="stop"/>
  <member type="node" ref="4576298419" role="platform"/>
  <member type="node" ref="777908150" role="stop"/>
  <member type="node" ref="5305872835" role="platform"/>
  <member type="node" ref="4576298418" role="stop"/>
  <member type="node" ref="2475020829" role="platform"/>
  <member type="node" ref="777874761" role="stop"/>
  <member type="node" ref="4576298415" role="platform"/>
  <member type="node" ref="4576298414" role="stop"/>
  <member type="node" ref="4576298413" role="platform"/>
  <member type="node" ref="777874484" role="stop"/>
  <member type="node" ref="2476053331" role="platform"/>
  <member type="node" ref="4576298411" role="stop"/>
  <member type="node" ref="4576298409" role="platform"/>
  <member type="node" ref="4576298408" role="stop"/>
  <member type="node" ref="4576298407" role="platform"/>
  <member type="node" ref="4576298405" role="stop"/>
  <member type="node" ref="4576298404" role="platform"/>
  <member type="node" ref="4545478410" role="stop"/>
  <member type="node" ref="4161420191" role="platform"/>
  <member type="node" ref="4545478409" role="stop"/>
  <member type="node" ref="4161426989" role="platform"/>
  <member type="node" ref="4545478406" role="stop"/>
  <member type="node" ref="4161427089" role="platform"/>
  <member type="node" ref="4545478403" role="stop"/>
  <member type="node" ref="4161420192" role="platform"/>
  <member type="node" ref="4545478400" role="stop"/>
  <member type="node" ref="2215247135" role="platform"/>
  <member type="node" ref="4545478397" role="stop"/>
  <member type="node" ref="1868130802" role="platform"/>
  <member type="node" ref="2043800238" role="stop"/>
  <member type="node" ref="4161427189" role="platform"/>
  <member type="node" ref="4545478393" role="stop"/>
  <member type="node" ref="4545478394" role="platform"/>
  <member type="node" ref="4545478390" role="stop"/>
  <member type="node" ref="2215249799" role="platform"/>
  <member type="node" ref="1868093541" role="stop"/>
  <member type="node" ref="2327796384" role="platform"/>
  <member type="node" ref="4545477687" role="stop"/>
  <member type="node" ref="4419011802" role="platform"/>
  <member type="node" ref="4545477683" role="stop"/>
  <member type="node" ref="4545477685" role="platform"/>
  <member type="node" ref="4568233530" role="stop"/>
  <member type="node" ref="4568233529" role="platform"/>
  <member type="node" ref="4540177506" role="stop"/>
  <member type="node" ref="4419020289" role="platform"/>
  <member type="node" ref="4540177504" role="stop"/>
  <member type="node" ref="1884712284" role="platform"/>
  <member type="node" ref="4545477679" role="stop"/>
  <member type="node" ref="4545477681" role="platform"/>
  <member type="node" ref="4545477677" role="stop"/>
  <member type="node" ref="2496006480" role="platform"/>
  <member type="node" ref="1468857028" role="stop"/>
  <member type="node" ref="4545477675" role="platform"/>
  <member type="node" ref="1684123466" role="stop"/>
  <member type="node" ref="4556561352" role="platform"/>
  <member type="node" ref="4556585866" role="stop"/>
  <member type="node" ref="4556585865" role="platform"/>
  <member type="way" ref="239703125" role=""/>
  <member type="way" ref="239703124" role=""/>
  <member type="way" ref="75042001" role=""/>
  <member type="way" ref="462225087" role=""/>
  <member type="way" ref="239375294" role=""/>
  <member type="way" ref="239704376" role=""/>
  <member type="way" ref="239704377" role=""/>
  <member type="way" ref="526398337" role=""/>
  <member type="way" ref="526398339" role=""/>
  <member type="way" ref="255176473" role=""/>
  <member type="way" ref="462226925" role=""/>
  <member type="way" ref="239373397" role=""/>
  <member type="way" ref="239373398" role=""/>
  <member type="way" ref="25656824" role=""/>
  <member type="way" ref="462226926" role=""/>
  <member type="way" ref="239712566" role=""/>
  <member type="way" ref="239828270" role=""/>
  <member type="way" ref="1532243012" role=""/>
  <member type="way" ref="1532243013" role=""/>
  <member type="way" ref="239828261" role=""/>
  <member type="way" ref="1547332285" role=""/>
  <member type="way" ref="1245889511" role=""/>
  <member type="way" ref="222722825" role=""/>
  <member type="way" ref="1123097167" role=""/>
  <member type="way" ref="141107501" role=""/>
  <member type="way" ref="222722817" role=""/>
  <member type="way" ref="222722812" role=""/>
  <member type="way" ref="222722803" role=""/>
  <member type="way" ref="222722802" role=""/>
  <member type="way" ref="222722813" role=""/>
  <member type="way" ref="222722809" role=""/>
  <member type="way" ref="222722811" role=""/>
  <member type="way" ref="222722814" role=""/>
  <member type="way" ref="222722818" role=""/>
  <member type="way" ref="222722819" role=""/>
  <member type="way" ref="222722822" role=""/>
  <member type="way" ref="222722798" role=""/>
  <member type="way" ref="330099602" role=""/>
  <member type="way" ref="222724093" role=""/>
  <member type="way" ref="222724085" role=""/>
  <member type="way" ref="222724082" role=""/>
  <member type="way" ref="1332579970" role=""/>
  <member type="way" ref="222724074" role=""/>
  <member type="way" ref="222724076" role=""/>
  <member type="way" ref="462466188" role=""/>
  <member type="way" ref="222724102" role=""/>
  <member type="way" ref="222724079" role=""/>
  <member type="way" ref="1164984446" role=""/>
  <member type="way" ref="1011043757" role=""/>
  <member type="way" ref="222724089" role=""/>
  <member type="way" ref="222724083" role=""/>
  <member type="way" ref="1154150109" role=""/>
  <member type="way" ref="222724097" role=""/>
  <member type="way" ref="222724098" role=""/>
  <member type="way" ref="1164984445" role=""/>
  <member type="way" ref="462227076" role=""/>
  <member type="way" ref="222724096" role=""/>
  <member type="way" ref="1332789622" role=""/>
  <member type="way" ref="491512581" role=""/>
  <member type="way" ref="222724075" role=""/>
  <member type="way" ref="222724092" role=""/>
  <member type="way" ref="222724080" role=""/>
  <member type="way" ref="223935543" role=""/>
  <member type="way" ref="458565210" role=""/>
  <member type="way" ref="176265912" role=""/>
  <member type="way" ref="235135574" role=""/>
  <member type="way" ref="235135577" role=""/>
  <member type="way" ref="45790339" role=""/>
  <member type="way" ref="147106312" role=""/>
  <member type="way" ref="456699268" role=""/>
  <member type="way" ref="961771909" role=""/>
  <member type="way" ref="401889903" role=""/>
  <member type="way" ref="182085044" role=""/>
  <member type="way" ref="176265459" role=""/>
  <member type="way" ref="176265464" role=""/>
  <member type="way" ref="187780201" role=""/>
  <member type="way" ref="176265461" role=""/>
  <member type="way" ref="460075858" role=""/>
  <member type="way" ref="176265463" role=""/>
  <member type="way" ref="340799566" role=""/>
  <member type="way" ref="489025640" role=""/>
  <member type="way" ref="161753989" role=""/>
  <member type="way" ref="161753991" role=""/>
  <member type="way" ref="347456925" role=""/>
  <member type="way" ref="458964939" role=""/>
  <member type="way" ref="457961230" role=""/>
  <member type="way" ref="178090100" role=""/>
  <member type="way" ref="178090099" role=""/>
  <member type="way" ref="457961229" role=""/>
  <member type="way" ref="460855934" role=""/>
  <member type="way" ref="762740039" role=""/>
  <member type="way" ref="178090087" role=""/>
  <member type="way" ref="178090098" role=""/>
  <member type="way" ref="330254503" role=""/>
  <member type="way" ref="186711508" role=""/>
  <member type="way" ref="178090081" role=""/>
  <member type="way" ref="178090085" role=""/>
  <member type="way" ref="178090093" role=""/>
  <member type="way" ref="1136496066" role=""/>
  <member type="way" ref="458565201" role=""/>
  <member type="way" ref="178090097" role=""/>
  <member type="way" ref="178090082" role=""/>
  <member type="way" ref="178090086" role=""/>
  <member type="way" ref="178090089" role=""/>
  <member type="way" ref="458565200" role=""/>
  <member type="way" ref="245775876" role=""/>
  <member type="way" ref="179632846" role=""/>
  <member type="way" ref="102414068" role=""/>
  <member type="way" ref="219616126" role=""/>
  <member type="way" ref="458432526" role=""/>
  <member type="way" ref="91832804" role=""/>
  <member type="way" ref="219616128" role=""/>
  <member type="way" ref="94258507" role=""/>
  <member type="way" ref="23943507" role=""/>
  <member type="way" ref="343130003" role=""/>
  <member type="way" ref="315599212" role=""/>
  <member type="way" ref="489202673" role=""/>
  <member type="way" ref="245626981" role=""/>
  <member type="way" ref="219614815" role=""/>
  <member type="way" ref="330254520" role=""/>
  <member type="way" ref="180229842" role=""/>
  <member type="way" ref="347004719" role=""/>
  <member type="way" ref="219365221" role=""/>
  <member type="way" ref="180849364" role=""/>
  <member type="way" ref="180849363" role=""/>
  <member type="way" ref="256944580" role=""/>
  <member type="way" ref="491336392" role=""/>
  <member type="way" ref="460435119" role=""/>
  <member type="way" ref="213736874" role=""/>
  <member type="way" ref="487897220" role=""/>
  <member type="way" ref="483623418" role=""/>
  <member type="way" ref="460435118" role=""/>
  <member type="way" ref="315599215" role=""/>
  <member type="way" ref="213736871" role=""/>
  <member type="way" ref="213736875" role=""/>
  <member type="way" ref="483623417" role=""/>
  <member type="way" ref="256944579" role=""/>
  <member type="way" ref="256944581" role=""/>
  <member type="way" ref="256944576" role=""/>
  <member type="way" ref="178927383" role=""/>
  <member type="way" ref="256944582" role=""/>
  <member type="way" ref="245626982" role=""/>
  <member type="way" ref="71889655" role=""/>
  <member type="way" ref="440124586" role=""/>
  <member type="way" ref="480757170" role=""/>
  <member type="way" ref="480757171" role=""/>
  <member type="way" ref="480757172" role=""/>
  <member type="way" ref="480757173" role=""/>
  <member type="way" ref="204964968" role=""/>
  <member type="way" ref="480757174" role=""/>
  <member type="way" ref="316329729" role=""/>
  <member type="way" ref="440270027" role=""/>
  <member type="way" ref="170064458" role=""/>
  <tag k="from" v="Бухта Воевода"/>
  <tag k="interval" v="00:25"/>
  <tag k="name" v="Автобус 29: Бухта Воевода - ТЦ &quot;Изумруд&quot;"/>
  <tag k="opening_hours" v="Mo-Su 06:00-00:00"/>
  <tag k="public_transport:version" v="2"/>
  <tag k="ref" v="29"/>
  <tag k="route" v="bus"/>
  <tag k="to" v="ТЦ &quot;Изумруд&quot;"/>
  <tag k="type" v="route"/>
 </relation>
 <relation id="10359398" visible="true" version="38" changeset="186947640" timestamp="2026-08-04T20:52:53Z" user="aq123" uid="4289510">
  <member type="node" ref="4556585866" role="stop"/>
  <member type="node" ref="4556585865" role="platform"/>
  <member type="node" ref="4512532387" role="stop"/>
  <member type="node" ref="1377433578" role="platform"/>
  <member type="node" ref="4712924148" role="stop"/>
  <member type="node" ref="1377427670" role="platform"/>
  <member type="node" ref="4712924143" role="stop"/>
  <member type="node" ref="1377420490" role="platform"/>
  <member type="node" ref="844644521" role="stop"/>
  <member type="node" ref="4545477670" role="platform"/>
  <member type="node" ref="1823687996" role="stop"/>
  <member type="node" ref="4545477669" role="platform"/>
  <member type="node" ref="4545477676" role="stop"/>
  <member type="node" ref="2496006479" role="platform"/>
  <member type="node" ref="4545477678" role="stop"/>
  <member type="node" ref="4545477680" role="platform"/>
  <member type="node" ref="4540177495" role="stop"/>
  <member type="node" ref="4419011196" role="platform"/>
  <member type="node" ref="4578610464" role="stop"/>
  <member type="node" ref="4578610463" role="platform"/>
  <member type="node" ref="4545477682" role="stop"/>
  <member type="node" ref="4545477684" role="platform"/>
  <member type="node" ref="4814747794" role="stop"/>
  <member type="node" ref="4419011198" role="platform"/>
  <member type="node" ref="4545477688" role="stop"/>
  <member type="node" ref="1868093539" role="platform"/>
  <member type="node" ref="4545478389" role="stop"/>
  <member type="node" ref="2215249800" role="platform"/>
  <member type="node" ref="4545478395" role="stop"/>
  <member type="node" ref="2215240204" role="platform"/>
  <member type="node" ref="4545478396" role="stop"/>
  <member type="node" ref="1868130837" role="platform"/>
  <member type="node" ref="4545478398" role="stop"/>
  <member type="node" ref="2215247134" role="platform"/>
  <member type="node" ref="4545478399" role="stop"/>
  <member type="node" ref="1868130790" role="platform"/>
  <member type="node" ref="4545478401" role="stop"/>
  <member type="node" ref="4545478402" role="platform"/>
  <member type="node" ref="4545478404" role="stop"/>
  <member type="node" ref="4545478405" role="platform"/>
  <member type="node" ref="4545478407" role="stop"/>
  <member type="node" ref="4545478408" role="platform"/>
  <member type="node" ref="11961568771" role="stop"/>
  <member type="node" ref="4545478411" role="platform"/>
  <member type="node" ref="4576298402" role="stop"/>
  <member type="node" ref="4576298403" role="platform"/>
  <member type="node" ref="4576298408" role="stop"/>
  <member type="node" ref="4576298406" role="platform"/>
  <member type="node" ref="4576298411" role="stop"/>
  <member type="node" ref="4576298410" role="platform"/>
  <member type="node" ref="777874484" role="stop"/>
  <member type="node" ref="2476053287" role="platform"/>
  <member type="node" ref="4576298414" role="stop"/>
  <member type="node" ref="4576298412" role="platform"/>
  <member type="node" ref="777874761" role="stop"/>
  <member type="node" ref="4576298416" role="platform"/>
  <member type="node" ref="4576298418" role="stop"/>
  <member type="node" ref="4576298417" role="platform"/>
  <member type="node" ref="777908150" role="stop"/>
  <member type="node" ref="4576298401" role="platform"/>
  <member type="node" ref="4576298420" role="stop"/>
  <member type="node" ref="2474904156" role="platform"/>
  <member type="node" ref="4576298423" role="stop"/>
  <member type="node" ref="4576298421" role="platform"/>
  <member type="node" ref="4576298426" role="stop"/>
  <member type="node" ref="4576298425" role="platform"/>
  <member type="node" ref="279685384" role="stop"/>
  <member type="node" ref="4576298427" role="platform"/>
  <member type="node" ref="4576298429" role="platform"/>
  <member type="node" ref="4576298433" role="platform"/>
  <member type="node" ref="279691405" role="stop"/>
  <member type="node" ref="4576298438" role="platform"/>
  <member type="node" ref="279691396" role="stop"/>
  <member type="node" ref="4576298440" role="platform"/>
  <member type="node" ref="4576298443" role="stop"/>
  <member type="node" ref="4576298441" role="platform"/>
  <member type="node" ref="4576298400" role="platform"/>
  <member type="node" ref="4576298447" role="stop"/>
  <member type="node" ref="885864353" role="platform"/>
  <member type="node" ref="10600884178" role="platform"/>
  <member type="way" ref="461305501" role=""/>
  <member type="way" ref="158025791" role=""/>
  <member type="way" ref="245616510" role=""/>
  <member type="way" ref="50633447" role=""/>
  <member type="way" ref="478024770" role=""/>
  <member type="way" ref="27940015" role=""/>
  <member type="way" ref="51185704" role=""/>
  <member type="way" ref="478023876" role=""/>
  <member type="way" ref="607674843" role=""/>
  <member type="way" ref="1314738636" role=""/>
  <member type="way" ref="1314738634" role=""/>
  <member type="way" ref="1314738633" role=""/>
  <member type="way" ref="1314738632" role=""/>
  <member type="way" ref="1314738630" role=""/>
  <member type="way" ref="1314738627" role=""/>
  <member type="way" ref="1314738626" role=""/>
  <member type="way" ref="1525686408" role=""/>
  <member type="way" ref="1525686407" role=""/>
  <member type="way" ref="1314738622" role=""/>
  <member type="way" ref="1314738619" role=""/>
  <member type="way" ref="1314738616" role=""/>
  <member type="way" ref="1314738617" role=""/>
  <member type="way" ref="473499543" role=""/>
  <member type="way" ref="1165070505" role=""/>
  <member type="way" ref="178925924" role=""/>
  <member type="way" ref="172596310" role=""/>
  <member type="way" ref="762171076" role=""/>
  <member type="way" ref="245017755" role=""/>
  <member type="way" ref="330254514" role=""/>
  <member type="way" ref="161753970" role=""/>
  <member type="way" ref="1237991975" role=""/>
  <member type="way" ref="456702744" role=""/>
  <member type="way" ref="161753985" role=""/>
  <member type="way" ref="178090080" role=""/>
  <member type="way" ref="161753993" role=""/>
  <member type="way" ref="186711507" role=""/>
  <member type="way" ref="330254502" role=""/>
  <member type="way" ref="161753979" role=""/>
  <member type="way" ref="460855933" role=""/>
  <member type="way" ref="461766441" role=""/>
  <member type="way" ref="50278152" role=""/>
  <member type="way" ref="106864766" role=""/>
  <member type="way" ref="513479507" role=""/>
  <member type="way" ref="496001817" role=""/>
  <member type="way" ref="461803495" role=""/>
  <member type="way" ref="176906834" role=""/>
  <member type="way" ref="347456924" role=""/>
  <member type="way" ref="370678633" role=""/>
  <member type="way" ref="176906838" role=""/>
  <member type="way" ref="176265462" role=""/>
  <member type="way" ref="826999074" role=""/>
  <member type="way" ref="460075859" role=""/>
  <member type="way" ref="161753973" role=""/>
  <member type="way" ref="161753988" role=""/>
  <member type="way" ref="176265465" role=""/>
  <member type="way" ref="176906456" role=""/>
  <member type="way" ref="401868418" role=""/>
  <member type="way" ref="456699269" role=""/>
  <member type="way" ref="176906236" role=""/>
  <member type="way" ref="176906239" role=""/>
  <member type="way" ref="235135575" role=""/>
  <member type="way" ref="1192773970" role=""/>
  <member type="way" ref="176905611" role=""/>
  <member type="way" ref="222724095" role=""/>
  <member type="way" ref="222724073" role=""/>
  <member type="way" ref="491505155" role=""/>
  <member type="way" ref="1298681615" role=""/>
  <member type="way" ref="1332789624" role=""/>
  <member type="way" ref="462225086" role=""/>
  <member type="way" ref="222724100" role=""/>
  <member type="way" ref="1164984444" role=""/>
  <member type="way" ref="222724094" role=""/>
  <member type="way" ref="222724084" role=""/>
  <member type="way" ref="1154150108" role=""/>
  <member type="way" ref="222724088" role=""/>
  <member type="way" ref="494790182" role=""/>
  <member type="way" ref="1011043756" role=""/>
  <member type="way" ref="494790181" role=""/>
  <member type="way" ref="222724078" role=""/>
  <member type="way" ref="222724101" role=""/>
  <member type="way" ref="222724072" role=""/>
  <member type="way" ref="222724077" role=""/>
  <member type="way" ref="1332579971" role=""/>
  <member type="way" ref="491505151" role=""/>
  <member type="way" ref="222724081" role=""/>
  <member type="way" ref="222724086" role=""/>
  <member type="way" ref="222724091" role=""/>
  <member type="way" ref="222724071" role=""/>
  <member type="way" ref="330099603" role=""/>
  <member type="way" ref="222722821" role=""/>
  <member type="way" ref="222722823" role=""/>
  <member type="way" ref="222722820" role=""/>
  <member type="way" ref="222722815" role=""/>
  <member type="way" ref="222722807" role=""/>
  <member type="way" ref="222722806" role=""/>
  <member type="way" ref="222722810" role=""/>
  <member type="way" ref="222722801" role=""/>
  <member type="way" ref="222722805" role=""/>
  <member type="way" ref="222722808" role=""/>
  <member type="way" ref="222722817" role=""/>
  <member type="way" ref="141107501" role=""/>
  <member type="way" ref="1123097167" role=""/>
  <member type="way" ref="222722825" role=""/>
  <member type="way" ref="1245889511" role=""/>
  <member type="way" ref="1547332285" role=""/>
  <member type="way" ref="239828261" role=""/>
  <member type="way" ref="1532243013" role=""/>
  <member type="way" ref="1532243012" role=""/>
  <member type="way" ref="239828270" role=""/>
  <member type="way" ref="239712566" role=""/>
  <member type="way" ref="462226926" role=""/>
  <member type="way" ref="25656824" role=""/>
  <member type="way" ref="239373398" role=""/>
  <member type="way" ref="239373397" role=""/>
  <member type="way" ref="462226925" role=""/>
  <member type="way" ref="255176473" role=""/>
  <member type="way" ref="526398339" role=""/>
  <member type="way" ref="526398337" role=""/>
  <member type="way" ref="239704377" role=""/>
  <member type="way" ref="239704376" role=""/>
  <member type="way" ref="239375294" role=""/>
  <member type="way" ref="462225087" role=""/>
  <member type="way" ref="75042001" role=""/>
  <member type="way" ref="239703124" role=""/>
  <member type="way" ref="239703125" role=""/>
  <member type="way" ref="717453288" role=""/>
  <tag k="from" v="ТЦ &quot;Изумруд&quot;"/>
  <tag k="interval" v="00:25"/>
  <tag k="name" v="Автобус 29: ТЦ &quot;Изумруд&quot; - Бухта Воевода"/>
  <tag k="opening_hours" v="Mo-Su 06:00-24:00"/>
  <tag k="public_transport:version" v="2"/>
  <tag k="ref" v="29"/>
  <tag k="route" v="bus"/>
  <tag k="to" v="Бухта Воевода"/>
  <tag k="type" v="route"/>
 </relation>
 <relation id="15421387" visible="true" version="9" changeset="142989657" timestamp="2023-10-22T22:24:29Z" user="SomeoneElse" uid="61942">
  <member type="node" ref="4545477675" role="platform"/>
  <member type="node" ref="4545477673" role="platform"/>
  <member type="node" ref="6146537223" role="platform"/>
  <member type="node" ref="5302729501" role="platform"/>
  <member type="node" ref="4519498505" role="platform"/>
  <member type="node" ref="4519498507" role="platform"/>
  <member type="node" ref="4519498508" role="platform"/>
  <member type="node" ref="4519498510" role="platform"/>
  <member type="node" ref="4556064927" role="platform"/>
  <member type="node" ref="1107301390" role="platform"/>
  <member type="node" ref="1117900665" role="platform"/>
  <member type="node" ref="1966625184" role="platform"/>
  <member type="node" ref="4561278777" role="platform"/>
  <member type="node" ref="4561278780" role="platform"/>
  <member type="node" ref="4561278783" role="platform"/>
  <member type="node" ref="4561278786" role="platform"/>
  <member type="node" ref="4561279089" role="platform"/>
  <member type="node" ref="4561279092" role="platform"/>
  <member type="node" ref="4561279095" role="platform"/>
  <member type="node" ref="4561279098" role="platform"/>
  <member type="node" ref="4564701321" role="platform"/>
  <member type="node" ref="4564701325" role="platform"/>
  <member type="node" ref="4564701330" role="platform"/>
  <member type="node" ref="1542001077" role="platform"/>
  <member type="node" ref="4564688171" role="platform"/>
  <member type="node" ref="4564687508" role="platform"/>
  <member type="node" ref="4564687511" role="platform"/>
  <member type="node" ref="4564687514" role="platform"/>
  <member type="node" ref="4564687513" role="platform"/>
  <member type="node" ref="4564687518" role="platform"/>
  <member type="way" ref="458432526" role=""/>
  <member type="way" ref="91832804" role=""/>
  <member type="way" ref="219616127" role=""/>
  <member type="way" ref="169917593" role=""/>
  <member type="way" ref="315599207" role=""/>
  <member type="way" ref="91832803" role=""/>
  <member type="way" ref="1136496068" role=""/>
  <member type="way" ref="1136496070" role=""/>
  <member type="way" ref="330254504" role=""/>
  <member type="way" ref="156126829" role=""/>
  <member type="way" ref="79733026" role=""/>
  <member type="way" ref="110606549" role=""/>
  <member type="way" ref="1194187316" role=""/>
  <member type="way" ref="24332235" role=""/>
  <member type="way" ref="462258504" role=""/>
  <member type="way" ref="24332236" role=""/>
  <member type="way" ref="27660148" role=""/>
  <member type="way" ref="27659856" role=""/>
  <member type="way" ref="148645122" role=""/>
  <member type="way" ref="462035663" role=""/>
  <member type="way" ref="462252640" role=""/>
  <member type="way" ref="27659820" role=""/>
  <member type="way" ref="27659866" role=""/>
  <member type="way" ref="483560015" role=""/>
  <member type="way" ref="27659873" role=""/>
  <member type="way" ref="187765918" role=""/>
  <member type="way" ref="460650374" role=""/>
  <member type="way" ref="27660230" role=""/>
  <member type="way" ref="27660234" role=""/>
  <member type="way" ref="47026373" role=""/>
  <member type="way" ref="156268453" role=""/>
  <member type="way" ref="158017744" role=""/>
  <member type="way" ref="461257814" role=""/>
  <member type="way" ref="27660394" role=""/>
  <member type="way" ref="95602064" role=""/>
  <member type="way" ref="94337404" role=""/>
  <member type="way" ref="179383651" role=""/>
  <member type="way" ref="864553447" role=""/>
  <member type="way" ref="110606548" role=""/>
  <member type="way" ref="702174066" role=""/>
  <member type="way" ref="1065501159" role=""/>
  <member type="way" ref="346402810" role=""/>
  <member type="way" ref="177319016" role=""/>
  <member type="way" ref="79605983" role=""/>
  <member type="way" ref="513479509" role=""/>
  <member type="way" ref="439764517" role=""/>
  <member type="way" ref="203493093" role=""/>
  <member type="way" ref="253433075" role=""/>
  <member type="way" ref="256029758" role=""/>
  <member type="way" ref="1059214990" role=""/>
  <member type="way" ref="165561362" role=""/>
  <member type="way" ref="165561361" role=""/>
  <member type="way" ref="190403932" role=""/>
  <member type="way" ref="157482114" role=""/>
  <member type="way" ref="462215613" role=""/>
  <member type="way" ref="140654331" role=""/>
  <member type="way" ref="225398485" role=""/>
  <member type="way" ref="263911922" role=""/>
  <member type="way" ref="263911923" role=""/>
  <member type="way" ref="495977245" role=""/>
  <member type="way" ref="154435201" role=""/>
  <member type="way" ref="183843125" role=""/>
  <member type="way" ref="544253211" role=""/>
  <member type="way" ref="544253212" role=""/>
  <member type="way" ref="154441500" role=""/>
  <member type="way" ref="172243816" role=""/>
  <member type="way" ref="172243817" role=""/>
  <member type="way" ref="82587225" role=""/>
  <member type="way" ref="82587227" role=""/>
  <member type="way" ref="146995773" role=""/>
  <member type="way" ref="146995774" role=""/>
  <member type="way" ref="25663691" role=""/>
  <member type="way" ref="460878972" role=""/>
  <tag k="from" v="Фуникулер"/>
  <tag k="name" v="Автобус 25: Фуникулер - Бухта Емар"/>
  <tag k="ref" v="25"/>
  <tag k="route" v="bus"/>
  <tag k="to" v="Бухта Емар"/>
  <tag k="type" v="route"/>
 </relation>
 <relation id="15421388" visible="true" version="9" changeset="142989657" timestamp="2023-10-22T22:24:29Z" user="SomeoneElse" uid="61942">
  <member type="node" ref="4564687519" role="platform"/>
  <member type="node" ref="4564687517" role="platform"/>
  <member type="node" ref="4564687515" role="platform"/>
  <member type="node" ref="4564687512" role="platform"/>
  <member type="node" ref="4564687509" role="platform"/>
  <member type="node" ref="4564688172" role="platform"/>
  <member type="node" ref="4564688168" role="platform"/>
  <member type="node" ref="4564701327" role="platform"/>
  <member type="node" ref="4564701324" role="platform"/>
  <member type="node" ref="4564701322" role="platform"/>
  <member type="node" ref="4561279099" role="platform"/>
  <member type="node" ref="4561279094" role="platform"/>
  <member type="node" ref="4561279091" role="platform"/>
  <member type="node" ref="4561278787" role="platform"/>
  <member type="node" ref="4780202823" role="platform"/>
  <member type="node" ref="4561278782" role="platform"/>
  <member type="node" ref="4561278776" role="platform"/>
  <member type="node" ref="1046987209" role="platform"/>
  <member type="node" ref="1117900661" role="platform"/>
  <member type="node" ref="1108501129" role="platform"/>
  <member type="node" ref="4556064926" role="platform"/>
  <member type="node" ref="4519498511" role="platform"/>
  <member type="node" ref="4519498509" role="platform"/>
  <member type="node" ref="4519498504" role="platform"/>
  <member type="node" ref="1685290098" role="platform"/>
  <member type="node" ref="1810755215" role="platform"/>
  <member type="node" ref="4519498492" role="platform"/>
  <member type="node" ref="4545477670" role="platform"/>
  <member type="node" ref="4545477669" role="platform"/>
  <member type="way" ref="330254514" role="platform"/>
  <member type="node" ref="4545477668" role="platform"/>
  <member type="node" ref="4561278785" role=""/>
  <member type="way" ref="460878972" role=""/>
  <member type="way" ref="25663691" role=""/>
  <member type="way" ref="146995774" role=""/>
  <member type="way" ref="146995773" role=""/>
  <member type="way" ref="82587227" role=""/>
  <member type="way" ref="82587225" role=""/>
  <member type="way" ref="172243816" role=""/>
  <member type="way" ref="154441500" role=""/>
  <member type="way" ref="544253212" role=""/>
  <member type="way" ref="544253211" role=""/>
  <member type="way" ref="183843125" role=""/>
  <member type="way" ref="154435201" role=""/>
  <member type="way" ref="495977245" role=""/>
  <member type="way" ref="263911923" role=""/>
  <member type="way" ref="1010800299" role=""/>
  <member type="way" ref="1010800298" role=""/>
  <member type="way" ref="369432845" role=""/>
  <member type="way" ref="142455615" role=""/>
  <member type="way" ref="25663098" role=""/>
  <member type="way" ref="462215614" role=""/>
  <member type="way" ref="256036551" role=""/>
  <member type="way" ref="163368715" role=""/>
  <member type="way" ref="90389768" role=""/>
  <member type="way" ref="256029757" role=""/>
  <member type="way" ref="253433077" role=""/>
  <member type="way" ref="203493094" role=""/>
  <member type="way" ref="90389772" role=""/>
  <member type="way" ref="513479506" role=""/>
  <member type="way" ref="95920207" role=""/>
  <member type="way" ref="1066593438" role=""/>
  <member type="way" ref="1065501160" role=""/>
  <member type="way" ref="702174067" role=""/>
  <member type="way" ref="179383653" role=""/>
  <member type="way" ref="864553446" role=""/>
  <member type="way" ref="110606546" role=""/>
  <member type="way" ref="443856698" role=""/>
  <member type="way" ref="186256173" role=""/>
  <member type="way" ref="461257813" role=""/>
  <member type="way" ref="47026372" role=""/>
  <member type="way" ref="47971175" role=""/>
  <member type="way" ref="47971173" role=""/>
  <member type="way" ref="47971174" role=""/>
  <member type="way" ref="255187027" role=""/>
  <member type="way" ref="27660221" role=""/>
  <member type="way" ref="27660218" role=""/>
  <member type="way" ref="187765919" role=""/>
  <member type="way" ref="483560016" role=""/>
  <member type="way" ref="27660193" role=""/>
  <member type="way" ref="462252641" role=""/>
  <member type="way" ref="169917010" role=""/>
  <member type="way" ref="519178901" role=""/>
  <member type="way" ref="459880900" role=""/>
  <member type="way" ref="30450235" role=""/>
  <member type="way" ref="27660168" role=""/>
  <member type="way" ref="78043268" role=""/>
  <member type="way" ref="156269123" role=""/>
  <member type="way" ref="462257892" role=""/>
  <member type="way" ref="459083815" role=""/>
  <member type="way" ref="33686741" role=""/>
  <member type="way" ref="200893305" role=""/>
  <member type="way" ref="200893306" role=""/>
  <member type="way" ref="478023609" role=""/>
  <member type="way" ref="200893310" role=""/>
  <member type="way" ref="459962960" role=""/>
  <member type="way" ref="762171076" role=""/>
  <member type="way" ref="245017755" role=""/>
  <member type="way" ref="176215770" role=""/>
  <member type="way" ref="458565200" role=""/>
  <member type="way" ref="245775876" role=""/>
  <member type="way" ref="179632846" role=""/>
  <member type="way" ref="102414068" role=""/>
  <member type="way" ref="219616126" role=""/>
  <member type="node" ref="4545477675" role="platform"/>
  <tag k="from" v="Бухта Емар"/>
  <tag k="name" v="Автобус 25: Бухта Емар - Фуникулер"/>
  <tag k="ref" v="25"/>
  <tag k="route" v="bus"/>
  <tag k="to" v="Фуникулер"/>
  <tag k="type" v="route"/>
 </relation>
 <relation id="15421389" visible="true" version="1" changeset="131991722" timestamp="2023-02-02T08:22:21Z" user="Pushen Mike" uid="13997304">
  <member type="relation" ref="15421387" role=""/>
  <member type="relation" ref="15421388" role=""/>
  <tag k="name" v="Автобус 25: Фуникулер - Бухта Емар"/>
  <tag k="route" v="bus"/>
  <tag k="type" v="route_master"/>
 </relation>
 <relation id="15488750" visible="true" version="46" changeset="189433724" timestamp="2026-09-23T07:19:04Z" user="Anatoly Agafonov" uid="18914919">
  <member type="node" ref="3753560350" role="platform"/>
  <member type="node" ref="749347734" role="platform"/>
  <member type="node" ref="261696812" role="platform"/>
  <member type="node" ref="10673501905" role="platform"/>
  <member type="node" ref="10607839948" role="platform"/>
  <member type="node" ref="10673487603" role="platform"/>
  <member type="node" ref="4748208821" role="platform"/>
  <member type="node" ref="7185617639" role="platform"/>
  <member type="node" ref="2215247135" role="platform"/>
  <member type="way" ref="1093690232" role=""/>
  <member type="way" ref="109824918" role=""/>
  <member type="way" ref="483871327" role=""/>
  <member type="way" ref="1147507674" role=""/>
  <member type="way" ref="25993282" role=""/>
  <member type="way" ref="474733023" role=""/>
  <member type="way" ref="109830440" role=""/>
  <member type="way" ref="109830441" role=""/>
  <member type="way" ref="474733025" role=""/>
  <member type="way" ref="1146421450" role=""/>
  <member type="way" ref="123533034" role=""/>
  <member type="way" ref="438224136" role=""/>
  <member type="way" ref="944090745" role=""/>
  <member type="way" ref="944090744" role=""/>
  <member type="way" ref="944090743" role=""/>
  <member type="way" ref="438224137" role=""/>
  <member type="way" ref="123533035" role=""/>
  <member type="way" ref="894062939" role=""/>
  <member type="way" ref="1146168206" role=""/>
  <member type="way" ref="61225261" role=""/>
  <member type="way" ref="1135010201" role=""/>
  <member type="way" ref="1145063145" role=""/>
  <member type="way" ref="1110610847" role=""/>
  <member type="way" ref="899368351" role=""/>
  <member type="way" ref="899368349" role=""/>
  <member type="way" ref="905407490" role=""/>
  <member type="way" ref="1561510536" role=""/>
  <member type="way" ref="32083454" role=""/>
  <member type="way" ref="123169245" role=""/>
  <member type="way" ref="378594477" role=""/>
  <member type="way" ref="54463368" role=""/>
  <member type="way" ref="54463380" role=""/>
  <member type="way" ref="122926998" role=""/>
  <member type="way" ref="122926995" role=""/>
  <member type="way" ref="1147071280" role=""/>
  <member type="way" ref="122926996" role=""/>
  <member type="way" ref="1418223857" role=""/>
  <member type="way" ref="1418223856" role=""/>
  <member type="way" ref="60271589" role=""/>
  <member type="way" ref="60271576" role=""/>
  <member type="way" ref="60271594" role=""/>
  <member type="way" ref="1147071282" role=""/>
  <member type="way" ref="60271584" role=""/>
  <member type="way" ref="60271585" role=""/>
  <member type="way" ref="54355218" role=""/>
  <member type="way" ref="54355223" role=""/>
  <member type="way" ref="1381285101" role=""/>
  <member type="way" ref="1145536306" role=""/>
  <member type="way" ref="1371940853" role=""/>
  <member type="way" ref="610920516" role=""/>
  <member type="way" ref="791188700" role=""/>
  <member type="way" ref="60270356" role=""/>
  <member type="way" ref="791188701" role=""/>
  <member type="way" ref="791188703" role=""/>
  <member type="way" ref="477433207" role=""/>
  <member type="way" ref="125933656" role=""/>
  <member type="way" ref="441626222" role=""/>
  <member type="way" ref="610920517" role=""/>
  <member type="way" ref="754766132" role=""/>
  <member type="way" ref="1473915678" role=""/>
  <member type="way" ref="1146846312" role=""/>
  <member type="way" ref="1146846313" role=""/>
  <member type="way" ref="1146846314" role=""/>
  <member type="way" ref="630802982" role=""/>
  <member type="way" ref="405419428" role=""/>
  <member type="way" ref="710790735" role=""/>
  <member type="way" ref="710790736" role=""/>
  <member type="way" ref="710790738" role=""/>
  <member type="way" ref="1145555782" role=""/>
  <member type="way" ref="710790737" role=""/>
  <member type="way" ref="1217945016" role=""/>
  <member type="way" ref="1117732497" role=""/>
  <member type="way" ref="1117732495" role=""/>
  <member type="way" ref="1117732496" role=""/>
  <member type="way" ref="1217944685" role=""/>
  <member type="way" ref="1217944320" role=""/>
  <member type="way" ref="1217944253" role=""/>
  <member type="way" ref="1217944252" role=""/>
  <member type="way" ref="1217943780" role=""/>
  <member type="way" ref="1217943704" role=""/>
  <member type="way" ref="1217943703" role=""/>
  <member type="way" ref="32086265" role=""/>
  <member type="way" ref="32086266" role=""/>
  <member type="way" ref="1145555773" role=""/>
  <member type="way" ref="32086258" role=""/>
  <member type="way" ref="60630218" role=""/>
  <member type="way" ref="60630220" role=""/>
  <member type="way" ref="594788171" role=""/>
  <member type="way" ref="594788170" role=""/>
  <member type="way" ref="639572271" role=""/>
  <member type="way" ref="708413348" role=""/>
  <member type="way" ref="689601771" role=""/>
  <member type="way" ref="689601772" role=""/>
  <member type="way" ref="689601774" role=""/>
  <member type="way" ref="689601773" role=""/>
  <member type="way" ref="512837646" role=""/>
  <member type="way" ref="512837652" role=""/>
  <member type="way" ref="81043315" role=""/>
  <member type="way" ref="1474054545" role=""/>
  <member type="way" ref="172524039" role=""/>
  <member type="way" ref="24159780" role=""/>
  <member type="way" ref="1145555774" role=""/>
  <member type="way" ref="1222119027" role=""/>
  <member type="way" ref="477879665" role=""/>
  <member type="way" ref="714334188" role=""/>
  <member type="way" ref="1145586038" role=""/>
  <member type="way" ref="1222119127" role=""/>
  <member type="way" ref="1222119361" role=""/>
  <member type="way" ref="1082204630" role=""/>
  <member type="way" ref="1081318109" role=""/>
  <member type="way" ref="1081318108" role=""/>
  <member type="way" ref="1081318107" role=""/>
  <member type="way" ref="223153561" role=""/>
  <member type="way" ref="134632081" role=""/>
  <member type="way" ref="156312000" role=""/>
  <member type="way" ref="243560868" role=""/>
  <member type="way" ref="243560852" role=""/>
  <member type="way" ref="1145586042" role=""/>
  <member type="way" ref="1145586041" role=""/>
  <member type="way" ref="243560858" role=""/>
  <member type="way" ref="1145586043" role=""/>
  <member type="way" ref="243560853" role=""/>
  <member type="way" ref="243560861" role=""/>
  <member type="way" ref="243560860" role=""/>
  <member type="way" ref="243560862" role=""/>
  <member type="way" ref="243560865" role=""/>
  <member type="way" ref="1138015645" role=""/>
  <member type="way" ref="326177681" role=""/>
  <member type="way" ref="326177682" role=""/>
  <member type="way" ref="326177679" role=""/>
  <member type="way" ref="615350599" role=""/>
  <member type="way" ref="1460433430" role=""/>
  <member type="way" ref="157487544" role=""/>
  <member type="way" ref="1460433429" role=""/>
  <member type="way" ref="157487543" role=""/>
  <member type="way" ref="1460433435" role=""/>
  <member type="way" ref="1460433433" role=""/>
  <member type="way" ref="157487095" role=""/>
  <member type="way" ref="1460433428" role=""/>
  <member type="way" ref="157487545" role=""/>
  <member type="way" ref="157487542" role=""/>
  <member type="way" ref="25450774" role=""/>
  <member type="way" ref="90960100" role=""/>
  <member type="way" ref="90960099" role=""/>
  <member type="way" ref="157487094" role=""/>
  <member type="way" ref="157487092" role=""/>
  <member type="way" ref="157487093" role=""/>
  <member type="way" ref="90956564" role=""/>
  <member type="way" ref="90956566" role=""/>
  <member type="way" ref="189982587" role=""/>
  <member type="way" ref="189982586" role=""/>
  <member type="way" ref="1446207983" role=""/>
  <member type="way" ref="109962696" role=""/>
  <member type="way" ref="1446207982" role=""/>
  <member type="way" ref="1446207985" role=""/>
  <member type="way" ref="1446207984" role=""/>
  <member type="way" ref="1446207986" role=""/>
  <member type="way" ref="1447608690" role=""/>
  <member type="way" ref="1447608691" role=""/>
  <member type="way" ref="109962681" role=""/>
  <member type="way" ref="135355650" role=""/>
  <member type="way" ref="172527673" role=""/>
  <member type="way" ref="172527672" role=""/>
  <member type="way" ref="109964701" role=""/>
  <member type="way" ref="109964699" role=""/>
  <member type="way" ref="851432342" role=""/>
  <member type="way" ref="851432341" role=""/>
  <member type="way" ref="851432344" role=""/>
  <member type="way" ref="189985074" role=""/>
  <member type="way" ref="1536781058" role=""/>
  <member type="way" ref="1536781059" role=""/>
  <member type="way" ref="1366107327" role=""/>
  <member type="way" ref="1536781060" role=""/>
  <member type="way" ref="1539308445" role=""/>
  <member type="way" ref="189985071" role=""/>
  <member type="way" ref="1502344353" role=""/>
  <member type="way" ref="1502344352" role=""/>
  <member type="way" ref="157486314" role=""/>
  <member type="way" ref="157486313" role=""/>
  <member type="way" ref="157486312" role=""/>
  <member type="way" ref="1536781057" role=""/>
  <member type="way" ref="157486315" role=""/>
  <member type="way" ref="157486316" role=""/>
  <member type="way" ref="1290350904" role=""/>
  <member type="way" ref="1446202244" role=""/>
  <member type="way" ref="1446202245" role=""/>
  <member type="way" ref="1446202246" role=""/>
  <member type="way" ref="1446202247" role=""/>
  <member type="way" ref="1446202248" role=""/>
  <member type="way" ref="1446202249" role=""/>
  <member type="way" ref="189985073" role=""/>
  <member type="way" ref="1138015642" role=""/>
  <member type="way" ref="189985072" role=""/>
  <member type="way" ref="25657773" role=""/>
  <member type="way" ref="888019165" role=""/>
  <member type="way" ref="157484833" role=""/>
  <member type="way" ref="771229505" role=""/>
  <member type="way" ref="715292155" role=""/>
  <member type="way" ref="25657613" role=""/>
  <member type="way" ref="90946629" role=""/>
  <member type="way" ref="90946631" role=""/>
  <member type="way" ref="776397908" role=""/>
  <member type="way" ref="1138015646" role=""/>
  <member type="way" ref="189985910" role=""/>
  <member type="way" ref="189985909" role=""/>
  <member type="way" ref="776397907" role=""/>
  <member type="way" ref="177321488" role=""/>
  <member type="way" ref="620563712" role=""/>
  <member type="way" ref="1451911657" role=""/>
  <member type="way" ref="1451911653" role=""/>
  <member type="way" ref="1451911656" role=""/>
  <member type="way" ref="620563709" role=""/>
  <member type="way" ref="481956411" role=""/>
  <member type="way" ref="1138071514" role=""/>
  <member type="way" ref="25652083" role=""/>
  <member type="way" ref="776397906" role=""/>
  <member type="way" ref="203493089" role=""/>
  <member type="way" ref="177320925" role=""/>
  <member type="way" ref="177320928" role=""/>
  <member type="way" ref="746269451" role=""/>
  <member type="way" ref="746269450" role=""/>
  <member type="way" ref="746269448" role=""/>
  <member type="way" ref="746269449" role=""/>
  <member type="way" ref="253432631" role=""/>
  <member type="way" ref="256044059" role=""/>
  <member type="way" ref="256044058" role=""/>
  <member type="way" ref="25652079" role=""/>
  <member type="way" ref="439764520" role=""/>
  <member type="way" ref="789130643" role=""/>
  <member type="way" ref="256042286" role=""/>
  <member type="way" ref="25652063" role=""/>
  <member type="way" ref="77909056" role=""/>
  <member type="way" ref="164658408" role=""/>
  <member type="way" ref="461069683" role=""/>
  <member type="way" ref="461066697" role=""/>
  <member type="way" ref="371157672" role=""/>
  <member type="way" ref="79605992" role=""/>
  <member type="way" ref="77908915" role=""/>
  <member type="way" ref="461066696" role=""/>
  <member type="way" ref="461261479" role=""/>
  <member type="way" ref="107969440" role=""/>
  <member type="way" ref="994701814" role=""/>
  <member type="way" ref="461301746" role=""/>
  <member type="way" ref="138671309" role=""/>
  <member type="way" ref="461264879" role=""/>
  <member type="way" ref="474285064" role=""/>
  <member type="way" ref="79605984" role=""/>
  <member type="way" ref="474285062" role=""/>
  <member type="way" ref="463954333" role=""/>
  <member type="way" ref="461766903" role=""/>
  <member type="way" ref="140089655" role=""/>
  <member type="way" ref="645157872" role=""/>
  <member type="way" ref="140089656" role=""/>
  <member type="way" ref="460892451" role=""/>
  <member type="way" ref="460473725" role=""/>
  <member type="way" ref="157482112" role=""/>
  <member type="way" ref="157482113" role=""/>
  <member type="way" ref="460893226" role=""/>
  <member type="way" ref="462215614" role=""/>
  <member type="way" ref="256036551" role=""/>
  <member type="way" ref="163368715" role=""/>
  <member type="way" ref="90389768" role=""/>
  <member type="way" ref="256029757" role=""/>
  <member type="way" ref="253433077" role=""/>
  <member type="way" ref="203493094" role=""/>
  <member type="way" ref="90389772" role=""/>
  <member type="way" ref="513479506" role=""/>
  <member type="way" ref="95920207" role=""/>
  <member type="way" ref="1066593438" role=""/>
  <member type="way" ref="1065501160" role=""/>
  <member type="way" ref="702174067" role=""/>
  <member type="way" ref="179383653" role=""/>
  <member type="way" ref="864553446" role=""/>
  <member type="way" ref="110606546" role=""/>
  <member type="way" ref="443856698" role=""/>
  <member type="way" ref="186256173" role=""/>
  <member type="way" ref="461257813" role=""/>
  <member type="way" ref="47026372" role=""/>
  <member type="way" ref="461269530" role=""/>
  <member type="way" ref="461269528" role=""/>
  <member type="way" ref="122241978" role=""/>
  <member type="way" ref="178925209" role=""/>
  <member type="way" ref="788919929" role=""/>
  <member type="way" ref="196285049" role=""/>
  <member type="way" ref="47246726" role=""/>
  <member type="way" ref="200891150" role=""/>
  <member type="way" ref="788919930" role=""/>
  <member type="way" ref="769787972" role=""/>
  <member type="way" ref="769787971" role=""/>
  <member type="way" ref="455557547" role=""/>
  <member type="way" ref="178925208" role=""/>
  <member type="way" ref="461269529" role=""/>
  <member type="way" ref="461269527" role=""/>
  <member type="way" ref="196285054" role=""/>
  <member type="way" ref="47971174" role=""/>
  <member type="way" ref="255187027" role=""/>
  <member type="way" ref="27660221" role=""/>
  <member type="way" ref="27660218" role=""/>
  <member type="way" ref="187765919" role=""/>
  <member type="way" ref="483560016" role=""/>
  <member type="way" ref="27660193" role=""/>
  <member type="way" ref="462252641" role=""/>
  <member type="way" ref="169917010" role=""/>
  <member type="way" ref="519178901" role=""/>
  <member type="way" ref="459880900" role=""/>
  <member type="way" ref="30450235" role=""/>
  <member type="way" ref="27660168" role=""/>
  <member type="way" ref="78043268" role=""/>
  <member type="way" ref="156269123" role=""/>
  <member type="way" ref="462257892" role=""/>
  <member type="way" ref="459083815" role=""/>
  <member type="way" ref="33686741" role=""/>
  <member type="way" ref="200893305" role=""/>
  <member type="way" ref="478023608" role=""/>
  <member type="way" ref="478023609" role=""/>
  <member type="way" ref="24205843" role=""/>
  <member type="way" ref="200893310" role=""/>
  <member type="way" ref="459962960" role=""/>
  <member type="way" ref="762171076" role=""/>
  <member type="way" ref="245017755" role=""/>
  <member type="way" ref="330254514" role=""/>
  <member type="way" ref="161753970" role=""/>
  <member type="way" ref="1237991975" role=""/>
  <member type="way" ref="456702744" role=""/>
  <member type="way" ref="161753985" role=""/>
  <member type="way" ref="178090080" role=""/>
  <member type="way" ref="161753993" role=""/>
  <member type="way" ref="186711507" role=""/>
  <member type="way" ref="330254502" role=""/>
  <member type="way" ref="161753979" role=""/>
  <member type="way" ref="460855933" role=""/>
  <member type="way" ref="461766441" role=""/>
  <member type="way" ref="50278152" role=""/>
  <member type="way" ref="106864766" role=""/>
  <member type="way" ref="513479507" role=""/>
  <member type="way" ref="496001817" role=""/>
  <member type="way" ref="461803495" role=""/>
  <member type="way" ref="176906834" role=""/>
  <member type="way" ref="347456924" role=""/>
  <member type="way" ref="370678633" role=""/>
  <member type="way" ref="176906838" role=""/>
  <member type="way" ref="176265462" role=""/>
  <member type="way" ref="826999074" role=""/>
  <member type="way" ref="460075859" role=""/>
  <member type="way" ref="161753973" role=""/>
  <member type="way" ref="161753988" role=""/>
  <member type="way" ref="176265465" role=""/>
  <member type="way" ref="176906456" role=""/>
  <member type="way" ref="401868418" role=""/>
  <member type="way" ref="456699269" role=""/>
  <member type="way" ref="176906236" role=""/>
  <member type="way" ref="176906239" role=""/>
  <member type="way" ref="235135575" role=""/>
  <member type="way" ref="176265899" role=""/>
  <member type="way" ref="1192773970" role=""/>
  <member type="way" ref="176905611" role=""/>
  <member type="way" ref="222724095" role=""/>
  <member type="way" ref="222724073" role=""/>
  <member type="way" ref="491505155" role=""/>
  <member type="way" ref="1298681615" role=""/>
  <member type="way" ref="1332789624" role=""/>
  <member type="way" ref="462225086" role=""/>
  <member type="way" ref="222724100" role=""/>
  <member type="way" ref="1164984444" role=""/>
  <member type="way" ref="222724094" role=""/>
  <member type="way" ref="222724084" role=""/>
  <member type="way" ref="1154150108" role=""/>
  <member type="way" ref="222724088" role=""/>
  <member type="way" ref="494790182" role=""/>
  <member type="way" ref="176265901" role=""/>
  <tag k="from" v="Михайловка"/>
  <tag k="name" v="Автобус 545: Михайловка - Владивосток (кампус ДВФУ)"/>
  <tag k="ref" v="545"/>
  <tag k="route" v="bus"/>
  <tag k="to" v="Владивосток (кампус ДВФУ)"/>
  <tag k="type" v="route"/>
 </relation>
 <relation id="15488751" visible="true" version="46" changeset="189433724" timestamp="2026-09-23T07:19:04Z" user="Anatoly Agafonov" uid="18914919">
  <member type="node" ref="7185617639" role="platform"/>
  <member type="node" ref="5150878042" role="platform"/>
  <member type="node" ref="10673487602" role="platform"/>
  <member type="node" ref="10673487604" role="platform"/>
  <member type="node" ref="10673501906" role="platform"/>
  <member type="node" ref="261696812" role="platform"/>
  <member type="node" ref="749347734" role="platform"/>
  <member type="node" ref="2215247135" role=""/>
  <member type="way" ref="1011043757" role=""/>
  <member type="way" ref="222724089" role=""/>
  <member type="way" ref="222724083" role=""/>
  <member type="way" ref="1154150109" role=""/>
  <member type="way" ref="222724097" role=""/>
  <member type="way" ref="222724098" role=""/>
  <member type="way" ref="1164984445" role=""/>
  <member type="way" ref="462227076" role=""/>
  <member type="way" ref="222724096" role=""/>
  <member type="way" ref="1332789622" role=""/>
  <member type="way" ref="491512581" role=""/>
  <member type="way" ref="222724075" role=""/>
  <member type="way" ref="222724092" role=""/>
  <member type="way" ref="222724080" role=""/>
  <member type="way" ref="223935543" role=""/>
  <member type="way" ref="458565210" role=""/>
  <member type="way" ref="176265912" role=""/>
  <member type="way" ref="235135577" role=""/>
  <member type="way" ref="45790339" role=""/>
  <member type="way" ref="147106312" role=""/>
  <member type="way" ref="456699268" role=""/>
  <member type="way" ref="961771909" role=""/>
  <member type="way" ref="401889903" role=""/>
  <member type="way" ref="182085044" role=""/>
  <member type="way" ref="176265459" role=""/>
  <member type="way" ref="176265464" role=""/>
  <member type="way" ref="187780201" role=""/>
  <member type="way" ref="176265461" role=""/>
  <member type="way" ref="460075858" role=""/>
  <member type="way" ref="176265463" role=""/>
  <member type="way" ref="340799566" role=""/>
  <member type="way" ref="489025640" role=""/>
  <member type="way" ref="161753989" role=""/>
  <member type="way" ref="161753991" role=""/>
  <member type="way" ref="347456925" role=""/>
  <member type="way" ref="458964939" role=""/>
  <member type="way" ref="457961230" role=""/>
  <member type="way" ref="178090100" role=""/>
  <member type="way" ref="178090099" role=""/>
  <member type="way" ref="457961229" role=""/>
  <member type="way" ref="460855934" role=""/>
  <member type="way" ref="762740039" role=""/>
  <member type="way" ref="178090087" role=""/>
  <member type="way" ref="178090098" role=""/>
  <member type="way" ref="330254503" role=""/>
  <member type="way" ref="186711508" role=""/>
  <member type="way" ref="178090081" role=""/>
  <member type="way" ref="178090085" role=""/>
  <member type="way" ref="178090093" role=""/>
  <member type="way" ref="1136496066" role=""/>
  <member type="way" ref="458565201" role=""/>
  <member type="way" ref="187776381" role=""/>
  <member type="way" ref="1136496070" role=""/>
  <member type="way" ref="762171075" role=""/>
  <member type="way" ref="330254504" role=""/>
  <member type="way" ref="156126829" role=""/>
  <member type="way" ref="79733026" role=""/>
  <member type="way" ref="194038239" role=""/>
  <member type="way" ref="110606549" role=""/>
  <member type="way" ref="156268452" role=""/>
  <member type="way" ref="1194187316" role=""/>
  <member type="way" ref="24332235" role=""/>
  <member type="way" ref="462258504" role=""/>
  <member type="way" ref="24332236" role=""/>
  <member type="way" ref="27660148" role=""/>
  <member type="way" ref="27659856" role=""/>
  <member type="way" ref="148645122" role=""/>
  <member type="way" ref="462035663" role=""/>
  <member type="way" ref="462252640" role=""/>
  <member type="way" ref="27659820" role=""/>
  <member type="way" ref="27659866" role=""/>
  <member type="way" ref="483560015" role=""/>
  <member type="way" ref="27659873" role=""/>
  <member type="way" ref="187765918" role=""/>
  <member type="way" ref="460650374" role=""/>
  <member type="way" ref="27660230" role=""/>
  <member type="way" ref="27660234" role=""/>
  <member type="way" ref="47026373" role=""/>
  <member type="way" ref="156268453" role=""/>
  <member type="way" ref="122241981" role=""/>
  <member type="way" ref="461269530" role=""/>
  <member type="way" ref="461269528" role=""/>
  <member type="way" ref="122241978" role=""/>
  <member type="way" ref="178925209" role=""/>
  <member type="way" ref="788919929" role=""/>
  <member type="way" ref="196285049" role=""/>
  <member type="way" ref="47246726" role=""/>
  <member type="way" ref="200891150" role=""/>
  <member type="way" ref="788919930" role=""/>
  <member type="way" ref="769787972" role=""/>
  <member type="way" ref="769787971" role=""/>
  <member type="way" ref="455557547" role=""/>
  <member type="way" ref="178925208" role=""/>
  <member type="way" ref="461269529" role=""/>
  <member type="way" ref="461269527" role=""/>
  <member type="way" ref="455557550" role=""/>
  <member type="way" ref="47971176" role=""/>
  <member type="way" ref="158017744" role=""/>
  <member type="way" ref="461257814" role=""/>
  <member type="way" ref="27660394" role=""/>
  <member type="way" ref="158017745" role=""/>
  <member type="way" ref="443856696" role=""/>
  <member type="way" ref="179383651" role=""/>
  <member type="way" ref="864553447" role=""/>
  <member type="way" ref="110606548" role=""/>
  <member type="way" ref="702174066" role=""/>
  <member type="way" ref="1065501159" role=""/>
  <member type="way" ref="346402810" role=""/>
  <member type="way" ref="177319016" role=""/>
  <member type="way" ref="79605983" role=""/>
  <member type="way" ref="513479509" role=""/>
  <member type="way" ref="439764517" role=""/>
  <member type="way" ref="203493093" role=""/>
  <member type="way" ref="253433075" role=""/>
  <member type="way" ref="256029758" role=""/>
  <member type="way" ref="1059214990" role=""/>
  <member type="way" ref="165561362" role=""/>
  <member type="way" ref="165561361" role=""/>
  <member type="way" ref="190403932" role=""/>
  <member type="way" ref="157482114" role=""/>
  <member type="way" ref="462215613" role=""/>
  <member type="way" ref="256036552" role=""/>
  <member type="way" ref="460892452" role=""/>
  <member type="way" ref="157482110" role=""/>
  <member type="way" ref="157482106" role=""/>
  <member type="way" ref="460663944" role=""/>
  <member type="way" ref="645157871" role=""/>
  <member type="way" ref="120366533" role=""/>
  <member type="way" ref="460663941" role=""/>
  <member type="way" ref="157482103" role=""/>
  <member type="way" ref="474285063" role=""/>
  <member type="way" ref="461066690" role=""/>
  <member type="way" ref="138671313" role=""/>
  <member type="way" ref="461066689" role=""/>
  <member type="way" ref="994701815" role=""/>
  <member type="way" ref="138671310" role=""/>
  <member type="way" ref="461301747" role=""/>
  <member type="way" ref="77908878" role=""/>
  <member type="way" ref="77908884" role=""/>
  <member type="way" ref="138671013" role=""/>
  <member type="way" ref="461066691" role=""/>
  <member type="way" ref="371157673" role=""/>
  <member type="way" ref="390910100" role=""/>
  <member type="way" ref="461069682" role=""/>
  <member type="way" ref="157484831" role=""/>
  <member type="way" ref="25652071" role=""/>
  <member type="way" ref="157484829" role=""/>
  <member type="way" ref="789130644" role=""/>
  <member type="way" ref="439764519" role=""/>
  <member type="way" ref="256042285" role=""/>
  <member type="way" ref="90940191" role=""/>
  <member type="way" ref="77911298" role=""/>
  <member type="way" ref="25651787" role=""/>
  <member type="way" ref="256042287" role=""/>
  <member type="way" ref="157484830" role=""/>
  <member type="way" ref="157484834" role=""/>
  <member type="way" ref="256044060" role=""/>
  <member type="way" ref="157484828" role=""/>
  <member type="way" ref="746270273" role=""/>
  <member type="way" ref="746270274" role=""/>
  <member type="way" ref="253432630" role=""/>
  <member type="way" ref="203493088" role=""/>
  <member type="way" ref="177320923" role=""/>
  <member type="way" ref="177320933" role=""/>
  <member type="way" ref="1496822780" role=""/>
  <member type="way" ref="1193630225" role=""/>
  <member type="way" ref="1193630226" role=""/>
  <member type="way" ref="1193630252" role=""/>
  <member type="way" ref="491972934" role=""/>
  <member type="way" ref="1138071517" role=""/>
  <member type="way" ref="888019178" role=""/>
  <member type="way" ref="1193630581" role=""/>
  <member type="way" ref="888019176" role=""/>
  <member type="way" ref="1058637367" role=""/>
  <member type="way" ref="1058637366" role=""/>
  <member type="way" ref="888019171" role=""/>
  <member type="way" ref="888019170" role=""/>
  <member type="way" ref="888019169" role=""/>
  <member type="way" ref="888019168" role=""/>
  <member type="way" ref="888019167" role=""/>
  <member type="way" ref="888019172" role=""/>
  <member type="way" ref="1138039254" role=""/>
  <member type="way" ref="888019166" role=""/>
  <member type="way" ref="25657773" role=""/>
  <member type="way" ref="189985072" role=""/>
  <member type="way" ref="1138015642" role=""/>
  <member type="way" ref="189985073" role=""/>
  <member type="way" ref="1290350904" role=""/>
  <member type="way" ref="1446202244" role=""/>
  <member type="way" ref="1446202245" role=""/>
  <member type="way" ref="1446202246" role=""/>
  <member type="way" ref="1446202247" role=""/>
  <member type="way" ref="1446202248" role=""/>
  <member type="way" ref="1446202249" role=""/>
  <member type="way" ref="157486316" role=""/>
  <member type="way" ref="157486315" role=""/>
  <member type="way" ref="1536781057" role=""/>
  <member type="way" ref="157486312" role=""/>
  <member type="way" ref="157486313" role=""/>
  <member type="way" ref="157486314" role=""/>
  <member type="way" ref="1502344352" role=""/>
  <member type="way" ref="1502344353" role=""/>
  <member type="way" ref="189985071" role=""/>
  <member type="way" ref="189985074" role=""/>
  <member type="way" ref="1536781058" role=""/>
  <member type="way" ref="1536781059" role=""/>
  <member type="way" ref="1366107327" role=""/>
  <member type="way" ref="1536781060" role=""/>
  <member type="way" ref="1539308445" role=""/>
  <member type="way" ref="851432344" role=""/>
  <member type="way" ref="851432341" role=""/>
  <member type="way" ref="851432342" role=""/>
  <member type="way" ref="109964699" role=""/>
  <member type="way" ref="109964701" role=""/>
  <member type="way" ref="172527672" role=""/>
  <member type="way" ref="172527673" role=""/>
  <member type="way" ref="135355650" role=""/>
  <member type="way" ref="109962681" role=""/>
  <member type="way" ref="1447608691" role=""/>
  <member type="way" ref="1447608690" role=""/>
  <member type="way" ref="1446207986" role=""/>
  <member type="way" ref="1446207984" role=""/>
  <member type="way" ref="1446207985" role=""/>
  <member type="way" ref="1446207982" role=""/>
  <member type="way" ref="109962696" role=""/>
  <member type="way" ref="1446207983" role=""/>
  <member type="way" ref="189982586" role=""/>
  <member type="way" ref="189982587" role=""/>
  <member type="way" ref="90956566" role=""/>
  <member type="way" ref="90956564" role=""/>
  <member type="way" ref="157487093" role=""/>
  <member type="way" ref="157487092" role=""/>
  <member type="way" ref="157487094" role=""/>
  <member type="way" ref="90960099" role=""/>
  <member type="way" ref="90960100" role=""/>
  <member type="way" ref="25450774" role=""/>
  <member type="way" ref="157487542" role=""/>
  <member type="way" ref="157487545" role=""/>
  <member type="way" ref="1460433428" role=""/>
  <member type="way" ref="157487095" role=""/>
  <member type="way" ref="1460433433" role=""/>
  <member type="way" ref="1460433435" role=""/>
  <member type="way" ref="157487543" role=""/>
  <member type="way" ref="1460433429" role=""/>
  <member type="way" ref="157487544" role=""/>
  <member type="way" ref="1460433430" role=""/>
  <member type="way" ref="326177677" role=""/>
  <member type="way" ref="357117275" role=""/>
  <member type="way" ref="206778396" role=""/>
  <member type="way" ref="206778394" role=""/>
  <member type="way" ref="310743202" role=""/>
  <member type="way" ref="310743201" role=""/>
  <member type="way" ref="327188714" role=""/>
  <member type="way" ref="109949409" role=""/>
  <member type="way" ref="157488379" role=""/>
  <member type="way" ref="157488380" role=""/>
  <member type="way" ref="243560866" role=""/>
  <member type="way" ref="1138015643" role=""/>
  <member type="way" ref="849085850" role=""/>
  <member type="way" ref="243560859" role=""/>
  <member type="way" ref="243560863" role=""/>
  <member type="way" ref="243560864" role=""/>
  <member type="way" ref="243560854" role=""/>
  <member type="way" ref="1145586044" role=""/>
  <member type="way" ref="243560856" role=""/>
  <member type="way" ref="243560867" role=""/>
  <member type="way" ref="243560857" role=""/>
  <member type="way" ref="243560851" role=""/>
  <member type="way" ref="223153577" role=""/>
  <member type="way" ref="223153561" role=""/>
  <member type="way" ref="1081318107" role=""/>
  <member type="way" ref="1081318108" role=""/>
  <member type="way" ref="1081318109" role=""/>
  <member type="way" ref="1082204630" role=""/>
  <member type="way" ref="1222119361" role=""/>
  <member type="way" ref="1222119127" role=""/>
  <member type="way" ref="1145586038" role=""/>
  <member type="way" ref="714334188" role=""/>
  <member type="way" ref="477879665" role=""/>
  <member type="way" ref="1222119027" role=""/>
  <member type="way" ref="1145555774" role=""/>
  <member type="way" ref="24159780" role=""/>
  <member type="way" ref="172524039" role=""/>
  <member type="way" ref="1474054545" role=""/>
  <member type="way" ref="81043315" role=""/>
  <member type="way" ref="512837652" role=""/>
  <member type="way" ref="512837646" role=""/>
  <member type="way" ref="689601773" role=""/>
  <member type="way" ref="689601774" role=""/>
  <member type="way" ref="689601772" role=""/>
  <member type="way" ref="689601771" role=""/>
  <member type="way" ref="708413348" role=""/>
  <member type="way" ref="639572271" role=""/>
  <member type="way" ref="594788170" role=""/>
  <member type="way" ref="594788171" role=""/>
  <member type="way" ref="24159782" role=""/>
  <member type="way" ref="594788172" role=""/>
  <member type="way" ref="60630216" role=""/>
  <member type="way" ref="60630213" role=""/>
  <member type="way" ref="1145555778" role=""/>
  <member type="way" ref="32086263" role=""/>
  <member type="way" ref="1217943703" role=""/>
  <member type="way" ref="1217943704" role=""/>
  <member type="way" ref="1217943780" role=""/>
  <member type="way" ref="1217944252" role=""/>
  <member type="way" ref="1217944253" role=""/>
  <member type="way" ref="1217944320" role=""/>
  <member type="way" ref="1217944685" role=""/>
  <member type="way" ref="1117732496" role=""/>
  <member type="way" ref="1117732495" role=""/>
  <member type="way" ref="1117732497" role=""/>
  <member type="way" ref="1217945016" role=""/>
  <member type="way" ref="710790737" role=""/>
  <member type="way" ref="1145555782" role=""/>
  <member type="way" ref="710790738" role=""/>
  <member type="way" ref="710790736" role=""/>
  <member type="way" ref="710790735" role=""/>
  <member type="way" ref="405419428" role=""/>
  <member type="way" ref="630802982" role=""/>
  <member type="way" ref="1146846314" role=""/>
  <member type="way" ref="53989731" role=""/>
  <member type="way" ref="1146846313" role=""/>
  <member type="way" ref="1146846312" role=""/>
  <member type="way" ref="25657773" role=""/>
  <member type="way" ref="1473915678" role=""/>
  <member type="way" ref="754766132" role=""/>
  <member type="way" ref="60271585" role=""/>
  <member type="way" ref="54355218" role=""/>
  <member type="way" ref="54355223" role=""/>
  <member type="way" ref="1381285101" role=""/>
  <member type="way" ref="1145536306" role=""/>
  <member type="way" ref="1371940853" role=""/>
  <member type="way" ref="610920516" role=""/>
  <member type="way" ref="791188700" role=""/>
  <member type="way" ref="60270356" role=""/>
  <member type="way" ref="791188701" role=""/>
  <member type="way" ref="791188703" role=""/>
  <member type="way" ref="477433207" role=""/>
  <member type="way" ref="125933656" role=""/>
  <member type="way" ref="441626222" role=""/>
  <member type="way" ref="610920517" role=""/>
  <member type="way" ref="60271574" role=""/>
  <member type="way" ref="60271587" role=""/>
  <member type="way" ref="60271589" role=""/>
  <member type="way" ref="1418223856" role=""/>
  <member type="way" ref="1418223857" role=""/>
  <member type="way" ref="122926994" role=""/>
  <member type="way" ref="1147071279" role=""/>
  <member type="way" ref="122926997" role=""/>
  <member type="way" ref="122926998" role=""/>
  <member type="way" ref="54463380" role=""/>
  <member type="way" ref="54463368" role=""/>
  <member type="way" ref="378594477" role=""/>
  <member type="way" ref="123169245" role=""/>
  <member type="way" ref="32083454" role=""/>
  <member type="way" ref="1561510536" role=""/>
  <member type="way" ref="905407490" role=""/>
  <member type="way" ref="899368349" role=""/>
  <member type="way" ref="899368350" role=""/>
  <member type="way" ref="899368351" role=""/>
  <member type="way" ref="1110610847" role=""/>
  <member type="way" ref="1145063145" role=""/>
  <member type="way" ref="1135010201" role=""/>
  <member type="way" ref="61225261" role=""/>
  <member type="way" ref="1146168206" role=""/>
  <member type="way" ref="894062939" role=""/>
  <member type="way" ref="123533035" role=""/>
  <member type="way" ref="438224137" role=""/>
  <member type="way" ref="944090743" role=""/>
  <member type="way" ref="944090744" role=""/>
  <member type="way" ref="944090745" role=""/>
  <member type="way" ref="438224136" role=""/>
  <member type="way" ref="123533034" role=""/>
  <member type="way" ref="1146421450" role=""/>
  <member type="way" ref="474733025" role=""/>
  <member type="way" ref="109830441" role=""/>
  <member type="way" ref="109830440" role=""/>
  <member type="way" ref="474733023" role=""/>
  <member type="way" ref="25993282" role=""/>
  <member type="way" ref="1147507674" role=""/>
  <member type="way" ref="483871327" role=""/>
  <member type="way" ref="109824918" role=""/>
  <member type="way" ref="1093690233" role=""/>
  <tag k="from" v="Владивосток (кампус ДВФУ)"/>
  <tag k="name" v="Автобус 545: Владивосток (кампус ДВФУ) - Михайловка"/>
  <tag k="ref" v="545"/>
  <tag k="route" v="bus"/>
  <tag k="to" v="Михайловка"/>
  <tag k="type" v="route"/>
 </relation>
 <relation id="15488752" visible="true" version="1" changeset="132684371" timestamp="2023-02-17T16:09:28Z" user="Mike Pushen" uid="18399059">
  <member type="relation" ref="15488750" role=""/>
  <member type="relation" ref="15488751" role=""/>
  <tag k="name" v="Автобус 545: Михайловка - Владивосток (кампус ДВФУ)"/>
  <tag k="ref" v="545"/>
  <tag k="route" v="bus"/>
  <tag k="route_master" v="bus"/>
  <tag k="type" v="route_master"/>
 </relation>
 <relation id="16999861" visible="true" version="1" changeset="146018915" timestamp="2024-01-08T08:23:39Z" user="aq123" uid="4289510">
  <member type="way" ref="1237991975" role="from"/>
  <member type="node" ref="4712934052" role="via"/>
  <member type="way" ref="456702744" role="to"/>
  <tag k="restriction" v="only_straight_on"/>
  <tag k="type" v="restriction"/>
 </relation>
</osm>
